00000000000000000000000000000000
00000000000000000000000000000000
00000000000000000000000000000000
00000000000000000000000000000000
00000000000000000000000000000000
00000000000000000000000000000000
00000000000000000000000000000000
00000000000000000000000000000000
00000000000000000000000000000000
00000000000000000000000000000000
00000000000000000000000000000000
00000000000000000000000000000000
00000000000000000000000000000000
00000000000000000000000000000000
00000000000000000000000000000000
00000000000000000000000000000000
00000000000000000000000000000000
00000000000000000000000000000000
00000000000000000000000000000000
00000000000000000000000000000000
00000000000000000000000000000000
00000000000000000000000000000000
00000000000000000000000000000000
00000000000000000000000000000000
00000000000000000000000000000000
00000000000000000000000000000000
00000000000000000000000000000000
00000000000000000000000000000000
00000000000000000000000000000000
00000000000000000000000000000000
00000000000000000000000000000000
00000000000000000000000000000000
00000000000000000000000000000000
00000000000000000000000000000000
00000000000000000000000000000000
00000000000000000000000000000000
00000000000000000000000000000000
00000000000000000000000000000000
00000000000000000000000000000000
00000000000000000000000000000000
00000000000000000000000000000000
00000000000000000000000000000000
00000000000000000000000000000000
00000000000000000000000000000000
00000000000000000000000000000000
00000000000000000000000000000000
00000000000000000000000000000000
00000000000000000000000000000000
00000000000000000000000000000000
00000000000000000000000000000000
00000000000000000000000000000000
00000000000000000000000000000000
00000000000000000000000000000000
00000000000000000000000000000000
00000000000000000000000000000000
00000000000000000000000000000000
00000000000000000000000000000000
00000000000000000000000000000000
00000000000000000000000000000000
00000000000000000000000000000000
00000000000000000000000000000000
00000000000000000000000000000000
00000000000000000000000000000000
00000000000000000000000000000000
00011000000000000000000000000000
00011000001000000000000000000000
00011000010000000000000000000000
00011000011000000000000000000000
00011000100000000000000000000000
00011000101000000000000000000000
00011000110000000000000000000000
00011000111000000000000000000000
00011001000000000000000000000000
00011001001000000000000000000000
00011001010000000000000000000000
00011001011000000000000000000000
00011001100000000000000000000000
00011001101000000000000000000000
00011001110000000000000000000000
00011001111000000000000000000000
00011010000000000000000000000000
00011010001000000000000000000000
00011010010000000000000000000000
00011010011000000000000000000000
00011010100000000000000000000000
00011010101000000000000000000000
00011010110000000000000000000000
00011010111000000000000000000000
00011011000000000000000000000000
00011011001000000000000000000000
00011011010000000000000000000000
00011011011000000000000000000000
00011011100000000000000000000000
00011011101000000000000000000000
00011011110000000000000000000000
00011011111000000000000000000000
10101000001000000000000000000001
11000000000000000000100000010001
11000001010000000000000000000000
00011000100000000000000000000000
10101000100001000010000000110000
01000100000000000010000000000000
00010101000000000000000000000000
00000000000000000000000000000000
00000000000000000000000000000000
00000000000000000000000000000000
00000000000000000000000000000000
00000000000000000000000000000000
00000000000000000000000000000000
00000000000000000000000000000000
00000000000000000000000000000000
00000000000000000000000000000000
00000000000000000000000000000000
00000000000000000000000000000000
00000000000000000000000000000000
00000000000000000000000000000000
00000000000000000000000000000000
00000000000000000000000000000000
00000000000000000000000000000000
00000000000000000000000000000000
00000000000000000000000000000000
00000000000000000000000000000000
00000000000000000000000000000000
00000000000000000000000000000000
00000000000000000000000000000000
00000000000000000000000000000000
00000000000000000000000000000000
00000000000000000000000000000000
11010100000000000000100000000100
00011000001000000000000000000001
10101000001000011001101101010000
10000100001000010000000000000000
11100100000000010000000000000000
00001100000000000000000000000110
00010101000000000000000000000000
00011000001000000000000000000001
10101000001000011001101101010100
00000000000000000000000000000100
10000100001000010000000000000000
10000100001000000000000000000100
10011100001000011111111110000000
10011100001000011111111101111000
11010100000000010001100000001100
10000100011000000000000000000100
11010100000000010001100000000100
11010100000000010010000000010000
00011000011000000000000000000001
10101000011000111001101101010000
10000100100000110000000000000000
10011100100001000000000000000001
11010100000000110010000000000000
10110100011000000000000000010000
00000000000000000100011111011101
10110100100000000000000000100000
00000000000000000000000000000000
00000000000000000000000000000000
00000000000000000000000000000000
00000000000000000000000000000000
00000000000000000000000000000000
00000000000000000000000000000000
00000000000000000000000000000000
00000000000000000000000000000000
00000000000000000000000000000000
00000000000000000000000000000000
00000000000000000000000000000000
00000000000000000000000000000000
00000000000000000000000000000000
00000000000000000000000000000000
00000000000000000000000000000000
00000000000000000000000000000000
00000000000000000000000000000000
00000000000000000000000000000000
00000000000000000000000000000000
00000000000000000000000000000000
00000000000000000000000000000000
00000000000000000000000000000000
00000000000000000000000000000000
00000000000000000000000000000000
00000000000000000000000000000000
00000000000000000000000000000000
00000000000000000000000000000000
00000000000000000000000000000000
00000000000000000000000000000000
00000000000000000000000000000000
00000000000000000000000000000000
00000000000000000000000000000000
00000000000000000000000000000000
00000000000000000000000000000000
00000000000000000000000000000000
00000000000000000000000000000000
00000000000000000000000000000000
00000000000000000000000000000000
11010100000000000000100000000100
00011000001000000000000000000001
10101000001000011001101101010000
10000100001000010000000000000000
11100100000000010000000000000000
00001100000000000000000000000110
00010101000000000000000000000000
00011000001000000000000000000001
10101000001000011001101101010100
00000000000000000000000000000100
10000100001000010000000000000000
10000100001000000000000000000100
10011100001000011111111110000000
10011100001000011111111101111000
11010100000000010001100000001100
10000100011000000000000000000100
11010100000000010001100000000100
11010100000000010010000000010000
00011000011000000000000000000001
10101000011000111001101101010000
10000100100000110000000000000000
10011100100001000000000000000001
11010100000000110010000000000000
10110100011000000000000000010000
00000000000000000100011110011101
10110100100000000000000000100000
00000000000000000000000000000000
00000000000000000000000000000000
00000000000000000000000000000000
00000000000000000000000000000000
00000000000000000000000000000000
00000000000000000000000000000000
00000000000000000000000000000000
00000000000000000000000000000000
00000000000000000000000000000000
00000000000000000000000000000000
00000000000000000000000000000000
00000000000000000000000000000000
00000000000000000000000000000000
00000000000000000000000000000000
00000000000000000000000000000000
00000000000000000000000000000000
00000000000000000000000000000000
00000000000000000000000000000000
00000000000000000000000000000000
00000000000000000000000000000000
00000000000000000000000000000000
00000000000000000000000000000000
00000000000000000000000000000000
00000000000000000000000000000000
00000000000000000000000000000000
00000000000000000000000000000000
00000000000000000000000000000000
00000000000000000000000000000000
00000000000000000000000000000000
00000000000000000000000000000000
00000000000000000000000000000000
00000000000000000000000000000000
00000000000000000000000000000000
00000000000000000000000000000000
00000000000000000000000000000000
00000000000000000000000000000000
00000000000000000000000000000000
00000000000000000000000000000000
11010100000000000000100000000100
00011000001000000000000000000001
10101000001000011001101101010000
10000100001000010000000000000000
11100100000000010000000000000000
00001100000000000000000000000110
00010101000000000000000000000000
00011000001000000000000000000001
10101000001000011001101101010100
00000000000000000000000000000100
10000100001000010000000000000000
10000100001000000000000000000100
10011100001000011111111110000000
10011100001000011111111101111000
11010100000000010001100000001100
10000100011000000000000000000100
11010100000000010001100000000100
11010100000000010010000000010000
00011000011000000000000000000001
10101000011000111001101101010000
10000100100000110000000000000000
10011100100001000000000000000001
11010100000000110010000000000000
10110100011000000000000000010000
00000000000000000100011101011101
10110100100000000000000000100000
00000000000000000000000000000000
00000000000000000000000000000000
00000000000000000000000000000000
00000000000000000000000000000000
00000000000000000000000000000000
00000000000000000000000000000000
00000000000000000000000000000000
00000000000000000000000000000000
00000000000000000000000000000000
00000000000000000000000000000000
00000000000000000000000000000000
00000000000000000000000000000000
00000000000000000000000000000000
00000000000000000000000000000000
00000000000000000000000000000000
00000000000000000000000000000000
00000000000000000000000000000000
00000000000000000000000000000000
00000000000000000000000000000000
00000000000000000000000000000000
00000000000000000000000000000000
00000000000000000000000000000000
00000000000000000000000000000000
00000000000000000000000000000000
00000000000000000000000000000000
00000000000000000000000000000000
00000000000000000000000000000000
00000000000000000000000000000000
00000000000000000000000000000000
00000000000000000000000000000000
00000000000000000000000000000000
00000000000000000000000000000000
00000000000000000000000000000000
00000000000000000000000000000000
00000000000000000000000000000000
00000000000000000000000000000000
00000000000000000000000000000000
00000000000000000000000000000000
11010100000000000000100000000100
00011000001000000000000000000001
10101000001000011001101101010000
10000100001000010000000000000000
11100100000000010000000000000000
00001100000000000000000000000110
00010101000000000000000000000000
00011000001000000000000000000001
10101000001000011001101101010100
00000000000000000000000000000100
10000100001000010000000000000000
10000100001000000000000000000100
10011100001000011111111110000000
10011100001000011111111101111000
11010100000000010001100000001100
10000100011000000000000000000100
11010100000000010001100000000100
11010100000000010010000000010000
00011000011000000000000000000001
10101000011000111001101101010000
10000100100000110000000000000000
10011100100001000000000000000001
11010100000000110010000000000000
10110100011000000000000000010000
00000000000000000100011100011101
10110100100000000000000000100000
00000000000000000000000000000000
00000000000000000000000000000000
00000000000000000000000000000000
00000000000000000000000000000000
00000000000000000000000000000000
00000000000000000000000000000000
00000000000000000000000000000000
00000000000000000000000000000000
00000000000000000000000000000000
00000000000000000000000000000000
00000000000000000000000000000000
00000000000000000000000000000000
00000000000000000000000000000000
00000000000000000000000000000000
00000000000000000000000000000000
00000000000000000000000000000000
00000000000000000000000000000000
00000000000000000000000000000000
00000000000000000000000000000000
00000000000000000000000000000000
00000000000000000000000000000000
00000000000000000000000000000000
00000000000000000000000000000000
00000000000000000000000000000000
00000000000000000000000000000000
00000000000000000000000000000000
00000000000000000000000000000000
00000000000000000000000000000000
00000000000000000000000000000000
00000000000000000000000000000000
00000000000000000000000000000000
00000000000000000000000000000000
00000000000000000000000000000000
00000000000000000000000000000000
00000000000000000000000000000000
00000000000000000000000000000000
00000000000000000000000000000000
00000000000000000000000000000000
11010100000000000000100000000100
00011000001000000000000000000001
10101000001000011001101101010000
10000100001000010000000000000000
11100100000000010000000000000000
00001100000000000000000000000110
00010101000000000000000000000000
00011000001000000000000000000001
10101000001000011001101101010100
00000000000000000000000000000100
10000100001000010000000000000000
10000100001000000000000000000100
10011100001000011111111110000000
10011100001000011111111101111000
11010100000000010001100000001100
10000100011000000000000000000100
11010100000000010001100000000100
11010100000000010010000000010000
00011000011000000000000000000001
10101000011000111001101101010000
10000100100000110000000000000000
10011100100001000000000000000001
11010100000000110010000000000000
10110100011000000000000000010000
00000000000000000100011011011101
10110100100000000000000000100000
00000000000000000000000000000000
00000000000000000000000000000000
00000000000000000000000000000000
00000000000000000000000000000000
00000000000000000000000000000000
00000000000000000000000000000000
00000000000000000000000000000000
00000000000000000000000000000000
00000000000000000000000000000000
00000000000000000000000000000000
00000000000000000000000000000000
00000000000000000000000000000000
00000000000000000000000000000000
00000000000000000000000000000000
00000000000000000000000000000000
00000000000000000000000000000000
00000000000000000000000000000000
00000000000000000000000000000000
00000000000000000000000000000000
00000000000000000000000000000000
00000000000000000000000000000000
00000000000000000000000000000000
00000000000000000000000000000000
00000000000000000000000000000000
00000000000000000000000000000000
00000000000000000000000000000000
00000000000000000000000000000000
00000000000000000000000000000000
00000000000000000000000000000000
00000000000000000000000000000000
00000000000000000000000000000000
00000000000000000000000000000000
00000000000000000000000000000000
00000000000000000000000000000000
00000000000000000000000000000000
00000000000000000000000000000000
00000000000000000000000000000000
00000000000000000000000000000000
11010100000000000000100000000100
00011000001000000000000000000001
10101000001000011001101101010000
10000100001000010000000000000000
11100100000000010000000000000000
00001100000000000000000000000110
00010101000000000000000000000000
00011000001000000000000000000001
10101000001000011001101101010100
00000000000000000000000000000100
10000100001000010000000000000000
10000100001000000000000000000100
10011100001000011111111110000000
10011100001000011111111101111000
11010100000000010001100000001100
10000100011000000000000000000100
11010100000000010001100000000100
11010100000000010010000000010000
00011000011000000000000000000001
10101000011000111001101101010000
10000100100000110000000000000000
10011100100001000000000000000001
11010100000000110010000000000000
10110100011000000000000000010000
00000000000000000100011010011101
10110100100000000000000000100000
00000000000000000000000000000000
00000000000000000000000000000000
00000000000000000000000000000000
00000000000000000000000000000000
00000000000000000000000000000000
00000000000000000000000000000000
00000000000000000000000000000000
00000000000000000000000000000000
00000000000000000000000000000000
00000000000000000000000000000000
00000000000000000000000000000000
00000000000000000000000000000000
00000000000000000000000000000000
00000000000000000000000000000000
00000000000000000000000000000000
00000000000000000000000000000000
00000000000000000000000000000000
00000000000000000000000000000000
00000000000000000000000000000000
00000000000000000000000000000000
00000000000000000000000000000000
00000000000000000000000000000000
00000000000000000000000000000000
00000000000000000000000000000000
00000000000000000000000000000000
00000000000000000000000000000000
00000000000000000000000000000000
00000000000000000000000000000000
00000000000000000000000000000000
00000000000000000000000000000000
00000000000000000000000000000000
00000000000000000000000000000000
00000000000000000000000000000000
00000000000000000000000000000000
00000000000000000000000000000000
00000000000000000000000000000000
00000000000000000000000000000000
00000000000000000000000000000000
11010100000000000000100000000100
00011000001000000000000000000001
10101000001000011001101101010000
10000100001000010000000000000000
11100100000000010000000000000000
00001100000000000000000000000110
00010101000000000000000000000000
00011000001000000000000000000001
10101000001000011001101101010100
00000000000000000000000000000100
10000100001000010000000000000000
10000100001000000000000000000100
10011100001000011111111110000000
10011100001000011111111101111000
11010100000000010001100000001100
10000100011000000000000000000100
11010100000000010001100000000100
11010100000000010010000000010000
00011000011000000000000000000001
10101000011000111001101101010000
10000100100000110000000000000000
10011100100001000000000000000001
11010100000000110010000000000000
10110100011000000000000000010000
00000000000000000100011001011101
10110100100000000000000000100000
00000000000000000000000000000000
00000000000000000000000000000000
00000000000000000000000000000000
00000000000000000000000000000000
00000000000000000000000000000000
00000000000000000000000000000000
00000000000000000000000000000000
00000000000000000000000000000000
00000000000000000000000000000000
00000000000000000000000000000000
00000000000000000000000000000000
00000000000000000000000000000000
00000000000000000000000000000000
00000000000000000000000000000000
00000000000000000000000000000000
00000000000000000000000000000000
00000000000000000000000000000000
00000000000000000000000000000000
00000000000000000000000000000000
00000000000000000000000000000000
00000000000000000000000000000000
00000000000000000000000000000000
00000000000000000000000000000000
00000000000000000000000000000000
00000000000000000000000000000000
00000000000000000000000000000000
00000000000000000000000000000000
00000000000000000000000000000000
00000000000000000000000000000000
00000000000000000000000000000000
00000000000000000000000000000000
00000000000000000000000000000000
00000000000000000000000000000000
00000000000000000000000000000000
00000000000000000000000000000000
00000000000000000000000000000000
00000000000000000000000000000000
00000000000000000000000000000000
11010100000000000000100000000100
00011000001000000000000000000001
10101000001000011001101101010000
10000100001000010000000000000000
11100100000000010000000000000000
00001100000000000000000000000110
00010101000000000000000000000000
00011000001000000000000000000001
10101000001000011001101101010100
00000000000000000000000000000100
10000100001000010000000000000000
10000100001000000000000000000100
10011100001000011111111110000000
10011100001000011111111101111000
11010100000000010001100000001100
10000100011000000000000000000100
11010100000000010001100000000100
11010100000000010010000000010000
00011000011000000000000000000001
10101000011000111001101101010000
10000100100000110000000000000000
10011100100001000000000000000001
11010100000000110010000000000000
10110100011000000000000000010000
00000000000000000100011000011101
10110100100000000000000000100000
00000000000000000000000000000000
00000000000000000000000000000000
00000000000000000000000000000000
00000000000000000000000000000000
00000000000000000000000000000000
00000000000000000000000000000000
00000000000000000000000000000000
00000000000000000000000000000000
00000000000000000000000000000000
00000000000000000000000000000000
00000000000000000000000000000000
00000000000000000000000000000000
00000000000000000000000000000000
00000000000000000000000000000000
00000000000000000000000000000000
00000000000000000000000000000000
00000000000000000000000000000000
00000000000000000000000000000000
00000000000000000000000000000000
00000000000000000000000000000000
00000000000000000000000000000000
00000000000000000000000000000000
00000000000000000000000000000000
00000000000000000000000000000000
00000000000000000000000000000000
00000000000000000000000000000000
00000000000000000000000000000000
00000000000000000000000000000000
00000000000000000000000000000000
00000000000000000000000000000000
00000000000000000000000000000000
00000000000000000000000000000000
00000000000000000000000000000000
00000000000000000000000000000000
00000000000000000000000000000000
00000000000000000000000000000000
00000000000000000000000000000000
00000000000000000000000000000000
11010100000000000000100000000100
00011000001000000000000000000001
10101000001000011001101101010000
10000100001000010000000000000000
11100100000000010000000000000000
00001100000000000000000000000110
00010101000000000000000000000000
00011000001000000000000000000001
10101000001000011001101101010100
00000000000000000000000000000100
10000100001000010000000000000000
10000100001000000000000000000100
10011100001000011111111110000000
10011100001000011111111101111000
11010100000000010001100000001100
10000100011000000000000000000100
11010100000000010001100000000100
11010100000000010010000000010000
00011000011000000000000000000001
10101000011000111001101101010000
10000100100000110000000000000000
10011100100001000000000000000001
11010100000000110010000000000000
10110100011000000000000000010000
00000000000000000100010111011101
10110100100000000000000000100000
00000000000000000000000000000000
00000000000000000000000000000000
00000000000000000000000000000000
00000000000000000000000000000000
00000000000000000000000000000000
00000000000000000000000000000000
00000000000000000000000000000000
00000000000000000000000000000000
00000000000000000000000000000000
00000000000000000000000000000000
00000000000000000000000000000000
00000000000000000000000000000000
00000000000000000000000000000000
00000000000000000000000000000000
00000000000000000000000000000000
00000000000000000000000000000000
00000000000000000000000000000000
00000000000000000000000000000000
00000000000000000000000000000000
00000000000000000000000000000000
00000000000000000000000000000000
00000000000000000000000000000000
00000000000000000000000000000000
00000000000000000000000000000000
00000000000000000000000000000000
00000000000000000000000000000000
00000000000000000000000000000000
00000000000000000000000000000000
00000000000000000000000000000000
00000000000000000000000000000000
00000000000000000000000000000000
00000000000000000000000000000000
00000000000000000000000000000000
00000000000000000000000000000000
00000000000000000000000000000000
00000000000000000000000000000000
00000000000000000000000000000000
00000000000000000000000000000000
11010100000000000000100000000100
00011000001000000000000000000001
10101000001000011001101101010000
10000100001000010000000000000000
11100100000000010000000000000000
00001100000000000000000000000110
00010101000000000000000000000000
00011000001000000000000000000001
10101000001000011001101101010100
00000000000000000000000000000100
10000100001000010000000000000000
10000100001000000000000000000100
10011100001000011111111110000000
10011100001000011111111101111000
11010100000000010001100000001100
10000100011000000000000000000100
11010100000000010001100000000100
11010100000000010010000000010000
00011000011000000000000000000001
10101000011000111001101101010000
10000100100000110000000000000000
10011100100001000000000000000001
11010100000000110010000000000000
10110100011000000000000000010000
00000000000000000100010110011101
10110100100000000000000000100000
00000000000000000000000000000000
00000000000000000000000000000000
00000000000000000000000000000000
00000000000000000000000000000000
00000000000000000000000000000000
00000000000000000000000000000000
00000000000000000000000000000000
00000000000000000000000000000000
00000000000000000000000000000000
00000000000000000000000000000000
00000000000000000000000000000000
00000000000000000000000000000000
00000000000000000000000000000000
00000000000000000000000000000000
00000000000000000000000000000000
00000000000000000000000000000000
00000000000000000000000000000000
00000000000000000000000000000000
00000000000000000000000000000000
00000000000000000000000000000000
00000000000000000000000000000000
00000000000000000000000000000000
00000000000000000000000000000000
00000000000000000000000000000000
00000000000000000000000000000000
00000000000000000000000000000000
00000000000000000000000000000000
00000000000000000000000000000000
00000000000000000000000000000000
00000000000000000000000000000000
00000000000000000000000000000000
00000000000000000000000000000000
00000000000000000000000000000000
00000000000000000000000000000000
00000000000000000000000000000000
00000000000000000000000000000000
00000000000000000000000000000000
00000000000000000000000000000000
11010100000000000000100000000100
00011000001000000000000000000001
10101000001000011001101101010000
10000100001000010000000000000000
11100100000000010000000000000000
00001100000000000000000000000110
00010101000000000000000000000000
00011000001000000000000000000001
10101000001000011001101101010100
00000000000000000000000000000100
10000100001000010000000000000000
10000100001000000000000000000100
10011100001000011111111110000000
10011100001000011111111101111000
11010100000000010001100000001100
10000100011000000000000000000100
11010100000000010001100000000100
11010100000000010010000000010000
00011000011000000000000000000001
10101000011000111001101101010000
10000100100000110000000000000000
10011100100001000000000000000001
11010100000000110010000000000000
10110100011000000000000000010000
00000000000000000100010101011101
10110100100000000000000000100000
00000000000000000000000000000000
00000000000000000000000000000000
00000000000000000000000000000000
00000000000000000000000000000000
00000000000000000000000000000000
00000000000000000000000000000000
00000000000000000000000000000000
00000000000000000000000000000000
00000000000000000000000000000000
00000000000000000000000000000000
00000000000000000000000000000000
00000000000000000000000000000000
00000000000000000000000000000000
00000000000000000000000000000000
00000000000000000000000000000000
00000000000000000000000000000000
00000000000000000000000000000000
00000000000000000000000000000000
00000000000000000000000000000000
00000000000000000000000000000000
00000000000000000000000000000000
00000000000000000000000000000000
00000000000000000000000000000000
00000000000000000000000000000000
00000000000000000000000000000000
00000000000000000000000000000000
00000000000000000000000000000000
00000000000000000000000000000000
00000000000000000000000000000000
00000000000000000000000000000000
00000000000000000000000000000000
00000000000000000000000000000000
00000000000000000000000000000000
00000000000000000000000000000000
00000000000000000000000000000000
00000000000000000000000000000000
00000000000000000000000000000000
00000000000000000000000000000000
11010100000000000000100000000100
00011000001000000000000000000001
10101000001000011001101101010000
10000100001000010000000000000000
11100100000000010000000000000000
00001100000000000000000000000110
00010101000000000000000000000000
00011000001000000000000000000001
10101000001000011001101101010100
00000000000000000000000000000100
10000100001000010000000000000000
10000100001000000000000000000100
10011100001000011111111110000000
10011100001000011111111101111000
11010100000000010001100000001100
10000100011000000000000000000100
11010100000000010001100000000100
11010100000000010010000000010000
00011000011000000000000000000001
10101000011000111001101101010000
10000100100000110000000000000000
10011100100001000000000000000001
11010100000000110010000000000000
10110100011000000000000000010000
00000000000000000100010100011101
10110100100000000000000000100000
00000000000000000000000000000000
00000000000000000000000000000000
00000000000000000000000000000000
00000000000000000000000000000000
00000000000000000000000000000000
00000000000000000000000000000000
00000000000000000000000000000000
00000000000000000000000000000000
00000000000000000000000000000000
00000000000000000000000000000000
00000000000000000000000000000000
00000000000000000000000000000000
00000000000000000000000000000000
00000000000000000000000000000000
00000000000000000000000000000000
00000000000000000000000000000000
00000000000000000000000000000000
00000000000000000000000000000000
00000000000000000000000000000000
00000000000000000000000000000000
00000000000000000000000000000000
00000000000000000000000000000000
00000000000000000000000000000000
00000000000000000000000000000000
00000000000000000000000000000000
00000000000000000000000000000000
00000000000000000000000000000000
00000000000000000000000000000000
00000000000000000000000000000000
00000000000000000000000000000000
00000000000000000000000000000000
00000000000000000000000000000000
00000000000000000000000000000000
00000000000000000000000000000000
00000000000000000000000000000000
00000000000000000000000000000000
00000000000000000000000000000000
00000000000000000000000000000000
11010100000000000000100000000100
00011000001000000000000000000001
10101000001000011001101101010000
10000100001000010000000000000000
11100100000000010000000000000000
00001100000000000000000000000110
00010101000000000000000000000000
00011000001000000000000000000001
10101000001000011001101101010100
00000000000000000000000000000100
10000100001000010000000000000000
10000100001000000000000000000100
10011100001000011111111110000000
10011100001000011111111101111000
11010100000000010001100000001100
10000100011000000000000000000100
11010100000000010001100000000100
11010100000000010010000000010000
00011000011000000000000000000001
10101000011000111001101101010000
10000100100000110000000000000000
10011100100001000000000000000001
11010100000000110010000000000000
10110100011000000000000000010000
00000000000000000100010011011101
10110100100000000000000000100000
00000000000000000000000000000000
00000000000000000000000000000000
00000000000000000000000000000000
00000000000000000000000000000000
00000000000000000000000000000000
00000000000000000000000000000000
00000000000000000000000000000000
00000000000000000000000000000000
00000000000000000000000000000000
00000000000000000000000000000000
00000000000000000000000000000000
00000000000000000000000000000000
00000000000000000000000000000000
00000000000000000000000000000000
00000000000000000000000000000000
00000000000000000000000000000000
00000000000000000000000000000000
00000000000000000000000000000000
00000000000000000000000000000000
00000000000000000000000000000000
00000000000000000000000000000000
00000000000000000000000000000000
00000000000000000000000000000000
00000000000000000000000000000000
00000000000000000000000000000000
00000000000000000000000000000000
00000000000000000000000000000000
00000000000000000000000000000000
00000000000000000000000000000000
00000000000000000000000000000000
00000000000000000000000000000000
00000000000000000000000000000000
00000000000000000000000000000000
00000000000000000000000000000000
00000000000000000000000000000000
00000000000000000000000000000000
00000000000000000000000000000000
00000000000000000000000000000000
11010100000000000000100000000100
00011000001000000000000000000001
10101000001000011001101101010000
10000100001000010000000000000000
11100100000000010000000000000000
00001100000000000000000000000110
00010101000000000000000000000000
00011000001000000000000000000001
10101000001000011001101101010100
00000000000000000000000000000100
10000100001000010000000000000000
10000100001000000000000000000100
10011100001000011111111110000000
10011100001000011111111101111000
11010100000000010001100000001100
10000100011000000000000000000100
11010100000000010001100000000100
11010100000000010010000000010000
00011000011000000000000000000001
10101000011000111001101101010000
10000100100000110000000000000000
10011100100001000000000000000001
11010100000000110010000000000000
10110100011000000000000000010000
00000000000000000100010010011101
10110100100000000000000000100000
00000000000000000000000000000000
00000000000000000000000000000000
00000000000000000000000000000000
00000000000000000000000000000000
00000000000000000000000000000000
00000000000000000000000000000000
00000000000000000000000000000000
00000000000000000000000000000000
00000000000000000000000000000000
00000000000000000000000000000000
00000000000000000000000000000000
00000000000000000000000000000000
00000000000000000000000000000000
00000000000000000000000000000000
00000000000000000000000000000000
00000000000000000000000000000000
00000000000000000000000000000000
00000000000000000000000000000000
00000000000000000000000000000000
00000000000000000000000000000000
00000000000000000000000000000000
00000000000000000000000000000000
00000000000000000000000000000000
00000000000000000000000000000000
00000000000000000000000000000000
00000000000000000000000000000000
00000000000000000000000000000000
00000000000000000000000000000000
00000000000000000000000000000000
00000000000000000000000000000000
00000000000000000000000000000000
00000000000000000000000000000000
00000000000000000000000000000000
00000000000000000000000000000000
00000000000000000000000000000000
00000000000000000000000000000000
00000000000000000000000000000000
00000000000000000000000000000000
11010100000000000000100000000100
00011000001000000000000000000001
10101000001000011001101101010000
10000100001000010000000000000000
11100100000000010000000000000000
00001100000000000000000000000110
00010101000000000000000000000000
00011000001000000000000000000001
10101000001000011001101101010100
00000000000000000000000000000100
10000100001000010000000000000000
10000100001000000000000000000100
10011100001000011111111110000000
10011100001000011111111101111000
11010100000000010001100000001100
10000100011000000000000000000100
11010100000000010001100000000100
11010100000000010010000000010000
00011000011000000000000000000001
10101000011000111001101101010000
10000100100000110000000000000000
10011100100001000000000000000001
11010100000000110010000000000000
10110100011000000000000000010000
00000000000000000100010001011101
10110100100000000000000000100000
00000000000000000000000000000000
00000000000000000000000000000000
00000000000000000000000000000000
00000000000000000000000000000000
00000000000000000000000000000000
00000000000000000000000000000000
00000000000000000000000000000000
00000000000000000000000000000000
00000000000000000000000000000000
00000000000000000000000000000000
00000000000000000000000000000000
00000000000000000000000000000000
00000000000000000000000000000000
00000000000000000000000000000000
00000000000000000000000000000000
00000000000000000000000000000000
00000000000000000000000000000000
00000000000000000000000000000000
00000000000000000000000000000000
00000000000000000000000000000000
00000000000000000000000000000000
00000000000000000000000000000000
00000000000000000000000000000000
00000000000000000000000000000000
00000000000000000000000000000000
00000000000000000000000000000000
00000000000000000000000000000000
00000000000000000000000000000000
00000000000000000000000000000000
00000000000000000000000000000000
00000000000000000000000000000000
00000000000000000000000000000000
00000000000000000000000000000000
00000000000000000000000000000000
00000000000000000000000000000000
00000000000000000000000000000000
00000000000000000000000000000000
00000000000000000000000000000000
11010100000000000000100000000100
00011000001000000000000000000001
10101000001000011001101101010000
10000100001000010000000000000000
11100100000000010000000000000000
00001100000000000000000000000110
00010101000000000000000000000000
00011000001000000000000000000001
10101000001000011001101101010100
00000000000000000000000000000100
10000100001000010000000000000000
10000100001000000000000000000100
10011100001000011111111110000000
10011100001000011111111101111000
11010100000000010001100000001100
10000100011000000000000000000100
11010100000000010001100000000100
11010100000000010010000000010000
00011000011000000000000000000001
10101000011000111001101101010000
10000100100000110000000000000000
10011100100001000000000000000001
11010100000000110010000000000000
10110100011000000000000000010000
00000000000000000100010000011101
10110100100000000000000000100000
00000000000000000000000000000000
00000000000000000000000000000000
00000000000000000000000000000000
00000000000000000000000000000000
00000000000000000000000000000000
00000000000000000000000000000000
00000000000000000000000000000000
00000000000000000000000000000000
00000000000000000000000000000000
00000000000000000000000000000000
00000000000000000000000000000000
00000000000000000000000000000000
00000000000000000000000000000000
00000000000000000000000000000000
00000000000000000000000000000000
00000000000000000000000000000000
00000000000000000000000000000000
00000000000000000000000000000000
00000000000000000000000000000000
00000000000000000000000000000000
00000000000000000000000000000000
00000000000000000000000000000000
00000000000000000000000000000000
00000000000000000000000000000000
00000000000000000000000000000000
00000000000000000000000000000000
00000000000000000000000000000000
00000000000000000000000000000000
00000000000000000000000000000000
00000000000000000000000000000000
00000000000000000000000000000000
00000000000000000000000000000000
00000000000000000000000000000000
00000000000000000000000000000000
00000000000000000000000000000000
00000000000000000000000000000000
00000000000000000000000000000000
00000000000000000000000000000000
11010100000000000000100000000100
00011000001000000000000000000001
10101000001000011001101101010000
10000100001000010000000000000000
11100100000000010000000000000000
00001100000000000000000000000110
00010101000000000000000000000000
00011000001000000000000000000001
10101000001000011001101101010100
00000000000000000000000000000100
10000100001000010000000000000000
10000100001000000000000000000100
10011100001000011111111110000000
10011100001000011111111101111000
11010100000000010001100000001100
10000100011000000000000000000100
11010100000000010001100000000100
11010100000000010010000000010000
00011000011000000000000000000001
10101000011000111001101101010000
10000100100000110000000000000000
10011100100001000000000000000001
11010100000000110010000000000000
10110100011000000000000000010000
00000000000000000100001111011101
10110100100000000000000000100000
00000000000000000000000000000000
00000000000000000000000000000000
00000000000000000000000000000000
00000000000000000000000000000000
00000000000000000000000000000000
00000000000000000000000000000000
00000000000000000000000000000000
00000000000000000000000000000000
00000000000000000000000000000000
00000000000000000000000000000000
00000000000000000000000000000000
00000000000000000000000000000000
00000000000000000000000000000000
00000000000000000000000000000000
00000000000000000000000000000000
00000000000000000000000000000000
00000000000000000000000000000000
00000000000000000000000000000000
00000000000000000000000000000000
00000000000000000000000000000000
00000000000000000000000000000000
00000000000000000000000000000000
00000000000000000000000000000000
00000000000000000000000000000000
00000000000000000000000000000000
00000000000000000000000000000000
00000000000000000000000000000000
00000000000000000000000000000000
00000000000000000000000000000000
00000000000000000000000000000000
00000000000000000000000000000000
00000000000000000000000000000000
00000000000000000000000000000000
00000000000000000000000000000000
00000000000000000000000000000000
00000000000000000000000000000000
00000000000000000000000000000000
00000000000000000000000000000000
11010100000000000000100000000100
00011000001000000000000000000001
10101000001000011001101101010000
10000100001000010000000000000000
11100100000000010000000000000000
00001100000000000000000000000110
00010101000000000000000000000000
00011000001000000000000000000001
10101000001000011001101101010100
00000000000000000000000000000100
10000100001000010000000000000000
10000100001000000000000000000100
10011100001000011111111110000000
10011100001000011111111101111000
11010100000000010001100000001100
10000100011000000000000000000100
11010100000000010001100000000100
11010100000000010010000000010000
00011000011000000000000000000001
10101000011000111001101101010000
10000100100000110000000000000000
10011100100001000000000000000001
11010100000000110010000000000000
10110100011000000000000000010000
00000000000000000100001110011101
10110100100000000000000000100000
00000000000000000000000000000000
00000000000000000000000000000000
00000000000000000000000000000000
00000000000000000000000000000000
00000000000000000000000000000000
00000000000000000000000000000000
00000000000000000000000000000000
00000000000000000000000000000000
00000000000000000000000000000000
00000000000000000000000000000000
00000000000000000000000000000000
00000000000000000000000000000000
00000000000000000000000000000000
00000000000000000000000000000000
00000000000000000000000000000000
00000000000000000000000000000000
00000000000000000000000000000000
00000000000000000000000000000000
00000000000000000000000000000000
00000000000000000000000000000000
00000000000000000000000000000000
00000000000000000000000000000000
00000000000000000000000000000000
00000000000000000000000000000000
00000000000000000000000000000000
00000000000000000000000000000000
00000000000000000000000000000000
00000000000000000000000000000000
00000000000000000000000000000000
00000000000000000000000000000000
00000000000000000000000000000000
00000000000000000000000000000000
00000000000000000000000000000000
00000000000000000000000000000000
00000000000000000000000000000000
00000000000000000000000000000000
00000000000000000000000000000000
00000000000000000000000000000000
11010100000000000000100000000100
00011000001000000000000000000001
10101000001000011001101101010000
10000100001000010000000000000000
11100100000000010000000000000000
00001100000000000000000000000110
00010101000000000000000000000000
00011000001000000000000000000001
10101000001000011001101101010100
00000000000000000000000000000100
10000100001000010000000000000000
10000100001000000000000000000100
10011100001000011111111110000000
10011100001000011111111101111000
11010100000000010001100000001100
10000100011000000000000000000100
11010100000000010001100000000100
11010100000000010010000000010000
00011000011000000000000000000001
10101000011000111001101101010000
10000100100000110000000000000000
10011100100001000000000000000001
11010100000000110010000000000000
10110100011000000000000000010000
00000000000000000100001101011101
10110100100000000000000000100000
00000000000000000000000000000000
00000000000000000000000000000000
00000000000000000000000000000000
00000000000000000000000000000000
00000000000000000000000000000000
00000000000000000000000000000000
00000000000000000000000000000000
00000000000000000000000000000000
00000000000000000000000000000000
00000000000000000000000000000000
00000000000000000000000000000000
00000000000000000000000000000000
00000000000000000000000000000000
00000000000000000000000000000000
00000000000000000000000000000000
00000000000000000000000000000000
00000000000000000000000000000000
00000000000000000000000000000000
00000000000000000000000000000000
00000000000000000000000000000000
00000000000000000000000000000000
00000000000000000000000000000000
00000000000000000000000000000000
00000000000000000000000000000000
00000000000000000000000000000000
00000000000000000000000000000000
00000000000000000000000000000000
00000000000000000000000000000000
00000000000000000000000000000000
00000000000000000000000000000000
00000000000000000000000000000000
00000000000000000000000000000000
00000000000000000000000000000000
00000000000000000000000000000000
00000000000000000000000000000000
00000000000000000000000000000000
00000000000000000000000000000000
00000000000000000000000000000000
11010100000000000000100000000100
00011000001000000000000000000001
10101000001000011001101101010000
10000100001000010000000000000000
11100100000000010000000000000000
00001100000000000000000000000110
00010101000000000000000000000000
00011000001000000000000000000001
10101000001000011001101101010100
00000000000000000000000000000100
10000100001000010000000000000000
10000100001000000000000000000100
10011100001000011111111110000000
10011100001000011111111101111000
11010100000000010001100000001100
10000100011000000000000000000100
11010100000000010001100000000100
11010100000000010010000000010000
00011000011000000000000000000001
10101000011000111001101101010000
10000100100000110000000000000000
10011100100001000000000000000001
11010100000000110010000000000000
10110100011000000000000000010000
00000000000000000100001100011101
10110100100000000000000000100000
00000000000000000000000000000000
00000000000000000000000000000000
00000000000000000000000000000000
00000000000000000000000000000000
00000000000000000000000000000000
00000000000000000000000000000000
00000000000000000000000000000000
00000000000000000000000000000000
00000000000000000000000000000000
00000000000000000000000000000000
00000000000000000000000000000000
00000000000000000000000000000000
00000000000000000000000000000000
00000000000000000000000000000000
00000000000000000000000000000000
00000000000000000000000000000000
00000000000000000000000000000000
00000000000000000000000000000000
00000000000000000000000000000000
00000000000000000000000000000000
00000000000000000000000000000000
00000000000000000000000000000000
00000000000000000000000000000000
00000000000000000000000000000000
00000000000000000000000000000000
00000000000000000000000000000000
00000000000000000000000000000000
00000000000000000000000000000000
00000000000000000000000000000000
00000000000000000000000000000000
00000000000000000000000000000000
00000000000000000000000000000000
00000000000000000000000000000000
00000000000000000000000000000000
00000000000000000000000000000000
00000000000000000000000000000000
00000000000000000000000000000000
00000000000000000000000000000000
11010100000000000000100000000100
00011000001000000000000000000001
10101000001000011001101101010000
10000100001000010000000000000000
11100100000000010000000000000000
00001100000000000000000000000110
00010101000000000000000000000000
00011000001000000000000000000001
10101000001000011001101101010100
00000000000000000000000000000100
10000100001000010000000000000000
10000100001000000000000000000100
10011100001000011111111110000000
10011100001000011111111101111000
11010100000000010001100000001100
10000100011000000000000000000100
11010100000000010001100000000100
11010100000000010010000000010000
00011000011000000000000000000001
10101000011000111001101101010000
10000100100000110000000000000000
10011100100001000000000000000001
11010100000000110010000000000000
10110100011000000000000000010000
00000000000000000100001011011101
10110100100000000000000000100000
00000000000000000000000000000000
00000000000000000000000000000000
00000000000000000000000000000000
00000000000000000000000000000000
00000000000000000000000000000000
00000000000000000000000000000000
00000000000000000000000000000000
00000000000000000000000000000000
00000000000000000000000000000000
00000000000000000000000000000000
00000000000000000000000000000000
00000000000000000000000000000000
00000000000000000000000000000000
00000000000000000000000000000000
00000000000000000000000000000000
00000000000000000000000000000000
00000000000000000000000000000000
00000000000000000000000000000000
00000000000000000000000000000000
00000000000000000000000000000000
00000000000000000000000000000000
00000000000000000000000000000000
00000000000000000000000000000000
00000000000000000000000000000000
00000000000000000000000000000000
00000000000000000000000000000000
00000000000000000000000000000000
00000000000000000000000000000000
00000000000000000000000000000000
00000000000000000000000000000000
00000000000000000000000000000000
00000000000000000000000000000000
00000000000000000000000000000000
00000000000000000000000000000000
00000000000000000000000000000000
00000000000000000000000000000000
00000000000000000000000000000000
00000000000000000000000000000000
11010100000000000000100000000100
00011000001000000000000000000001
10101000001000011001101101010000
10000100001000010000000000000000
11100100000000010000000000000000
00001100000000000000000000000110
00010101000000000000000000000000
00011000001000000000000000000001
10101000001000011001101101010100
00000000000000000000000000000100
10000100001000010000000000000000
10000100001000000000000000000100
10011100001000011111111110000000
10011100001000011111111101111000
11010100000000010001100000001100
10000100011000000000000000000100
11010100000000010001100000000100
11010100000000010010000000010000
00011000011000000000000000000001
10101000011000111001101101010000
10000100100000110000000000000000
10011100100001000000000000000001
11010100000000110010000000000000
10110100011000000000000000010000
00000000000000000100001010011101
10110100100000000000000000100000
00000000000000000000000000000000
00000000000000000000000000000000
00000000000000000000000000000000
00000000000000000000000000000000
00000000000000000000000000000000
00000000000000000000000000000000
00000000000000000000000000000000
00000000000000000000000000000000
00000000000000000000000000000000
00000000000000000000000000000000
00000000000000000000000000000000
00000000000000000000000000000000
00000000000000000000000000000000
00000000000000000000000000000000
00000000000000000000000000000000
00000000000000000000000000000000
00000000000000000000000000000000
00000000000000000000000000000000
00000000000000000000000000000000
00000000000000000000000000000000
00000000000000000000000000000000
00000000000000000000000000000000
00000000000000000000000000000000
00000000000000000000000000000000
00000000000000000000000000000000
00000000000000000000000000000000
00000000000000000000000000000000
00000000000000000000000000000000
00000000000000000000000000000000
00000000000000000000000000000000
00000000000000000000000000000000
00000000000000000000000000000000
00000000000000000000000000000000
00000000000000000000000000000000
00000000000000000000000000000000
00000000000000000000000000000000
00000000000000000000000000000000
00000000000000000000000000000000
11010100000000000000100000000100
00011000001000000000000000000001
10101000001000011001101101010000
10000100001000010000000000000000
11100100000000010000000000000000
00001100000000000000000000000110
00010101000000000000000000000000
00011000001000000000000000000001
10101000001000011001101101010100
00000000000000000000000000000100
10000100001000010000000000000000
10000100001000000000000000000100
10011100001000011111111110000000
10011100001000011111111101111000
11010100000000010001100000001100
10000100011000000000000000000100
11010100000000010001100000000100
11010100000000010010000000010000
00011000011000000000000000000001
10101000011000111001101101010000
10000100100000110000000000000000
10011100100001000000000000000001
11010100000000110010000000000000
10110100011000000000000000010000
00000000000000000100001001011101
10110100100000000000000000100000
00000000000000000000000000000000
00000000000000000000000000000000
00000000000000000000000000000000
00000000000000000000000000000000
00000000000000000000000000000000
00000000000000000000000000000000
00000000000000000000000000000000
00000000000000000000000000000000
00000000000000000000000000000000
00000000000000000000000000000000
00000000000000000000000000000000
00000000000000000000000000000000
00000000000000000000000000000000
00000000000000000000000000000000
00000000000000000000000000000000
00000000000000000000000000000000
00000000000000000000000000000000
00000000000000000000000000000000
00000000000000000000000000000000
00000000000000000000000000000000
00000000000000000000000000000000
00000000000000000000000000000000
00000000000000000000000000000000
00000000000000000000000000000000
00000000000000000000000000000000
00000000000000000000000000000000
00000000000000000000000000000000
00000000000000000000000000000000
00000000000000000000000000000000
00000000000000000000000000000000
00000000000000000000000000000000
00000000000000000000000000000000
00000000000000000000000000000000
00000000000000000000000000000000
00000000000000000000000000000000
00000000000000000000000000000000
00000000000000000000000000000000
00000000000000000000000000000000
11010100000000000000100000000100
00011000001000000000000000000001
10101000001000011001101101010000
10000100001000010000000000000000
11100100000000010000000000000000
00001100000000000000000000000110
00010101000000000000000000000000
00011000001000000000000000000001
10101000001000011001101101010100
00000000000000000000000000000100
10000100001000010000000000000000
10000100001000000000000000000100
10011100001000011111111110000000
10011100001000011111111101111000
11010100000000010001100000001100
10000100011000000000000000000100
11010100000000010001100000000100
11010100000000010010000000010000
00011000011000000000000000000001
10101000011000111001101101010000
10000100100000110000000000000000
10011100100001000000000000000001
11010100000000110010000000000000
10110100011000000000000000010000
00000000000000000100001000011101
10110100100000000000000000100000
00000000000000000000000000000000
00000000000000000000000000000000
00000000000000000000000000000000
00000000000000000000000000000000
00000000000000000000000000000000
00000000000000000000000000000000
00000000000000000000000000000000
00000000000000000000000000000000
00000000000000000000000000000000
00000000000000000000000000000000
00000000000000000000000000000000
00000000000000000000000000000000
00000000000000000000000000000000
00000000000000000000000000000000
00000000000000000000000000000000
00000000000000000000000000000000
00000000000000000000000000000000
00000000000000000000000000000000
00000000000000000000000000000000
00000000000000000000000000000000
00000000000000000000000000000000
00000000000000000000000000000000
00000000000000000000000000000000
00000000000000000000000000000000
00000000000000000000000000000000
00000000000000000000000000000000
00000000000000000000000000000000
00000000000000000000000000000000
00000000000000000000000000000000
00000000000000000000000000000000
00000000000000000000000000000000
00000000000000000000000000000000
00000000000000000000000000000000
00000000000000000000000000000000
00000000000000000000000000000000
00000000000000000000000000000000
00000000000000000000000000000000
00000000000000000000000000000000
11010100000000000000100000000100
00011000001000000000000000000001
10101000001000011001101101010000
10000100001000010000000000000000
11100100000000010000000000000000
00001100000000000000000000000110
00010101000000000000000000000000
00011000001000000000000000000001
10101000001000011001101101010100
00000000000000000000000000000100
10000100001000010000000000000000
10000100001000000000000000000100
10011100001000011111111110000000
10011100001000011111111101111000
11010100000000010001100000001100
10000100011000000000000000000100
11010100000000010001100000000100
11010100000000010010000000010000
00011000011000000000000000000001
10101000011000111001101101010000
10000100100000110000000000000000
10011100100001000000000000000001
11010100000000110010000000000000
10110100011000000000000000010000
00000000000000000100000111011101
10110100100000000000000000100000
00000000000000000000000000000000
00000000000000000000000000000000
00000000000000000000000000000000
00000000000000000000000000000000
00000000000000000000000000000000
00000000000000000000000000000000
00000000000000000000000000000000
00000000000000000000000000000000
00000000000000000000000000000000
00000000000000000000000000000000
00000000000000000000000000000000
00000000000000000000000000000000
00000000000000000000000000000000
00000000000000000000000000000000
00000000000000000000000000000000
00000000000000000000000000000000
00000000000000000000000000000000
00000000000000000000000000000000
00000000000000000000000000000000
00000000000000000000000000000000
00000000000000000000000000000000
00000000000000000000000000000000
00000000000000000000000000000000
00000000000000000000000000000000
00000000000000000000000000000000
00000000000000000000000000000000
00000000000000000000000000000000
00000000000000000000000000000000
00000000000000000000000000000000
00000000000000000000000000000000
00000000000000000000000000000000
00000000000000000000000000000000
00000000000000000000000000000000
00000000000000000000000000000000
00000000000000000000000000000000
00000000000000000000000000000000
00000000000000000000000000000000
00000000000000000000000000000000
11010100000000000000100000000100
00011000001000000000000000000001
10101000001000011001101101010000
10000100001000010000000000000000
11100100000000010000000000000000
00001100000000000000000000000110
00010101000000000000000000000000
00011000001000000000000000000001
10101000001000011001101101010100
00000000000000000000000000000100
10000100001000010000000000000000
10000100001000000000000000000100
10011100001000011111111110000000
10011100001000011111111101111000
11010100000000010001100000001100
10000100011000000000000000000100
11010100000000010001100000000100
11010100000000010010000000010000
00011000011000000000000000000001
10101000011000111001101101010000
10000100100000110000000000000000
10011100100001000000000000000001
11010100000000110010000000000000
10110100011000000000000000010000
00000000000000000100000110011101
10110100100000000000000000100000
00000000000000000000000000000000
00000000000000000000000000000000
00000000000000000000000000000000
00000000000000000000000000000000
00000000000000000000000000000000
00000000000000000000000000000000
00000000000000000000000000000000
00000000000000000000000000000000
00000000000000000000000000000000
00000000000000000000000000000000
00000000000000000000000000000000
00000000000000000000000000000000
00000000000000000000000000000000
00000000000000000000000000000000
00000000000000000000000000000000
00000000000000000000000000000000
00000000000000000000000000000000
00000000000000000000000000000000
00000000000000000000000000000000
00000000000000000000000000000000
00000000000000000000000000000000
00000000000000000000000000000000
00000000000000000000000000000000
00000000000000000000000000000000
00000000000000000000000000000000
00000000000000000000000000000000
00000000000000000000000000000000
00000000000000000000000000000000
00000000000000000000000000000000
00000000000000000000000000000000
00000000000000000000000000000000
00000000000000000000000000000000
00000000000000000000000000000000
00000000000000000000000000000000
00000000000000000000000000000000
00000000000000000000000000000000
00000000000000000000000000000000
00000000000000000000000000000000
11010100000000000000100000000100
00011000001000000000000000000001
10101000001000011001101101010000
10000100001000010000000000000000
11100100000000010000000000000000
00001100000000000000000000000110
00010101000000000000000000000000
00011000001000000000000000000001
10101000001000011001101101010100
00000000000000000000000000000100
10000100001000010000000000000000
10000100001000000000000000000100
10011100001000011111111110000000
10011100001000011111111101111000
11010100000000010001100000001100
10000100011000000000000000000100
11010100000000010001100000000100
11010100000000010010000000010000
00011000011000000000000000000001
10101000011000111001101101010000
10000100100000110000000000000000
10011100100001000000000000000001
11010100000000110010000000000000
10110100011000000000000000010000
00000000000000000100000101011101
10110100100000000000000000100000
00000000000000000000000000000000
00000000000000000000000000000000
00000000000000000000000000000000
00000000000000000000000000000000
00000000000000000000000000000000
00000000000000000000000000000000
00000000000000000000000000000000
00000000000000000000000000000000
00000000000000000000000000000000
00000000000000000000000000000000
00000000000000000000000000000000
00000000000000000000000000000000
00000000000000000000000000000000
00000000000000000000000000000000
00000000000000000000000000000000
00000000000000000000000000000000
00000000000000000000000000000000
00000000000000000000000000000000
00000000000000000000000000000000
00000000000000000000000000000000
00000000000000000000000000000000
00000000000000000000000000000000
00000000000000000000000000000000
00000000000000000000000000000000
00000000000000000000000000000000
00000000000000000000000000000000
00000000000000000000000000000000
00000000000000000000000000000000
00000000000000000000000000000000
00000000000000000000000000000000
00000000000000000000000000000000
00000000000000000000000000000000
00000000000000000000000000000000
00000000000000000000000000000000
00000000000000000000000000000000
00000000000000000000000000000000
00000000000000000000000000000000
00000000000000000000000000000000
11010100000000000000100000000100
00011000001000000000000000000001
10101000001000011001101101010000
10000100001000010000000000000000
11100100000000010000000000000000
00001100000000000000000000000110
00010101000000000000000000000000
00011000001000000000000000000001
10101000001000011001101101010100
00000000000000000000000000000100
10000100001000010000000000000000
10000100001000000000000000000100
10011100001000011111111110000000
10011100001000011111111101111000
11010100000000010001100000001100
10000100011000000000000000000100
11010100000000010001100000000100
11010100000000010010000000010000
00011000011000000000000000000001
10101000011000111001101101010000
10000100100000110000000000000000
10011100100001000000000000000001
11010100000000110010000000000000
10110100011000000000000000010000
00000000000000000100000100011101
10110100100000000000000000100000
00000000000000000000000000000000
00000000000000000000000000000000
00000000000000000000000000000000
00000000000000000000000000000000
00000000000000000000000000000000
00000000000000000000000000000000
00000000000000000000000000000000
00000000000000000000000000000000
00000000000000000000000000000000
00000000000000000000000000000000
00000000000000000000000000000000
00000000000000000000000000000000
00000000000000000000000000000000
00000000000000000000000000000000
00000000000000000000000000000000
00000000000000000000000000000000
00000000000000000000000000000000
00000000000000000000000000000000
00000000000000000000000000000000
00000000000000000000000000000000
00000000000000000000000000000000
00000000000000000000000000000000
00000000000000000000000000000000
00000000000000000000000000000000
00000000000000000000000000000000
00000000000000000000000000000000
00000000000000000000000000000000
00000000000000000000000000000000
00000000000000000000000000000000
00000000000000000000000000000000
00000000000000000000000000000000
00000000000000000000000000000000
00000000000000000000000000000000
00000000000000000000000000000000
00000000000000000000000000000000
00000000000000000000000000000000
00000000000000000000000000000000
00000000000000000000000000000000
11010100000000000000100000000100
00011000001000000000000000000001
10101000001000011001101101010000
10000100001000010000000000000000
11100100000000010000000000000000
00001100000000000000000000000110
00010101000000000000000000000000
00011000001000000000000000000001
10101000001000011001101101010100
00000000000000000000000000000100
10000100001000010000000000000000
10000100001000000000000000000100
10011100001000011111111110000000
10011100001000011111111101111000
11010100000000010001100000001100
10000100011000000000000000000100
11010100000000010001100000000100
11010100000000010010000000010000
00011000011000000000000000000001
10101000011000111001101101010000
10000100100000110000000000000000
10011100100001000000000000000001
11010100000000110010000000000000
10110100011000000000000000010000
00000000000000000100000011011101
10110100100000000000000000100000
00000000000000000000000000000000
00000000000000000000000000000000
00000000000000000000000000000000
00000000000000000000000000000000
00000000000000000000000000000000
00000000000000000000000000000000
00000000000000000000000000000000
00000000000000000000000000000000
00000000000000000000000000000000
00000000000000000000000000000000
00000000000000000000000000000000
00000000000000000000000000000000
00000000000000000000000000000000
00000000000000000000000000000000
00000000000000000000000000000000
00000000000000000000000000000000
00000000000000000000000000000000
00000000000000000000000000000000
00000000000000000000000000000000
00000000000000000000000000000000
00000000000000000000000000000000
00000000000000000000000000000000
00000000000000000000000000000000
00000000000000000000000000000000
00000000000000000000000000000000
00000000000000000000000000000000
00000000000000000000000000000000
00000000000000000000000000000000
00000000000000000000000000000000
00000000000000000000000000000000
00000000000000000000000000000000
00000000000000000000000000000000
00000000000000000000000000000000
00000000000000000000000000000000
00000000000000000000000000000000
00000000000000000000000000000000
00000000000000000000000000000000
00000000000000000000000000000000
11010100000000000000100000000100
00011000001000000000000000000001
10101000001000011001101101010000
10000100001000010000000000000000
11100100000000010000000000000000
00001100000000000000000000000110
00010101000000000000000000000000
00011000001000000000000000000001
10101000001000011001101101010100
00000000000000000000000000000100
10000100001000010000000000000000
10000100001000000000000000000100
10011100001000011111111110000000
10011100001000011111111101111000
11010100000000010001100000001100
10000100011000000000000000000100
11010100000000010001100000000100
11010100000000010010000000010000
00011000011000000000000000000001
10101000011000111001101101010000
10000100100000110000000000000000
10011100100001000000000000000001
11010100000000110010000000000000
10110100011000000000000000010000
00000000000000000100000010011101
10110100100000000000000000100000
00000000000000000000000000000000
00000000000000000000000000000000
00000000000000000000000000000000
00000000000000000000000000000000
00000000000000000000000000000000
00000000000000000000000000000000
00000000000000000000000000000000
00000000000000000000000000000000
00000000000000000000000000000000
00000000000000000000000000000000
00000000000000000000000000000000
00000000000000000000000000000000
00000000000000000000000000000000
00000000000000000000000000000000
00000000000000000000000000000000
00000000000000000000000000000000
00000000000000000000000000000000
00000000000000000000000000000000
00000000000000000000000000000000
00000000000000000000000000000000
00000000000000000000000000000000
00000000000000000000000000000000
00000000000000000000000000000000
00000000000000000000000000000000
00000000000000000000000000000000
00000000000000000000000000000000
00000000000000000000000000000000
00000000000000000000000000000000
00000000000000000000000000000000
00000000000000000000000000000000
00000000000000000000000000000000
00000000000000000000000000000000
00000000000000000000000000000000
00000000000000000000000000000000
00000000000000000000000000000000
00000000000000000000000000000000
00000000000000000000000000000000
00010101000000000000000000000000
00010101000000000000000000000000
10011100001000011111111111111100
11010100000000010100100000000000
00000100000000000000000010111101
00010101000000000000000000000000
00000100000000000101000000110100
00010101000000000000000000000000
10000101001000010000000000000000
01000100000000000100100000000000
10011100001000010000000000000100
01000100000000000100100000000000
00010101000000000000000000000000
00000100000000000100000000000001
00010101000000000000000000000000
00000100000000000100001100000101
00010101000000000000000000000000
00011000011000000000000000000001
10101000011000111001100111010000
00011000100000000000000000000001
10101000100001001001101111011100
11010100000000110000000000000000
11100100100000110010000000000000
00010011111111111111111111111110
10011100011000110000000000000100
00011000001000000000000000000001
10101000001000010010110000101000
10000100001000010000000000000000
00011000010000000000000000000001
10101000010000100010110000101100
10000100010000100000000000000000
11100000001000010001000000000000
00011000011000000000000000000001
10101000011000111001101101010100
11010100000000110000100000000000
00011000011000000000000000000001
10101000011000111000101111111000
10000100011000110000000000000000
11100000100000010001100000000010
00011000101000000000000000000001
10101000101001011001101101011100
11010100000001010010000000000000
11100000001000000010000000000100
11100000010000010000100000000100
00011000011000000000000000000001
10101000011000111001101101011000
11010100000000110000100000000000
00011000011000000000000000000001
10101000011000111000101111110100
10000100011000110000000000000000
11100000100000010001100000000010
00011000101000000000000000000001
10101000101001011001101101100000
11010100000001010010000000000000
00000100000000000100000110100010
00010101000000000000000000000000
00000100000000000100000100111001
00010101000000000000000000000000
00000100000000000001001001001101
00010101000000000000000000000000
00011000011000000000000000000000
00000100000000000001001000001010
10101000011000110110100110010000
00011000100000000000000000000001
10101000100001000010110000110100
10000100100001000000000000000000
11100100001001000000000000000000
00001100000000000000000000000100
11100000011000000000000000000100
00000100000000000011111101011100
00010101000000000000000000000000
00000100000000000100001011001111
00010101000000000000000000000000
11100000011000000000000000000100
11100000100000000000000000000100
00000100000000000001000111101101
11100000101000000000000000000100
00000100000000000001001000000110
10011100011010110000000000000000
00000000000000000000000000000000
00010101000000000000000000000000
11010111111000010001011111111000
00011000011000000000000000000001
00011000010000000000000000000001
10101000011000111001100111010011
10101000010000101001100111010000
11010111111000010100111111111100
11100000011000110001000000000010
11010111111000010000111111110100
10111100101000110000000000000110
00010000000000000000000000001001
10011100001000011111111111110100
00011000100000000000000000000000
10101000100001000000000000000000
10111100000001000000000000000000
00010000000000000000000000000100
00010101000000000000000000000000
01001000000000000010000000000000
10101000011000100000000000000000
10011100001000010000000000001100
10000101001000011111111111111100
10000100001000011111111111110100
01000100000000000100100000000000
10000100010000011111111111111000
11010111111000010001011111111000
00011000011000000000000000000001
00011000010000000000000000000001
10101000011000111001100111010000
10101000010000101001100111010000
11010111111000010100111111111100
11100000011000110001000000000010
11010111111000010000111111110100
10111000011000110000000010000010
10111000100000110000000001011111
11100000100001000001100000000000
10111000100001000000000010000001
10111100000001000000000000000000
00010000000000000000000000001001
10011100001000011111111111110100
00011000101000000000000000000000
10101000101001010000000000000000
10111100000001010000000000000000
00010000000000000000000000000100
00010101000000000000000000000000
01001000000000000010100000000000
10101000011000100000000000000000
10011100001000010000000000001100
10000101001000011111111111111100
10000100001000011111111111110100
01000100000000000100100000000000
10000100010000011111111111111000
11010111111000011010011111111000
00011010100000000000000000000001
11010111111000010001011111101100
10101010100101001001100111010000
11010111111000010100111111111100
10001100010101000000000000000000
11010111111000010000111111101000
11010111111000010111011111110000
11010111111000011001011111110100
10111100001000100000000000000000
00010000000000000000000000100101
10011100001000011111111111101000
00011001110000000000000000000001
00011000100000000000000000000001
10101001110011101000101111101100
10101000100001001000101111101000
00011000010000000000000000000001
11100001110011100010000000000010
10101000010000101001100111010100
10111001110011100000000010000010
10000100011000100000000000000000
10101010010001000000000000000000
10011101110011101111111111111111
11100100100000110111000000000000
00001100000000000000000000001100
10011100011000110000000000000001
10111000100000110000000000000010
11010100000000100001100000000000
11100000011100100010000000000000
10000100011000110000000000000000
01001000000000000001100000000000
00010101000000000000000000000000
10000100011000100000000000000000
11100100100000110111000000000000
00010011111111111111111111111000
10011100011000110000000000000001
00000111111111111111111110101010
00011000010000000000000000000000
10101000010000100000000000000000
10111100001000100000000000000000
00001100000000000000000000000110
10011100010000000000000000000001
00011000011000000000000000000001
00000111111111111111011101010011
10101000011000111000101100111100
10011100010000000000000000000001
11011000000101000001000000000000
10011100001000010000000000011000
10000101001000011111111111111100
10000100001000011111111111101000
10000100010000011111111111101100
10000101110000011111111111110000
10000110010000011111111111110100
01000100000000000100100000000000
10000110100000011111111111111000
11010111111000010100111111111100
11010111111000010000111111111000
10011100001000011111111111111000
10011100001000010000000000001000
10000101001000011111111111111100
01000100000000000100100000000000
10000100001000011111111111111000
00011000011000000000000000000000
11010111111000010100111111111100
10101000011000110000000000000000
11010111111000010000111111111000
10111100000000110000000000000000
00010000000000000000000000000111
10011100001000011111111111111000
00011000100000000000000000000001
00011000011000000000000000000001
10101000100001001001100111011000
00000111111111111111011100110110
10101000011000111000101100111100
00011000011000000000000000000001
10101000011000111000101111110000
10000100100000110000000000000000
10111100000001000000000000000000
00001100000000000000000000001000
00011000100000000000000000000000
00000111111111111111111110010101
00010101000000000000000000000000
10011100001000010000000000001000
10000101001000011111111111111100
01000100000000000100100000000000
10000100001000011111111111111000
10101000100001000000000000000000
10111100000001000000000000000000
00010011111111111111111111111000
00010101000000000000000000000000
01001000000000000010000000000000
00010101000000000000000000000000
00000011111111111111111111110100
00010101000000000000000000000000
11010111111000010100111111111100
11010111111000010000111111111000
10011100001000011111111111111000
10011100001000010000000000001000
10000101001000011111111111111100
01000100000000000100100000000000
10000100001000011111111111111000
11010111111000010001011111111000
10011100010000010000000000000000
11010111111000010100111111111100
10011100001000011111111111111000
00011000011000000000000000000001
10101000011000110110000101110000
00000100000000000001001000010110
00010101000000000000000000000000
10101010000000000000000000000000
10011110001000000000000000000001
10100110010000000000000001100100
10110110111001100000001100100000
10110011000001110000001110000100
10010010011000010000000011001000
10001110100000100000000100101100
10011010101001000000000111110100
10000110110001010000001010111100
00011000011000000000000000000001
10101000011000110110000110001100
00000100000000000001001000001001
00010101000000000000000000000000
00010101000000000000000000000000
10101001011000110000000000000000
10101000001000100000000000000000
10000100010000011111111111111000
10000101001000011111111111111100
01000100000000000100100000000000
00010101000000000000000000000000
11010111111000010001011111111000
10011100010000010000000000000000
11010111111000010100111111111100
10011100001000011111111111111000
00011000011000000000000000000001
10101000011000110110000110100110
00000100000000000001000111111010
00010101000000000000000000000000
10101000100000000000000000000000
10011110000000000000000000000001
10101010000000000000000000000000
10101001000110110000100001000011
10101010010110110000100001000011
10101001000110110000100001000010
10101010010110110000100001000010
10101001000110110000100001000001
10101010010110110000100001000001
10101001000110110001000101110101
10101010010110110001000101110101
10101001000110110001000101110001
10101010010110110001000101110001
10101001000110110001001101111001
10101010010110110001001101111001
10101001000110110001000101111001
10101010010110110001000101111001
10101001000110110001000010110001
10101010010110110001000010110001
10101001000110110001000010101101
10101010010110110001000010101101
10101001000110110001000010111101
10101010010110110001000010111101
10101001000110111001011101001101
10101010010110111001011101001101
10101001000110111001011111101101
10101010010110111001011111101101
10101001000110111011001100011101
10101010010110111011001100011101
10101001000110111011001111001110
10101010010110111011001111001110
10101001000110111011001101001110
10101010010110111011001101001110
10101001000110111011001011001110
10101010010110111011001011001110
10011100100110110011000111001111
10101010010110110011000111001111
10101000100110111010110110011111
10101010010110111010110110011111
10101000100110111010100010100100
10101010010110111010100010100100
10101000100110111010110001000100
10101010010110111010110001000100
10011100100101110000010000000100
10101010010101110000010000000100
10101000100100111011010000001000
10101010010100111011010000001000
10011100100100111000011011000011
10101010010100111000011011000011
10101000100100110111100010010100
10101010010100110111100010010100
10101000100100110101100010010100
10101010010100110101100010010100
10101010000000011110001101000110
10011111101000000000000000000000
10011100011000111010001101110011
10101000100100110101000100010000
10101010010100110101000100010000
10101000100100111001000100010000
10101010010100111001000100010000
10101000100100110001000100010000
10101010010100110001000100010000
10011100011000011010001100100011
10011100100000000000000000000000
10101001011010100000100000000000
10011101000000000010100000000000
10101000001001010000011110100000
10101010010001010000011110100000
10011110010000011010001100100011
10101010010011111000001111001110
10101000011110110000010000000000
10101010010110110000010000000000
10101001110010100000100000000000
10011101011000110101100000000000
10101000001000000000000000000000
10101010001000011000100000000000
10011100001000000000000000000000
10101010000000010110000100001001
10011100011000111010001001110011
10011101000000100000010011001010
10101010000010011000011010101110
10101001000000111110111101110101
10101000001001010001000000000000
10101010010001010001000000000000
10011101000111011110000000000000
10101010000010000000000001010000
10011110000000000000000000100000
10101010000000010001100000000000
10101010000000000101100000000000
10101010001101001000010000000000
10011110000000000000000000000000
10011111011100010100101011101011
10101010010100010100101011101011
10101011011000000000000010000000
10101010010000000000000010000000
10011100011000111010001101100011
10101011111000001110011100110011
10011100101011000011100110110000
10011110000000000010011111111010
10101010000000000010000000000000
10011101000010000101001001000000
10011101000001011001110101101101
10101010010001011001110101101101
10011100100000010001000000000000
10101001000000000000000000000000
10101011111111111111111111111111
10101000100111111111111111111111
10101000001000000000000000000011
10101000001100110110100011000000
10011100100001000000000001010000
10011110000100001001000100011010
10011110000000101001100000011011
10011101000000000000000000000000
10011110010000000000000000000000
10011110000010000010001000000000
10011101000100000000000000000000
10101010000100000001000000000000
10101010000000000001000000000000
10011100011000000000000000000000
10011100001000000001000010000000
10011100001000100000010010000001
10101010000000000100000010001111
10011110001000000000000000000000
10101000100000000000000001000000
10101000001000000111100001110000
10101010001000000000000000000000
10101000001000100000000001010000
10011100100000000000000100000000
10011110000000000000010000000000
10101010010000000000000000000000
10011100110000000000000000000000
10011110000010000000010000110010
10011101000000000000000000010011
10011101000100001000000000000000
10101010000000001000000000000000
10011110000000000100000000000000
10101010000010001000000000000000
10101010000000000000100000000000
10011101000000000000011111011010
10101000001000000000010000010000
10101000011000000000000000000000
10011110000000000000011001110011
10101001000000011000000000000000
10011110000000000000100000000000
10011110000100000000100000000000
10011110000000101000000011000000
10101001000000000000010110100000
10011100001100100001000000000000
10011110000000100010000000000000
10101000100000000000000000010000
10011101000000000010010010110011
10011110000010000100000000000000
10011101000000101000000000000000
10011101000000000000011001111001
10011100100100000000000000000000
10011110000000011001011000111110
10011110000000000000000011000000
10011100100011101000100000000000
10011110000110101011110111111011
10011111011000000000000000000000
10011100001000011011011000010000
10101000011001110000111101110010
10011111110001111000100100110001
10011100100001000010011111111110
10101000001110000000100001000000
10101001000000100100100000000000
10101000100000100010000001010000
10011110000000001011000000000000
10011101000000000000010001000000
10011110101100111001101100000100
10011111011010111010100000000000
10011111010110011111001000000000
10011100001000010001100000000000
10011100100100000001000001000000
10011110000001100000000000000000
10011110011100010011001111001110
10101010001100111000110101000111
10011100100111010111000001110110
10101000001100001000000100000000
10101010000100001000100000000000
10101001000010000110000110101001
10101000110010000100010010100110
10011101110001111101001001001111
10011100001110100110000010000000
10011100101100010110110010000000
10011100100111111001010000000000
10011100001010010000101010111111
10011100101001010011101000000000
10011110000100001001000000000000
10011110000100101001000000000000
10011101111011110100001001000001
10101001110010100111111100000000
10011101000110000001100101010001
10101001000100000100000000000000
10011100111001110000110000000100
10011101000000000001111001110000
10011110110100100111011000100000
10011110000000001000000000000000
10011100101001010001000000010000
10101000001100110000111010100000
10101001100110011000101010000000
10011110000010001000010100000000
10011100001000010000000000000000
10101011011111100100001001000000
10011100100001000011001001001100
10101000001110111101010101100000
10011101101000100000001010111011
10101000001011010110110000111000
10011100001011111000111011111000
10101000011000111000000000000010
10011110000000001001100000000001
10011101111010000111000111100101
10011101001000000000000000000000
10011101101011000110100000000000
10011101101000000000000000000000
10011101111011000111001000110011
10101000100000001110000000000000
10011100100000101111100000000000
10101011101111000110100101011111
10101001100100100000100101110110
10101001000000001000000000000000
10101000101100100010111111110110
10101001001000000000000000000000
10101001111000100110110000110011
10101000111010000110010000110011
10011110000001000000000000000000
10101010000010000001000000000000
10011100100001000000000000110001
10101001001010011010011000000101
10101001001010011010000010110010
10101010000000111000000000000000
10101000001100000000111111111100
10011100100101010000100001000000
10101000001001000100000000000000
10011110101101011000010000011100
10101011001111111010100000000000
10011111100111100100000000000001
10011100100000000010000000000000
10101000100001100010011011111000
10101001000100011001100000000000
10011110000010000000000000000000
10101000100000110010000000010000
10101011011110111000101000000000
10011111001110110000000100000000
10101000111111110100111011110110
10011100001000000000100000000000
10011100001000000000001111110010
10101010000000000100100000000000
10011100100001000011000000000000
10101010000000010000100000000000
10101010111000000100011000001101
10101010011110011011100000000010
10011101000011101100000000100110
10011100011010000000001000100000
10101010000100000010101010011001
10011110000011001000000000010000
10011110000100001101001000000000
10101010000110101100000111011011
10011110100110100111100001111101
10101010000110100010101010011001
10011110000100001001001000000000
10011110000101110101000000000000
10011110000001011001000000010000
10011110000100001011101000000000
10011110000100000011101000000000
10011101000000001000000000010000
10101011111110000110111111110000
10011100001000000111110000010100
10101011101101110111000000000001
10101011101101110000000001001000
10011101011010101110000000000001
10011110110001000111100101000101
10101011011001000111110011110000
10011110110000010010000000000000
10101011001100000101000010011010
10011100100001000010000000000000
10101010000001000011100001010000
10011100100001111000000000000000
10101011000001000011010001010011
10011101000001000001000000001101
10011100100001001010000000000101
10101011001000000000000000000000
10011100100010000000100000000000
10101001010000000100010000100000
10101011100010000101010000000000
10101001011000000011001101011000
10101001111010110101100000100000
10101011111111101110000000000000
10011100001100110011000000000000
10101011011110011011010001001110
10011110000110100001101000010000
10101010000110100010110100001011
10011101000000010000100000000000
10101000100111011010100100001001
10011100001010000000000010110111
10011100001010000000100010000111
10101001100010100011110001010101
10011100101101010011100000100000
10011110100101010111100001010000
10101001111010000110000000010000
10011110010000110011100000000000
10011100001100000000000000000000
10101010000001000011000000010011
10011101110001000111010111010101
10011100100010000010000000000000
10011101000000000011010001010000
10101011000100000111000010011010
10101011101100100000000110111000
10011101010101010101101111101011
10101001000101010101001100000011
10011101000111000010100000010000
10011110000000010100001100100011
10011111110000000111000000000000
10011111100000011110110001000001
10101010000100000000000000000000
10011100101000000000000000000000
10011111010110101011111000010101
10011100001000010000110000000000
10101011110100110000000010000000
10011101100001011111010100100001
10011101010000001101011001011000
10011110011101110011000011010000
10011110100010001010000000000000
10101000001000100000000000000000
10011101000000100000100000000000
10101000100000010000000001000000
10011110011101110010000011010000
10011100011101110011000011010000
10011100001011010011000100100110
10101001000100000000111001000000
10011101000001001000000000001101
10011110010100100110011100100000
10101010110110111011001001001101
10011100001101010000000000000000
10011100101101010011100000110000
10101010100000011100010100101110
10011110000000001010010111101110
10011100001000000000000000000001
10101010000000011100011100110001
10101010000000010010010001010110
10011100001000000000000000000010
10101001000000010001000110000110
10101001000000010000011110011100
10101010000000011100011100111111
10101010000000010010010001010001
10011100001000000000000000001010
10011101000000100100110110101101
10011101000000100100110110100101
10101010000000010010010001011101
10101010000000010010100010001001
10101010000110101001110000110011
10011110100110100111110001111101
10101010000000011100011101001001
10101010000110101001110001010011
10101010000000010110110010010001
10011110000010110101010110110101
10101010000010110101000001000000
10011110000110100101110001101101
10101010000000011010001101000110
10101010000000010110110001001001
10101010000111011001101010101010
10101001000000001001100010011010
10101010000110101001111010010011
10101001000000010001001101101100
10011110000100011010100000010000
10011110000100001000001000010000
10011110000101110010100000000000
10011110000110110100000000000000
10011110000110100001110100100101
10101010000010101111101000000110
10101010000101011001100010101010
10101010000111001001100010101010
10101010000010111000000000010000
10101010000010001001100010101010
10101010000011100100000000000000
10101001000100001001100010011010
10011110101101001010000000000001
10011101010001000101010100011010
10011110110100011001010110100101
10011111100101001010000000000001
10011110111100010011100000000000
10011110000000000000011111010101
10101010000000100000000000000000
10101010111010011101011000010100
10101010100000111110011100110000
10011100110000000000011111011110
10101010000110101110110100100101
10011110000110101000000001010110
10101000001010110101000001010000
10011110000010101110000000000001
10101010000111000000000000000000
10101010000111011001100010101010
10101010000011100010011000010000
10101010000000111110000111111111
10011100100010101110000110000110
10101010000011001001100010101010
10101010000110001001100010101010
10011101000010111101000000111010
10101000001010110101000001000000
10101001000101001001100010011010
10101001000100001001100010101010
10011100001010010111011010111111
10101010111101100000111101101101
10101011001110011101101010000011
10011100100110010000000000000000
10101010000100001000000000000000
10011110001001101000000001100101
10101001101010000100000100100000
10101001111011010110100000110000
10011101100010010011100100000000
10011110110110000011000000000000
10011100001100000101000010001010
10011100011000110000000111111000
10101011110100110001000010000000
10011100001001001111010000010001
10011100100101011000000000010000
10011110000101100000011101001111
10101010000000000000000001010000
10011110000100001010001000000000
10101010000110101111001111011011
10101010000000010010010001010100
10101010000000011100011100110111
10101001000000010000011110111000
10101010000000011100011101000101
10101010000000011100011101010001
10011110000010110101010111110101
10101010000000010000010101111001
10101010000000011010010101001110
10101010000010110101000000000000
10101010000100101110000111111111
10101001000100011001100010101010
10101010000011100111100000010100
10101010000010100101101000000010
10011100001010000000110000110010
10011110011010001001100000110010
10101001101011110110100001000100
10011110100000111011010001010000
10101010101011111010111101000100
10101001000000010001100110010010
10101001000000010001100110000100
10101010000110101001100011011000
10011110000001011001000000011100
10101010000100000000001000000100
10101000101011101011111111000001
10011101010010000010000001000010
10011101000010000101000010010010
10011100001000100111010001010000
10101000100001000010000000000000
10101001100000000111010000000011
10011101010101010101011010001000
10101001100101010101000100000000
10101000011000110000000011010000
10101001011010000111001100011000
10011101111010110101111000100000
10101010001001101000000000000001
10011101000001101010000001100101
10011100001000000000000000000111
10011100001000110100101011101011
00011000011000000000000000000001
10101000011000110110000110111101
00000100000000000001000000101100
00010101000000000000000000000000
10011100011000000000000000000001
10101001011000110000000000000000
10101000001000100000000000000000
10000100010000011111111111111000
10000101001000011111111111111100
01000100000000000100100000000000
00010101000000000000000000000000
11010111111000010001011111111000
10011100010000010000000000000000
11010111111000010100111111111100
10011100001000011111111111111000
00011000011000000000000000000001
10101000011000110110000111010010
00000100000000000001000000011101
00010101000000000000000000000000
10101010010111111111111111111111
10101010000111111111111111111111
10011110010111111111111111111111
10011100110111111111111111111111
10011110000100001000010110010001
10101010000100001000010110010001
10101000001100001100000000000000
10101010000100001100000000000000
10011100011100001100000000000000
10011110000110001000001000010011
10101010000110001000001000010011
10011100110110001000001000010011
10011100001100000000001000000101
10101010000100000000001000000101
10011110000100000000001000000101
10101001000000111011010000001101
10101010000000111011010000001101
10011100110000111011010000001101
10101010000000001100000000000000
10011100100000001100000000000000
10011110000100001000010000011001
10101010000100001000010000011001
10011100110100001000010000011001
10101001000110111100011110100111
10101010000110111100011110100111
10011110000110111100011110100111
10011101000100001010000111010011
10101010000100001010000111010011
10011100100100001010000111010011
10101000001000000000000000000000
10101010000000000000000000000000
10011101000000100110100000100000
10101010000000100110100000100000
10011110000000100110100000100000
10011100110100000111100000000101
10101010000100000111100000000101
10101001000100001000001101101011
10101010001000000000000000000000
10101001000100001001000010000110
10101010000100001001000010000110
10011100110100001001000010000110
10101001000100001111101010000100
10101010000100001111101010000100
10011110000100001111101010000100
10011100100000101101000001111011
10101010000000101101000001111011
10011100110000101101000001111011
10101001000100001010001100000000
10101010000100001010001100000000
10011100110100001010001100000000
10101000001111000011000000011110
10101010000111000011000000011110
10011110000111000011000000011110
10101001000100110100111000000000
10101010000100110100111000000000
10011100110100110100111000000000
10101010000000000100100000000000
10011101010000000100100000000000
10011110000000011010010001011000
10101010000000011010010001011000
10011100011000011010010001011000
10011101000110100111101111111001
10101010000110100111101111111001
10011100110110100111101111111001
10101000001011000101010000001100
10101010000011000101010000001100
10011100011011000101010000001100
10101000001100000010101111000011
10101010000100000010101111000011
10011100110100000010101111000011
10101010000100000011100010000000
10011101010100000011100010000000
10101001000101101100000001000101
10101010000101101100000001000101
10011110000101101100000001000101
10011110000010100100100000011101
10101010000010100100100000011101
10101010000111001101110010110001
10011110000111001101110010110001
10011101000011100010010010110111
10101010000011100010010010110111
10011100110011100010010010110111
10101000001111111111111111111111
10101011000000000000000000000000
10101000110111111111111111111111
10011110000000001000010000000000
10101010000000001000010000000000
10101000100111111111111111111111
10101010010000000000000000000000
10101001000111111111111111111111
10011110000111111111111111111111
10101001000110001010000010100000
10101010000110001010000010100000
10011100100110001010000010100000
10101001000110001111000000000000
10101010000110001111000000000000
10011101000110001111000000000000
10011101000000000000000000000000
10011110000000000000000000000000
10101001000100000111011101110000
10101010000100000111011101110000
10011101000100000111011101110000
10101000101001101011010101011010
10101010000001101011010101011010
10011100110001101011010101011010
10011101000011001000000000000000
10101010000011001000000000000000
10011110000011001000000000000000
10101000001100011101100000000000
10101010000100011101100000000000
10011110000100011101100000000000
10101011011110111111111111111000
10011100100000000000000000000000
10101011101000000000000000000000
10101010000010101101110010110001
10011100110010101101110010110001
10101001000000101011111111111011
10101010000000101011111111111011
10011110000000101011111111111011
10101010000100000100100000000000
10011100110100000100100000000000
10011110000110001101110111010011
10101010000110001101110111010011
10011100100110001101110111010011
10101001000000000000000000000000
10011100001000010111100000000100
10101010000000010111100000000100
10011110000000010111100000000100
10011110000000000000000001011000
10101010000000000000000001011000
10011101000000000000000001011000
10011100001100000010100100001000
10101010000100000010100100001000
10011110000100000010100100001000
10011101000100000000000000000000
10101010000100000000000000000000
10011110000100000000000000000000
10101001000000110000001101011000
10101010000000110000001101011000
10011110000000110000001101011000
10011101000001000101100101000111
10101010000001000101100101000111
10011110000001000101100101000111
10011110000100001110100000110000
10101010000100001110100000110000
10011101010100001110100000110000
10011101010110100010010111001001
10101010000110100010010111001001
10011100110110100010010111001001
10101000001000011000000111111101
10101010000000011000000111111101
10011101000000011000000111111101
10101000100000000000000000000000
10101000100011110100001011100010
10101010000011110100001011100010
10011100110011110100001011100010
10011101000100000101000000000000
10101010000100000101000000000000
10011110000100000101000000000000
10011110101100100000000111110000
10101010000100100000000111110000
10011100110100100000000111110000
10101000100010001100011000000000
10101010000010001100011000000000
10011100100010001100011000000000
10101010000100001001101010000100
10011110000100001001101010000100
10101010000100001010100101111011
10011100110100001010100101111011
10101000001000000011010000000000
10101010000000000011010000000000
10011100110000000011010000000000
10101000001100000000000000000000
10011100110100000000000000000000
10101010000100000101110010110001
10011100110100000101110010110001
10101010000100000100011010111001
10011110000100000100011010111001
10011101000100100001000110000000
10101010000100100001000110000000
10011100100100100001000110000000
10101000001100000010011110111010
10101010000100000010011110111010
10011101000100000010011110111010
10101000100110001010010000000100
10101010000110001010010000000100
10011110000110001010010000000100
10101010000010001110001001001111
10011100110010001110001001001111
10011100001100001000000000000000
10101010000100001000000000000000
10011100011100001000000000000000
10101000001011011111000010110010
10101010000011011111000010110010
10011110000011011111000010110010
10011101000011100101000000000000
10101010000011100101000000000000
10011100110011100101000000000000
10101000001100000100011001001011
10101010000100000100011001001011
10011100110100000100011001001011
10011100001001111101101111110110
10101010000001111101101111110110
10011100110001111101101111110110
10101010000100001111000100100010
10011100100100001111000100100010
10011110000100001010100001000100
10101010000100001010100001000100
10011110000001110010010000010110
10101010000001110010010000010110
10011101000001110010010000010110
10101010000100000110000010000000
10011100110100000110000010000000
10011100100111101000110001101001
10101010000111101000110001101001
10011110000111101000110001101001
10011100100110100011000000000000
10101010000110100011000000000000
10011110000110100011000000000000
10011110000110011110011111011100
10101010000110011110011111011100
10011100110110011110011111011100
10011101000100001100010000000001
10101010000100001100010000000001
10011110000100001100010000000001
10101001000000101011100010110000
10101010000000101011100010110000
10011110000000101011100010110000
10101010000100001111100000011000
10011101010100001111100000011000
10101001000000101011101011000000
10101010000000101011101011000000
10011110000000101011101011000000
10011101000100000001000000000110
10101010000100000001000000000110
10011110000100000001000000000110
10101001000000101011101011011000
10101010000000101011101011011000
10011110000000101011101011011000
10011101000100000111000000000000
10101010000100000111000000000000
10101001000000101011101100010000
10101010000000101011101100010000
10011110000000101011101100010000
10101010000100001000011010100101
10011101000100001000011010100101
10101001000010000011101111110000
10101010000010000011101111110000
10011110000010000011101111110000
10101000001001011011100001101110
10101010000001011011100001101110
10011100110001011011100001101110
10011101000101101000010000000100
10101010000101101000010000000100
10011110000101101000010000000100
10011100100011010011100000000000
10101010000011010011100000000000
10011100110011010011100000000000
10011110000110011100110101110000
10101010000110011100110101110000
10011100100110011100110101110000
10011110000100111000010010100011
10101010000100111000010010100011
10011100100100111000010010100011
10011110000110011101010101110000
10101010000110011101010101110000
10011100100110011101010101110000
10011101000111001100110111010100
10101010000111001100110111010100
10011110000111001100110111010100
10011110000110011010010101110000
10101010000110011010010101110000
10011100100110011010010101110000
10101010000111100000100101101100
10011110000111100000100101101100
10101001000010110110100010000000
10101010000010110110100010000000
10011110000010110110100010000000
10101000001010011011111111001101
10011100100110001001001000010011
10101010000110001001001000010011
10011110000110001001001000010011
10101010000100000111011011100100
10011100100100000111011011100100
10011110000111111111111111111110
10101010000111111111111111111110
10011100001010011111110011111111
10101010000010011111110011111111
10011110000010011111110011111111
10101010000100000111000000010100
10011110000100000111000000010100
10011110000111111111111111111101
10101010000111111111111111111101
10011101010100001010000000011001
10101010000100001010000000011001
10011100110100001010000000011001
10101001000001001011000000000000
10101010000001001011000000000000
10011100100001001011000000000000
10011110000111111111111111111011
10101010000111111111111111111011
10011100001100001100101000101101
10101010000100001100101000101101
10011100110100001100101000101101
10101001000010001001000000000001
10101010000010001001000000000001
10011110000010001001000000000001
10011110000111111111111111110111
10101010000111111111111111110111
10011100100000011110000110011011
10101010000000011110000110011011
10011110000000011110000110011011
10011100001100000011101000000101
10101010000100000011101000000101
10011110000100000011101000000101
10011110000111111111111111101111
10101010000111111111111111101111
10011100001100001111000000000000
10101010000100001111000000000000
10011110000100001111000000000000
10011110000111111111111111011111
10101010000111111111111111011111
10011100001111001001110101101011
10101010000111001001110101101011
10011101010111001001110101101011
10101001000100011111100000000000
10101010000100011111100000000000
10011110000100011111100000000000
10011110000111111111111110111111
10101010000111111111111110111111
10011101010100011001100000000000
10101010000100011001100000000000
10011100110100011001100000000000
10011101000100000110011001011001
10101010000100000110011001011001
10011100110100000110011001011001
10011110000111111111111101111111
10101010000111111111111101111111
10011100011101101101010110000001
10101010000100001111100011110001
10011110000100001111100011110001
10011110000111111111111011111111
10101010000111111111111011111111
10011110000001111000011111111001
10101010000001111000011111111001
10101001000110001001011011001001
10101010000110001001011011001001
10011100110110001001011011001001
10011110000111111111110111111111
10101010000111111111110111111111
10011101000110101111101111110001
10101010000110101111101111110001
10011110000110101111101111110001
10101010000100001111111010101000
10011100110100001111111010101000
10011110000111111111101111111111
10101010000111111111101111111111
10011110000100001000010100100000
10101010000100001000010100100000
10011100110100001000010100100000
10101010000100000100000010010011
10011100110100000100000010010011
10011110000111111111011111111111
10101010000111111111011111111111
10011110000001111000010000001000
10101010000001111000010000001000
10101001000100001101011110011101
10101010000100001101011110011101
10011100110100001101011110011101
10011110000111111110111111111111
10101010000111111110111111111111
10011110000000101000011000000000
10101010000000101000011000000000
10011100110000101000011000000000
10011101000100000011010010100000
10101010000100000011010010100000
10011100110100000011010010100000
10011110000111111101111111111111
10101010000111111101111111111111
10011110000100001100000111101001
10101010000100001100000111101001
10011110000111111011111111111111
10101010000111111011111111111111
10011110000100001100000111110000
10101010000100001100000111110000
10011101000100001100000111110000
10011110000001111011101110101101
10101010000001111011101110101101
10011101000001111011101110101101
10101001000100001101011010000000
10101010000100001101011010000000
10011110000100001101011010000000
10101000110110010001000000000000
10101010000110010001000000000000
10011100110110010001000000000000
10101010000100000100000000000000
10011100110100000100000000000000
10011100001111111111111111111111
10011100100111111111111111111111
10011111000111111111111111111111
10101001010000000000000000000000
10101001000000101011111111010111
10101010000000101011111111010111
10011110000000101011111111010111
10011100100011100011010101000011
10101010000011100011010101000011
10011110000011100011010101000011
10011101000011000100000010011101
10101010000011000100000010011101
10011100110011000100000010011101
10011110000001001101000000000000
10101010000001001101000000000000
10101010000100000000100000000000
10011110000100000000100000000000
10011101010100001100000000000000
10011101000001000111001111110111
10101010000001000111001111110111
10011100110001000111001111110111
10101001000100001110000000000000
10101010000100001110000000000000
10011110000100001110000000000000
10011110000110001010000010100000
10101000110111110101010000001000
10101001000001001110101000001000
10101010000001001110101000001000
10011100110001001110101000001000
10101001000010111000001000000000
10101010000010111000001000000000
10011110000010111000001000000000
10011100100111000001101100001001
10101010000111000001101100001001
10011110000111000001101100001001
10011100100001001101000000000000
10011100100100101110010110000111
10101010000100101110010110000111
10011100110100101110010110000111
10011100001100000100100101000001
10101010000100000100100101000001
10011110000100000100100101000001
10011100001100001100111011101101
10101010000100001100111011101101
10011110000100001100111011101101
10011100110110001100100010101001
10101010000110001100100010101001
10011101000110001100100010101001
10011101000011110001101111101011
10101010000011110001101111101011
10011110000011110001101111101011
10011110000100011000010001100000
10101010000100011000010001100000
10011110100100000111110011111011
10101010000100000111110011111011
10011100110100000111110011111011
10011101000101001110000111101001
10101010000101001110000111101001
10011110000101001110000111101001
10011100001000100011011101100110
10101010000000100011011101100110
10011101000000100011011101100110
10011110000101111000010110010000
10101010000101111000010110010000
10011100110101111000010110010000
10011110000100001011000010000011
10101010000100001011000010000011
10011100100100001011000010000011
10011100001110000000000101010110
10101010000110000000000101010110
10011101000110000000000101010110
10011110000001111000010001011000
10101010000001111000010001011000
10011110000101111000000000010000
10101010000101111000000000010000
10011100110101111000000000010000
10011101000001011110101101001111
10101010000001011110101101001111
10011110000001011110101101001111
10011110000110001001101110101110
10101010000110001001101110101110
10011101000010001000010011001011
10101010000010001000010011001011
10011110000010001000010011001011
10011101000011101101000000000000
10101010000011101101000000000000
10011110000011101101000000000000
10011110000111100000001011110100
10101010000111100000001011110100
10011100110111100000001011110100
10011101000100001101111010110110
10101010000100001101111010110110
10011110000100001101111010110110
10011101000100000110100000000000
10101010000100000110100000000000
10011110000100001010000001001000
10101010000100001010000001001000
10011100100100001010000001001000
10011101000001000000101011001001
10101010000001000000101011001001
10011101000010011110100100010011
10101010000010011110100100010011
10011100110010011110100100010011
10011101000101000010100000000000
10101010000101000010100000000000
10011100001100001011101111111001
10101010000100001011101111111001
10011100110100001011101111111001
10011100001100110101011011010101
10101010000100110101011011010101
10011110000100110101011011010101
10011110000010111001001011000101
10101010000010111001001011000101
10011100110010111001001011000101
10011110000001000101011011011011
10101010000001000101011011011011
10011110000001100110100101110101
10101010000001100110100101110101
10011100011001100110100101110101
10011110000100001001001110011011
10101010000100001001001110011011
10011101000111010111111100111111
10101010000111010111111100111111
10011110000111010111111100111111
10011110000100001010010000100101
10101010000100001010010000100101
10011101010100001010010000100101
10011100100100001011100101010100
10101010000100001011100101010100
10011100110100001011100101010100
10011100001001000011100000000000
10101010000001000011100000000000
10011110000001000011100000000000
10011100001100011100001010000100
10101010000100011100001010000100
10011110000100011100001010000100
10011101000001000111001000110001
10101010000001000111001000110001
10011100100010111101100000000010
10101010000010111101100000000010
10011100110010111101100000000010
10011110000001000111001000110001
10011101000100001011100000000000
10101010000100001011100000000000
10011110000100001011100000000000
10011101000100000111100100101011
10101010000100000111100100101011
10011110000100000111100100101011
10011110000101101100001010101011
10101010000101101100001010101011
10011101000100000111100000001101
10101010000100000111100000001101
10011110000100000111100000001101
10011110000100000100011000011001
10101010000100000100011000011001
10011100100100000100011000011001
10011110000100001011000111010101
10101010000100001011000111010101
10011100100100001011000111010101
10011110000100001110010011010010
10101010000100001110010011010010
10011100011100001110010011010010
10011110000100000000000000000101
10101010000100000000000000000101
10011100110100000000000000000101
10101001000101101101100101010011
10101010000101101101100101010011
10011100110101101101100101010011
10101000011100100000000000001100
10101000001100001100100000000010
10101010000100001100100000000010
10011110000100001100100000000010
10101001000100000101100010000100
10101010000100000101100010000100
10011100110100000101100010000100
10101000100100000100001110001011
10101010000100000100001110001011
10011101000100000100001110001011
10101000100000011111000011001100
10101010000000011111000011001100
10011110000000011111000011001100
10101001000100100001110100000000
10101010000100100001110100000000
10011100110100100001110100000000
10101000001111001000000011010000
10101010000111001000000011010000
10011110000111001000000011010000
10101001000100101000100110000010
10101010000100101000100110000010
10011100110100101000100110000010
10101001000100001111011010100001
10101010000100001111011010100001
10011110000100001111011010100001
10101001000000010000100000001011
10101010000000010000100000001011
10011101000000010000100000001011
10101000100110101111100001000000
10101010000110101111100001000000
10011100110110101111100001000000
10101000110011110010000100000100
10101010000011110010000100000100
10011110000011110010000100000100
10101010000100001001010101110101
10011100110100001001010101110101
10101001000100000001000000001001
10101010000100000001000000001001
10011101000100000001000000001001
10101000001100001111101000000000
10101010000100001111101000000000
10011100110100001111101000000000
10101001000100000110000111111001
10101010000100000110000111111001
10011110000100000110000111111001
10101010000100001011010000010101
10011100110100001011010000010101
10101001000100010110100000011001
10101010000100010110100000011001
10011110000100010110100000011001
10101010000100001001100000000000
10011110000100001001100000000000
10101001000100101000010011111000
10101010000100101000010011111000
10011100110100101000010011111000
10101001000100101000010011010100
10101010000100101000010011010100
10011110000100101000010011010100
10101001000100101001111011000100
10101010000100101001111011000100
10011110000100101001111011000100
10101001000100001011000000010000
10101010000100001011000000010000
10011101000100001011000000010000
10101000100110001011000000000001
10101010000110001011000000000001
10011100110110001011000000000001
10101000001110000010010101001111
10101010000110000010010101001111
10011110000110000010010101001111
10101000001100001101100000000000
10101010000100001101100000000000
10011101000100001101100000000000
10101001000100001011000000000000
10101010000100001011000000000000
10011101000100001011000000000000
10101010000100001010101000111000
10011100100100001010101000111000
10101000100010000001100100001101
10101010000010000001100100001101
10011110000010000001100100001101
10101001000100001110100001000010
10101010000100001110100001000010
10011100100100001110100001000010
10101000001110000000011000011000
10101010000110000000011000011000
10011110000110000000011000011000
10101001000110000011100000000001
10101010000110000011100000000001
10011101000110000011100000000001
10101000001100000111001010111011
10101010000100000111001010111011
10011110000100000111001010111011
10101000110100100000100000000000
10101010000100100000100000000000
10011100100100100000100000000000
10101001010001011001011101110011
10101001000101010100101011000000
10101010000101010100101011000000
10011110000101010100101011000000
10101001000100000101000000000011
10101010000100000101000000000011
10011100110100000101000000000011
10101000001100101101111000110101
10101010000100101101111000110101
10011100110100101101111000110101
10101000001001101101111110101010
10101010000001101101111110101010
10011110000001101101111110101010
10101000100110111111100100000000
10101010000110111111100100000000
10011100100110111111100100000000
00011000011000000000000000000001
10101000011000110110000111101010
00000100000000000000110101110100
00010101000000000000000000000000
10011100011000000000000000000001
10101001011000110000000000000000
10101000001000100000000000000000
10000100010000011111111111111000
10000101001000011111111111111100
01000100000000000100100000000000
00010101000000000000000000000000
11010111111000010001011111111000
10011100010000010000000000000000
11010111111000010100111111111100
10011100001000011111111111111000
00011000011000000000000000000001
10101000011000110110001000000000
00000100000000000000110101100101
00010101000000000000000000000000
10101010010111111111111111111111
10101010000111111111111111111111
10011110010111111111111111111111
10011100110111111111111111111111
10011110000100001000010110010001
10101010000100001000010110010001
10101000001100001100000000000000
10101010000100001100000000000000
10011100011100001100000000000000
10011110000110001000001000010011
10101010000110001000001000010011
10011100110110001000001000010011
10011100001100000000001000000101
10101010000100000000001000000101
10011110000100000000001000000101
10101001000000111011010000001101
10101010000000111011010000001101
10011100110000111011010000001101
10101010000000001100000000000000
10011100100000001100000000000000
10011110000100001000010000011001
10101010000100001000010000011001
10011100110100001000010000011001
10101001000110111100011110100111
10101010000110111100011110100111
10011110000110111100011110100111
10011101000100001010000111010011
10101010000100001010000111010011
10011100100100001010000111010011
10101000001000000000000000000000
10101010000000000000000000000000
10011101000000100110100000100000
10101010000000100110100000100000
10011110000000100110100000100000
10011100110100000111100000000101
10101010000100000111100000000101
10101001000100001000001101101011
10101010001000000000000000000000
10101001000100001001000010000110
10101010000100001001000010000110
10011100110100001001000010000110
10101001000100001111101010000100
10101010000100001111101010000100
10011110000100001111101010000100
10011100100000101101000001111011
10101010000000101101000001111011
10011100110000101101000001111011
10101001000100001010001100000000
10101010000100001010001100000000
10011100110100001010001100000000
10101000001111000011000000011110
10101010000111000011000000011110
10011110000111000011000000011110
10101001000100110100111000000000
10101010000100110100111000000000
10011100110100110100111000000000
10101010000000000100100000000000
10011101010000000100100000000000
10011110000000011010010001011000
10101010000000011010010001011000
10011100011000011010010001011000
10011101000110100111101111111001
10101010000110100111101111111001
10011100110110100111101111111001
10101000001011000101010000001100
10101010000011000101010000001100
10011100011011000101010000001100
10101000001100000010101111000011
10101010000100000010101111000011
10011100110100000010101111000011
10101010000100000011100010000000
10011101010100000011100010000000
10101001000101101100000001000101
10101010000101101100000001000101
10011110000101101100000001000101
10011110000010100100100000011101
10101010000010100100100000011101
10101010000111001101110010110001
10011110000111001101110010110001
10011101000011100010010010110111
10101010000011100010010010110111
10011100110011100010010010110111
10101000001111111111111111111111
10101011000000000000000000000000
10101000110111111111111111111111
10011110000000001000010000000000
10101010000000001000010000000000
10101000100111111111111111111111
10101010010000000000000000000000
10101001000111111111111111111111
10011110000111111111111111111111
10101001000110001010000010100000
10101010000110001010000010100000
10011100100110001010000010100000
10101001000110001111000000000000
10101010000110001111000000000000
10011101000110001111000000000000
10011101000000000000000000000000
10011110000000000000000000000000
10101001000100000111011101110000
10101010000100000111011101110000
10011101000100000111011101110000
10101000101001101011010101011010
10101010000001101011010101011010
10011100110001101011010101011010
10011101000011001000000000000000
10101010000011001000000000000000
10011110000011001000000000000000
10101000001100011101100000000000
10101010000100011101100000000000
10011110000100011101100000000000
10101011011110111111111111111000
10011100100000000000000000000000
10101011101000000000000000000000
10101010000010101101110010110001
10011100110010101101110010110001
10101001000000101011111111111011
10101010000000101011111111111011
10011110000000101011111111111011
10101010000100000100100000000000
10011100110100000100100000000000
10011110000110001101110111010011
10101010000110001101110111010011
10011100100110001101110111010011
10101001000000000000000000000000
10011100001000010111100000000100
10101010000000010111100000000100
10011110000000010111100000000100
10011110000000000000000001011000
10101010000000000000000001011000
10011101000000000000000001011000
10011100001100000010100100001000
10101010000100000010100100001000
10011110000100000010100100001000
10011101000100000000000000000000
10101010000100000000000000000000
10011110000100000000000000000000
10101001000000110000001101011000
10101010000000110000001101011000
10011110000000110000001101011000
10011101000001000101100101000111
10101010000001000101100101000111
10011110000001000101100101000111
10011110000100001110100000110000
10101010000100001110100000110000
10011101010100001110100000110000
10011101010110100010010111001001
10101010000110100010010111001001
10011100110110100010010111001001
10101000001000011000000111111101
10101010000000011000000111111101
10011101000000011000000111111101
10101000100000000000000000000000
10101000100011110100001011100010
10101010000011110100001011100010
10011100110011110100001011100010
10011101000100000101000000000000
10101010000100000101000000000000
10011110000100000101000000000000
10011110101100100000000111110000
10101010000100100000000111110000
10011100110100100000000111110000
10101000100010001100011000000000
10101010000010001100011000000000
10011100100010001100011000000000
10101010000100001001101010000100
10011110000100001001101010000100
10101010000100001010100101111011
10011100110100001010100101111011
10101000001000000011010000000000
10101010000000000011010000000000
10011100110000000011010000000000
10101000001100000000000000000000
10011100110100000000000000000000
10101010000100000101110010110001
10011100110100000101110010110001
10101010000100000100011010111001
10011110000100000100011010111001
10011101000100100001000110000000
10101010000100100001000110000000
10011100100100100001000110000000
10101000001100000010011110111010
10101010000100000010011110111010
10011101000100000010011110111010
10101000100110001010010000000100
10101010000110001010010000000100
10011110000110001010010000000100
10101010000010001110001001001111
10011100110010001110001001001111
10011100001100001000000000000000
10101010000100001000000000000000
10011100011100001000000000000000
10101000001011011111000010110010
10101010000011011111000010110010
10011110000011011111000010110010
10011101000011100101000000000000
10101010000011100101000000000000
10011100110011100101000000000000
10101000001100000100011001001011
10101010000100000100011001001011
10011100110100000100011001001011
10011100001001111101101111110110
10101010000001111101101111110110
10011100110001111101101111110110
10101010000100001111000100100010
10011100100100001111000100100010
10011110000100001010100001000100
10101010000100001010100001000100
10011110000001110010010000010110
10101010000001110010010000010110
10011101000001110010010000010110
10101010000100000110000010000000
10011100110100000110000010000000
10011100100111101000110001101001
10101010000111101000110001101001
10011110000111101000110001101001
10011100100110100011000000000000
10101010000110100011000000000000
10011110000110100011000000000000
10011110000110011110011111011100
10101010000110011110011111011100
10011100110110011110011111011100
10011101000100001100010000000001
10101010000100001100010000000001
10011110000100001100010000000001
10101001000000101011100010110000
10101010000000101011100010110000
10011110000000101011100010110000
10101010000100001111100000011000
10011101010100001111100000011000
10101001000000101011101011000000
10101010000000101011101011000000
10011110000000101011101011000000
10011101000100000001000000000110
10101010000100000001000000000110
10011110000100000001000000000110
10101001000000101011101011011000
10101010000000101011101011011000
10011110000000101011101011011000
10011101000100000111000000000000
10101010000100000111000000000000
10101001000000101011101100010000
10101010000000101011101100010000
10011110000000101011101100010000
10101010000100001000011010100101
10011101000100001000011010100101
10101001000010000011101111110000
10101010000010000011101111110000
10011110000010000011101111110000
10101000001001011011100001101110
10101010000001011011100001101110
10011100110001011011100001101110
10011101000101101000010000000100
10101010000101101000010000000100
10011110000101101000010000000100
10011100100011010011100000000000
10101010000011010011100000000000
10011100110011010011100000000000
10011110000110011100110101110000
10101010000110011100110101110000
10011100100110011100110101110000
10011110000100111000010010100011
10101010000100111000010010100011
10011100100100111000010010100011
10011110000110011101010101110000
10101010000110011101010101110000
10011100100110011101010101110000
10011101000111001100110111010100
10101010000111001100110111010100
10011110000111001100110111010100
10011110000110011010010101110000
10101010000110011010010101110000
10011100100110011010010101110000
10101010000111100000100101101100
10011110000111100000100101101100
10101001000010110110100010000000
10101010000010110110100010000000
10011110000010110110100010000000
10101000001010011011111111001101
10011100100110001001001000010011
10101010000110001001001000010011
10011110000110001001001000010011
10101010000100000111011011100100
10011100100100000111011011100100
10011110000111111111111111111110
10101010000111111111111111111110
10011100001010011111110011111111
10101010000010011111110011111111
10011110000010011111110011111111
10101010000100000111000000010100
10011110000100000111000000010100
10011110000111111111111111111101
10101010000111111111111111111101
10011101010100001010000000011001
10101010000100001010000000011001
10011100110100001010000000011001
10101001000001001011000000000000
10101010000001001011000000000000
10011100100001001011000000000000
10011110000111111111111111111011
10101010000111111111111111111011
10011100001100001100101000101101
10101010000100001100101000101101
10011100110100001100101000101101
10101001000010001001000000000001
10101010000010001001000000000001
10011110000010001001000000000001
10011110000111111111111111110111
10101010000111111111111111110111
10011100100000011110000110011011
10101010000000011110000110011011
10011110000000011110000110011011
10011100001100000011101000000101
10101010000100000011101000000101
10011110000100000011101000000101
10011110000111111111111111101111
10101010000111111111111111101111
10011100001100001111000000000000
10101010000100001111000000000000
10011110000100001111000000000000
10011110000111111111111111011111
10101010000111111111111111011111
10011100001111001001110101101011
10101010000111001001110101101011
10011101010111001001110101101011
10101001000100011111100000000000
10101010000100011111100000000000
10011110000100011111100000000000
10011110000111111111111110111111
10101010000111111111111110111111
10011101010100011001100000000000
10101010000100011001100000000000
10011100110100011001100000000000
10011101000100000110011001011001
10101010000100000110011001011001
10011100110100000110011001011001
10011110000111111111111101111111
10101010000111111111111101111111
10011100011101101101010110000001
10101010000100001111100011110001
10011110000100001111100011110001
10011110000111111111111011111111
10101010000111111111111011111111
10011110000001111000011111111001
10101010000001111000011111111001
10101001000110001001011011001001
10101010000110001001011011001001
10011100110110001001011011001001
10011110000111111111110111111111
10101010000111111111110111111111
10011101000110101111101111110001
10101010000110101111101111110001
10011110000110101111101111110001
10101010000100001111111010101000
10011100110100001111111010101000
10011110000111111111101111111111
10101010000111111111101111111111
10011110000100001000010100100000
10101010000100001000010100100000
10011100110100001000010100100000
10101010000100000100000010010011
10011100110100000100000010010011
10011110000111111111011111111111
10101010000111111111011111111111
10011110000001111000010000001000
10101010000001111000010000001000
10101001000100001101011110011101
10101010000100001101011110011101
10011100110100001101011110011101
10011110000111111110111111111111
10101010000111111110111111111111
10011110000000101000011000000000
10101010000000101000011000000000
10011100110000101000011000000000
10011101000100000011010010100000
10101010000100000011010010100000
10011100110100000011010010100000
10011110000111111101111111111111
10101010000111111101111111111111
10011110000100001100000111101001
10101010000100001100000111101001
10011110000111111011111111111111
10101010000111111011111111111111
10011110000100001100000111110000
10101010000100001100000111110000
10011101000100001100000111110000
10011110000001111011101110101101
10101010000001111011101110101101
10011101000001111011101110101101
10101001000100001101011010000000
10101010000100001101011010000000
10011110000100001101011010000000
10101000110110010001000000000000
10101010000110010001000000000000
10011100110110010001000000000000
10101010000100000100000000000000
10011100110100000100000000000000
10011100001111111111111111111111
10011100100111111111111111111111
10011111000111111111111111111111
10101001010000000000000000000000
10101001000000101011111111010111
10101010000000101011111111010111
10011110000000101011111111010111
10011100100011100011010101000011
10101010000011100011010101000011
10011110000011100011010101000011
10011101000011000100000010011101
10101010000011000100000010011101
10011100110011000100000010011101
10011110000001001101000000000000
10101010000001001101000000000000
10101010000100000000100000000000
10011110000100000000100000000000
10011101010100001100000000000000
10011101000001000111001111110111
10101010000001000111001111110111
10011100110001000111001111110111
10101001000100001110000000000000
10101010000100001110000000000000
10011110000100001110000000000000
10011110000110001010000010100000
10101000110111110101010000001000
10101001000001001110101000001000
10101010000001001110101000001000
10011100110001001110101000001000
10101001000010111000001000000000
10101010000010111000001000000000
10011110000010111000001000000000
10011100100111000001101100001001
10101010000111000001101100001001
10011110000111000001101100001001
10011100100001001101000000000000
10011100100100101110010110000111
10101010000100101110010110000111
10011100110100101110010110000111
10011100001100000100100101000001
10101010000100000100100101000001
10011110000100000100100101000001
10011100001100001100111011101101
10101010000100001100111011101101
10011110000100001100111011101101
10011100110110001100100010101001
10101010000110001100100010101001
10011101000110001100100010101001
10011101000011110001101111101011
10101010000011110001101111101011
10011110000011110001101111101011
10011110000100011000010001100000
10101010000100011000010001100000
10011110100100000111110011111011
10101010000100000111110011111011
10011100110100000111110011111011
10011101000101001110000111101001
10101010000101001110000111101001
10011110000101001110000111101001
10011100001000100011011101100110
10101010000000100011011101100110
10011101000000100011011101100110
10011110000101111000010110010000
10101010000101111000010110010000
10011100110101111000010110010000
10011110000100001011000010000011
10101010000100001011000010000011
10011100100100001011000010000011
10011100001110000000000101010110
10101010000110000000000101010110
10011101000110000000000101010110
10011110000001111000010001011000
10101010000001111000010001011000
10011110000101111000000000010000
10101010000101111000000000010000
10011100110101111000000000010000
10011101000001011110101101001111
10101010000001011110101101001111
10011110000001011110101101001111
10011110000110001001101110101110
10101010000110001001101110101110
10011101000010001000010011001011
10101010000010001000010011001011
10011110000010001000010011001011
10011101000011101101000000000000
10101010000011101101000000000000
10011110000011101101000000000000
10011110000111100000001011110100
10101010000111100000001011110100
10011100110111100000001011110100
10011101000100001101111010110110
10101010000100001101111010110110
10011110000100001101111010110110
10011101000100000110100000000000
10101010000100000110100000000000
10011110000100001010000001001000
10101010000100001010000001001000
10011100100100001010000001001000
10011101000001000000101011001001
10101010000001000000101011001001
10011101000010011110100100010011
10101010000010011110100100010011
10011100110010011110100100010011
10011101000101000010100000000000
10101010000101000010100000000000
10011100001100001011101111111001
10101010000100001011101111111001
10011100110100001011101111111001
10011100001100110101011011010101
10101010000100110101011011010101
10011110000100110101011011010101
10011110000010111001001011000101
10101010000010111001001011000101
10011100110010111001001011000101
10011110000001000101011011011011
10101010000001000101011011011011
10011110000001100110100101110101
10101010000001100110100101110101
10011100011001100110100101110101
10011110000100001001001110011011
10101010000100001001001110011011
10011101000111010111111100111111
10101010000111010111111100111111
10011110000111010111111100111111
10011110000100001010010000100101
10101010000100001010010000100101
10011101010100001010010000100101
10011100100100001011100101010100
10101010000100001011100101010100
10011100110100001011100101010100
10011100001001000011100000000000
10101010000001000011100000000000
10011110000001000011100000000000
10011100001100011100001010000100
10101010000100011100001010000100
10011110000100011100001010000100
10011101000001000111001000110001
10101010000001000111001000110001
10011100100010111101100000000010
10101010000010111101100000000010
10011100110010111101100000000010
10011110000001000111001000110001
10011101000100001011100000000000
10101010000100001011100000000000
10011110000100001011100000000000
10011101000100000111100100101011
10101010000100000111100100101011
10011110000100000111100100101011
10011110000101101100001010101011
10101010000101101100001010101011
10011101000100000111100000001101
10101010000100000111100000001101
10011110000100000111100000001101
10011110000100000100011000011001
10101010000100000100011000011001
10011100100100000100011000011001
10011110000100001011000111010101
10101010000100001011000111010101
10011100100100001011000111010101
10011110000100001110010011010010
10101010000100001110010011010010
10011100011100001110010011010010
10011110000100000000000000000101
10101010000100000000000000000101
10011100110100000000000000000101
10101001000101101101100101010011
10101010000101101101100101010011
10011100110101101101100101010011
10101000011100100000000000001100
10101000001100001100100000000010
10101010000100001100100000000010
10011110000100001100100000000010
10101001000100000101100010000100
10101010000100000101100010000100
10011100110100000101100010000100
10101000100100000100001110001011
10101010000100000100001110001011
10011101000100000100001110001011
10101000100000011111000011001100
10101010000000011111000011001100
10011110000000011111000011001100
10101001000100100001110100000000
10101010000100100001110100000000
10011100110100100001110100000000
10101000001111001000000011010000
10101010000111001000000011010000
10011110000111001000000011010000
10101001000100101000100110000010
10101010000100101000100110000010
10011100110100101000100110000010
10101001000100001111011010100001
10101010000100001111011010100001
10011110000100001111011010100001
10101001000000010000100000001011
10101010000000010000100000001011
10011101000000010000100000001011
10101000100110101111100001000000
10101010000110101111100001000000
10011100110110101111100001000000
10101000110011110010000100000100
10101010000011110010000100000100
10011110000011110010000100000100
10101010000100001001010101110101
10011100110100001001010101110101
10101001000100000001000000001001
10101010000100000001000000001001
10011101000100000001000000001001
10101000001100001111101000000000
10101010000100001111101000000000
10011100110100001111101000000000
10101001000100000110000111111001
10101010000100000110000111111001
10011110000100000110000111111001
10101010000100001011010000010101
10011100110100001011010000010101
10101001000100010110100000011001
10101010000100010110100000011001
10011110000100010110100000011001
10101010000100001001100000000000
10011110000100001001100000000000
10101001000100101000010011111000
10101010000100101000010011111000
10011100110100101000010011111000
10101001000100101000010011010100
10101010000100101000010011010100
10011110000100101000010011010100
10101001000100101001111011000100
10101010000100101001111011000100
10011110000100101001111011000100
10101001000100001011000000010000
10101010000100001011000000010000
10011101000100001011000000010000
10101000100110001011000000000001
10101010000110001011000000000001
10011100110110001011000000000001
10101000001110000010010101001111
10101010000110000010010101001111
10011110000110000010010101001111
10101000001100001101100000000000
10101010000100001101100000000000
10011101000100001101100000000000
10101001000100001011000000000000
10101010000100001011000000000000
10011101000100001011000000000000
10101010000100001010101000111000
10011100100100001010101000111000
10101000100010000001100100001101
10101010000010000001100100001101
10011110000010000001100100001101
10101001000100001110100001000010
10101010000100001110100001000010
10011100100100001110100001000010
10101000001110000000011000011000
10101010000110000000011000011000
10011110000110000000011000011000
10101001000110000011100000000001
10101010000110000011100000000001
10011101000110000011100000000001
10101000001100000111001010111011
10101010000100000111001010111011
10011110000100000111001010111011
10101000110100100000100000000000
10101010000100100000100000000000
10011100100100100000100000000000
10101001010001011001011101110011
10101001000101010100101011000000
10101010000101010100101011000000
10011110000101010100101011000000
10101001000100000101000000000011
10101010000100000101000000000011
10011100110100000101000000000011
10101000001100101101111000110101
10101010000100101101111000110101
10011100110100101101111000110101
10101000001001101101111110101010
10101010000001101101111110101010
10011110000001101101111110101010
10101000100110111111100100000000
10101010000110111111100100000000
10011100100110111111100100000000
10011111011111111111111111111111
10011100100111111111111111111111
10101000100000000000000000000000
10011110000011000100000000000000
10011111111000000000000000000000
10101011111000000000000000000000
10101010010111111111111111111111
10101011111111111111111111111111
10101000100111111111111111111111
10011100100110000001100000000000
10011110000000000000000000000000
10101011101000000000000000000000
10011100100110000101100000000000
10101010000000000000000000000000
10011111110101000100001000100010
10011110001100011000110100100001
10011110000010110000000000000000
10101000100010110000000000000000
10011110010010110000000000000000
10011100001000000000000000000000
10101010000000000010000000000000
10101000100000010011010001101001
10011100100000010011010001101001
10011110000010101001000000000000
10101010000000000001000000000000
10101000100000010001010001101001
10011100100000010001010001101001
10101000100000010111010001101001
10011100100000010111010001101001
10101000100000011000010001101001
10011100100000011000010001101001
10011101001000100011000100001101
10101000100000010100010001101001
10011100100000010100010001101001
10101000100000010101010001101001
10011100100000010101010001101001
10101000001111010101110100011100
10011100011000110011010100001101
10011100001000000000100010000000
10011100100000000000000000000001
10101000100000000000000000000001
10011100100000000000000000000011
10101000100000000000000000000011
10011100100000000000000000000111
10101000100000000000000000000111
10011100100000000000000000001111
10101000100000000000000000001111
10011100100000000000000000011111
10101000100000000000000000011111
10011100100000000000000000111111
10101000100000000000000000111111
10011100100000000000000001111111
10101000100000000000000001111111
10011100100000000000000011111111
10101000100000000000000011111111
10011100100000000000001111111111
10101000100000000000001111111111
10011100100000000000011111111111
10101000100000000000011111111111
10101000100000000000110111111111
10011100100000000000110111111111
10101000100000000101110111111111
10011100100000000101110111111111
10011110000010100001000000000000
10101000100100000010010111111111
10011100100100000010010111111111
10101000001000011010101000000000
10011110000110100000100000000000
10011111010110101011101010110101
10101010011110101100110101111000
10011101000100011000000010000000
10011100100000000000000000000000
10101000100100000010010011000110
10011100100100000010010011000110
10101000100100000010001011000010
10011100100100000010001011000010
10101000100100000010001010100010
10011100100100000010001010100010
10101000100100000010001010100110
10011100100100000010001010100110
10101000100100000010011000010110
10011100100100000010011000010110
10101000100100000100011000010110
10011100100100000100011000010110
10101000100100000100011110010110
10011100100100000100011110010110
10011100101111100010100001001011
10011100001111101100110110011011
10101000100111101100110110011011
10011110010111101100110110011011
10011101011111100101101010010101
10011100100111100010001010111001
10011100100111100010010101000101
10011101000111100100011101000101
10011110011111101001101001010101
10011110110111101011011101010101
10011110011111101001101000101001
10011110011111101001101001100101
10011110010111101001010110010101
10011100001000001000000000000000
10011100100000001000000000000000
10101000100000001000000000000000
10011100100010010000000000000000
10101000100010010000000000000000
10011110000010011000000000000000
10011100100010011000000000000000
10101000100010011000000000000000
10011100001100111000000000000000
10011100001010110111000000000000
10011110000010100101000000000000
10011100101000011010110101110110
10101000001111110010100100001101
10011100100010011101110000000001
10101000100010011101110000000001
10101000001011000000000000001010
10011100100010011101010110001011
10101000100010011101010110001011
10011100100010011101110110011001
10101000100010011101110110011001
10011100100010011101110111111111
10101000100010011101110111111111
10011100100010011101110111111011
10101000100010011101110111111011
10101000001111110000000100001101
10011100100010011101110111110111
10101000100010011101110111110111
10011100100010011101110111111001
10101000100010011101110111111001
10011100100010011101110111101001
10101000100010011101110111101001
10011100100010011101110111011001
10101000100010011101110111011001
10011100100010011101110110111001
10101000100010011101110110111001
10011100100010011101110100111001
10101000100010011101110100111001
10011100100010011101110010111001
10101000100010011101110010111001
10101000001011000000001101001110
10101000001011000000000011001010
10011100100010011101111110111001
10101000100010011101111110111001
10011100100010011101101110111001
10101000100010011101101110111001
10011100001000000000100000000000
10011100001111010011110100011100
10011100100010011101011110111001
10101000100010011101011110111001
10011100101000011011110101110111
10011100100010011100110110111001
10101000100010011100110110111001
10011100101000010011000101110111
10101000100000100000110000000000
10011100100000100000110000000000
10011101001000100111000100001101
10011100001111010001110100011100
10011100001100001000000000000000
10011100001111010111010100011100
10011100001100110110000000000000
10011100100100110110000000000000
10101000100100110110000000000000
10011100001000101110000000000000
10011100100000101110000000000000
10101000100000101110000000000000
10011101000001010010010101100111
10011100100001010010010101100111
10101000100001010010010101100111
10011101000100000010010101100111
10011100100100000010010101100111
10101000100100000010010101100111
10011101000110000010010101100111
10011100100110000010010101100111
10101000100110000010010101100111
10101001000100011010110001000110
10011100100100011010110001000110
10101000100100011010110001000110
10101001000000011010110001000110
10011100100000011010110001000110
10101000100000011010110001000110
10101001001010010100100000000000
10101010011000001111010000000000
10101000100000001111010000000000
10011110010000001111010000000000
10011101000000001010110001000110
10011100100000001010110001000110
10101000100000001010110001000110
10101001010010100101000000000000
10101001100011000110000000000000
10101001000010000100000000000000
10101010000100001000000000000000
10011100001000001000000000000001
10101000001101100001000000000000
10011100100101100001000000000000
10101000100101100001000000000000
10011100001101110010100100001101
10101011000000000100000000000000
10011110000110010001000010100101
10101000100110010001000010100101
10011110010110010001000010100101
10011100001000001111001000000100
10101000001101100001000000001000
10011100100101100001000000001000
10101000100101100001000000001000
10011100001011000100000000000000
10011101001101110101000100001101
10101000001101110110100101001101
10101001000000000111100000000000
10011100100000000111100000000000
10101000100000000111100000000000
10011101000010000000000000000000
10011100100010000000000000000000
10101000100010000000000000000000
10101000001000001000000000000000
10011100001010000001000000000101
10011101000000000000000000000001
10011101000000000000000000000000
10011100001000000000000000001010
10011101000000000000000000000011
10011101000000000000000000000111
10011100001000000000000000001000
10011100001000000000000000010000
10011101000000000000000000011111
10011101000000000000000000001111
10011110001010000001010110100101
10011101000000000000000000111111
10011100001010100000001001000000
10011101000000000000000001111111
10011100001010000001000010000101
10011101000000000000000011111111
10011100001010000001000110000101
10011101000000000000000111111111
10011100100000000000000111111111
10101000100000000000000111111111
10011100001010000000001000000000
10011101000000000000001111111111
10011110001010000001010110000101
10011101000000000000011111111111
10011100001101000000100000001010
10011101000000000000111111111111
10011100100000000000111111111111
10101000100000000000111111111111
10011100101000010111000100010000
10011101000000000011111111111111
10011100100000000011111111111111
10101000100000000011111111111111
10011101000000000001111111111111
10011100100000000001111111111111
10101000100000000001111111111111
10011100001101000100100000001010
10011101000000000111111111111111
10011100100000000111111111111111
10101000100000000111111111111111
10011100101000011011000101110111
10011101000000001111111111111111
10011100100000001111111111111111
10101000100000001111111111111111
10011100011010110000001001000000
10101001000110010000011111111111
10011100100110010000011111111111
10101000100110010000011111111111
10011100001010100000001000000000
10011100001001000000000000001010
10011100001101000000000000001010
10011101001000110100100000000000
10101001000000111000010000001000
10101000100000111000010000001000
10011110010000111000010000001000
10011100011010100000001001000000
10011110111000111011100001001100
10011100101000000000000000010000
10011111001010000001010110100101
10011111101000111110100001001100
10011110001010000001000110000101
10101010000000001010010111001100
10011100100000001010010111001100
10101000100000001010010111001100
10101001000101100111011000011010
10011100100101100111011000011010
10101000100101100111011000011010
10101000101000011010100000000000
10101001000101100111011011111100
10011100100101100111011011111100
10101000100101100111011011111100
10101001000101100011011001111100
10011100100101100011011001111100
10101000100101100011011001111100
10011100100101010000000000000000
10011111001101010011011010000100
10101000100101010011011010000100
10011110010101010011011010000100
10011111001001000011011010000100
10101000100001000011011010000100
10011110010001000011011010000100
10011110010010001110101000000000
10011111001001101110111010000100
10101000100001101110111010000100
10011110010001101110111010000100
10101001000100000011011001111100
10011100100100000011011001111100
10101000100100000011011001111100
10011100001000000100000000000000
10011100100000000100000000000000
10101000100000000100000000000000
10101000100001110000000110100000
10011110100000110000000001101100
10101000100000110000000001101100
10011110010000110000000001101100
10101000001000100000000000000011
10011100100000100000000000000011
10101000100000100000000000000011
10101000001010110111011100101010
10011100100010110111011100101010
10101000100010110111011100101010
10101000001010110111011100101011
10011100100010110111011100101011
10101000100010110111011100101011
10101000001010110111011100101001
10011100100010110111011100101001
10101000100010110111011100101001
10101000001010110111011000101101
10011100100010110111011000101101
10101000100010110111011000101101
10101000001010110111011000101001
10011100100010110111011000101001
10101000100010110111011000101001
10101000001010110111011000101011
10011100100010110111011000101011
10101000100010110111011000101011
10101000001010110111011000100011
10011100100010110111011000100011
10101000100010110111011000100011
10101000001010110111011000110011
10011100100010110111011000110011
10101000100010110111011000110011
10101000001010110111011000000011
10011100100010110111011000000011
10101000100010110111011000000011
10101000001010110111011001100000
10011100100010110111011001100000
10101000100010110111011001100000
10101000001010110111011000100000
10011100100010110111011000100000
10101000100010110111011000100000
10101000001010110111011011100000
10011100100010110111011011100000
10101000100010110111011011100000
10101000001010110111011111100000
10011100100010110111011111100000
10101000100010110111011111100000
10101000001010110111001111100000
10011100100010110111001111100000
10101000100010110111001111100000
10101000001010110100111111100100
10011100100010110100111111100100
10101000100010110100111111100100
10101000001010110101011111100100
10011100100010110101011111100100
10101000100010110101011111100100
10101000001010111110011111100100
10011100100010111110011111100100
10101000100010111110011111100100
10011100001100001010000000000000
10101000001010101000011111100100
10011100100010101000011111100100
10101000100010101000011111100100
10011100001100000011000000000000
10011100001010010101001001100100
10011100100010010101001001100100
10101000100010010101001001100100
10011100001010000101001001100100
10011100100010000101001001100100
10101000100010000101001001100100
10011100001110111101000001100100
10011100100110111101000001100100
10101000100110111101000001100100
10011100001100010000000000001000
10011100100100010000000000001000
10101000100100010000000000001000
10011100001101010000000000001000
10011100100101010000000000001000
10101000100101010000000000001000
10011100001100010000100000001000
10011100100100010000100000001000
10101000100100010000100000001000
10101000001111010100000000000000
10011100100111010100000000000000
10101000100111010100000000000000
10101000001100100100000000000000
10011100100100100100000000000000
10101000100100100100000000000000
10101000001000100100000000000000
10011100100000100100000000000000
10101000100000100100000000000000
10101000111001110001110000000000
10011101000000110000010010000000
10011110100000110000000001000000
10101000100000110000000001000000
10011110010000110000000001000000
10011110000000110000010010000000
10011100001100000000010100101010
10101000001011000000000000000001
10011100100011000000000000000001
10101000100011000000000000000001
10101001001100000000011010100001
10101000101000110100001001110010
10101000100000110100001001110010
10011110010000110100001001110010
10011101000101110100000100001101
10011101000000000000000100000000
10011100100000000000000100000000
10101000100000000000000100000000
10011101000110000000000100000000
10011100100110000000000100000000
10101000100110000000000100000000
10101000001000000000000000000000
10011111011101000100001101100000
10011111011001111100011011001101
10101001000000000000000000000000
10011110101000010000100010000000
10011110101000010001000011100110
10101010001000000000000000000000
10011110001101000001001111010111
10101011001111111110110011100111
10101001001100000110000000000111
10101010010000000000000000000000
10011111011101010100001101100000
10011101100000000000000000000000
10101011110000111101100011100011
10011110101000000010011111111111
10101001011010110101100000101000
10101000100011000000010000000000
10011110010011000000010000000000
10101011011111111111111111111111
10101001000000000000000000000001
10101001000000000000000000000011
10101001000000000000000000000111
10101001000000000000000000011111
10101001000000000000000000001111
10101001000000000000000000111111
10101001000000000000000001111111
10101001000000000000000011111111
10101001000000000000000111111111
10101001000000000000001111111111
10101001000000000000011111111111
10101001000000000000111111111111
10101001000000000001011111111111
10011100100000000001011111111111
10101000100000000001011111111111
10101001000000000011011111111111
10011100100000000011011111111111
10101000100000000011011111111111
10101001000000000111011111111111
10011100100000000111011111111111
10101000100000000111011111111111
10101001000000001111011111111111
10011100100000001111011111111111
10101000100000001111011111111111
10011101111000000111011001000010
10011100111011100010110001111011
10101000100011000011010000000000
10011110010011000011010000000000
10011100101011100000110001111011
10011101001011100000110001111011
10011110001011100000110001111011
10101010000001011110100101100101
10011100100001011110100101100101
10101000100001011110100101100101
10011100001000010001000000100111
10101001000001010101101001101000
10011100100001010101101001101000
10101000100001010101101001101000
10101001000001010101100000000000
10011100100001010101100000000000
10101000100001010101100000000000
10101001000001010101100100000001
10011100100001010101100100000001
10101000100001010101100100000001
10101001000001010101100100000000
10011100100001010101100100000000
10101000100001010101100100000000
10101001000001010101100100000110
10011100100001010101100100000110
10101000100001010101100100000110
10101001000001010101100100000100
10011100100001010101100100000100
10101000100001010101100100000100
10101001000001010010110110110110
10011100100001010010110110110110
10101000100001010010110110110110
10101001000001010010110110110010
10011100100001010010110110110010
10101000100001010010110110110010
10101001000001010010110110111000
10011100100001010010110110111000
10101000100001010010110110111000
10101001000001010010110110110000
10011100100001010010110110110000
10101000100001010010110110110000
10101001000001010010110110101000
10011100100001010010110110101000
10101000100001010010110110101000
10101001000001010010110110011000
10011100100001010010110110011000
10101000100001010010110110011000
10101001000001010010110111011000
10011100100001010010110111011000
10101000100001010010110111011000
10101001000001010010110101011000
10011100100001010010110101011000
10101000100001010010110101011000
10101001000001010010110011011000
10011100100001010010110011011000
10101000100001010010110011011000
10101001000001010010111011011000
10011100100001010010111011011000
10101000100001010010111011011000
10101000001011000000000101001110
10101001000001010010101011011000
10011100100001010010101011011000
10101000100001010010101011011000
10101001000001010000111011011000
10011100100001010000111011011000
10101000100001010000111011011000
10101001000001010000011011011000
10011100100001010000011011011000
10101000100001010000011011011000
10101001000001010001011011011000
10011100100001010001011011011000
10101000100001010001011011011000
10101001000001011011011011011000
10011100100001011011011011011000
10101000100001011011011011011000
10101001000001011000011011011000
10011100100001011000011011011000
10101000100001011000011011011000
10101001000001011110011011011000
10011100100001011110011011011000
10101000100001011110011011011000
10101001000001011010011011011000
10011100100001011010011011011000
10101000100001011010011011011000
10101001000001010010011011011000
10011100100001010010011011011000
10101000100001010010011011011000
10101011111001101111100001011000
10011100001011000100010101101011
10011110110101101100100001001111
10011100100101101100100001001111
10101000100101101100100001001111
10101010110101101000100001001110
10011100100101101000100001001110
10101000100101101000100001001110
10011100001000010001000000100101
10101000001000000000000010000000
10101001000101100000000001000110
10011100100101100000000001000110
10101000100101100000000001000110
10101000100101100000000000100000
10011100100001110000010000010111
10101000100001110000010000010111
10011100100001110000010000010110
10101000100001110000010000010110
10011100100001110010010110010011
10101000100001110010010110010011
10011100100001110010010110010001
10101000100001110010010110010001
10011100100001110010010110010101
10101000100001110010010110010101
10011100100001110010010110011101
10101000100001110010010110011101
10011100100001110010010110001101
10101000100001110010010110001101
10011100100001110010010110101101
10101000100001110010010110101101
10011100100001110010010101001101
10101000100001110010010101001101
10011100100001110010010100001101
10101000100001110010010100001101
10011100100001110010010111001101
10101000100001110010010111001101
10011100100001110010010001001101
10101000100001110010010001001101
10011100100001110010011001001101
10101000100001110010011001001101
10011100100001110010001001001101
10101000100001110010001001001101
10011100100001110010111001001101
10101000100001110010111001001101
10011100100001110011011001001101
10101000100001110011011001001101
10011100100001111001111001001101
10101000100001111001111001001101
10011100100001111101111001001101
10101000100001111101111001001101
10011100100001110001111001001101
10101000100001110001111001001101
10011100100001111000110001000100
10101000100001111000110001000100
10011100100001110000100001000100
10101000100001110000100001000100
10011100100001111000100001000100
10101000100001111000100001000100
10011100100001110001010000000000
10101000100001110001010000000000
10101000100001111000010110011001
10101000100001111000010110001110
10101000100001111000010110001011
10101000100001111000010110001101
10101000100001111000010110001111
10101000100001111000010110001001
10101000100001111000010110000001
10101000100001111000010100011001
10101000100001111000010100001001
10101000100001111000010010101001
10101000100001111000010010001001
10101000100001111000010011001001
10101000100001111000010111101001
10101000100001111000010101101001
10101000100001111000010011101001
10101000100001111000001111101001
10101000001011000000000111001110
10101000100001111000111101101001
10101000100001111000101101101001
10101000100001111100101101101001
10101000100001111100001101101001
10101000100001111011110101101001
10101000100001111010110101101001
10101000100001111111110101101001
10101000100001111101110101101001
10101000100001110111110101101001
10101000001001010100000111001110
10011100001001010111011011010011
10101000100011110100000000000000
10101000100000100000000000000000
10011100100000000100100000001001
10101000100000000100100000001001
10011100100000000100100000001000
10101000100000000100100000001000
10011100100000000100100000001011
10101000100000000100100000001011
10011100100000000100100000001111
10101000100000000100100000001111
10011100100000000100100000000111
10101000100000000100100000000111
10101000001000000000010011111101
10011100001001010000110110100011
10011100001000000100110000011010
10011100100000000100100000111111
10101000100000000100100000111111
10011100100000000100100000011111
10101000100000000100100000011111
10101000001000010000101011011101
10011100001001010000110100010011
10011100100000000100100011111111
10101000100000000100100011111111
10011100001001010000110101001011
10011100100000000100100111111111
10101000100000000100100111111111
10011100100000000100101111111111
10101000100000000100101111111111
10011100100000000100111111111111
10101000100000000100111111111111
10101000001011000001110111101011
10011100100000001101010101001011
10101000100000001101010101001011
10011100100000001100010101001011
10101000100000001100010101001011
10011100100000001111010101001011
10101000100000001111010101001011
10011100100000001011010101001011
10101000100000001011010101001011
10011100100010010101110111010001
10101000100010010101110111010001
10011100100010011101110111010001
10101000100010011101110111010001
10011100100010011101000011100101
10101000100010011101000011100101
10011100100010010101000011100101
10101000100010010101000011100101
10011100100010011111011010111110
10101000100010011111011010111110
10011100100010010110100110110110
10101000100010010110100110110110
10011100100010011010111010011010
10101000100010011010111010011010
10101000100010010100000000000000
10011100100010011100000000000000
10101000100010011100000000000000
10011100100010010010000000000001
10101000100010010010000000000001
10011100100010011010000000000001
10101000100010011010000000000001
10101000100010011001110000000000
10011100100010011010110000000100
10101000100010011010110000000100
10011100100010010000110000000100
10101000100010010000110000000100
10011100100010011000100000000000
10101000100010011000100000000000
10011100100010010000100000000000
10101000100010010000100000000000
10011100100010010011110101110100
10101000100010010011110101110100
10011111000110111100000010000001
10011100111110000000110111100101
10101001000110110100000011000001
10011100100111001000101010111011
10011100100010010000110001111001
10101000100010010000110001111001
10011100100010010000110101011001
10101000100010010000110101011001
10011100100001111101101001100000
10011101000001111000100000000100
10011100100010010000110100011111
10101000100010010000110100011111
10011111111000000000000111110010
10011100001000010010000000000000
10011110000010110011000100010000
10011100001001110110100000100110
10011100100100001101100001000000
10011101000010000001000001000000
10011100100100000001000001000000
10011101000110000001000001000000
10101000100100001000000000000000
10011100001010011110000000000000
10101000001011000001011111101011
10101000100011110110100000000000
10101000001011000101010111101011
10101000100011110010100000000000
10101000100100000000100000000000
10011110000100100000100000000000
10011100001010001111000000010010
10101000001000101111101010011000
10011100001010001100000000011010
10101001000010110001101101011001
10011100001100000101100000000000
10011100001001010111111010010011
10011100001010000100000000000000
10011100001111100111100000000000
10011100001001010111011010010011
10101000001000100101101010011000
10011110000001000010001110101100
10011100001001001010000001101100
10101000100001001010000001101100
10011100001001001010000011001111
10101000100001001010000011001111
10011100001001000100000100001111
10101000100001000100000100001111
10011100001001000100001011000001
10101000100001000100001011000001
10011100001001000100011011000001
10101000100001000100011011000001
10011100001001001111110011000101
10101000100001001111110011000101
10011110000001000001100110100110
10011100001001010011000000001000
10011100001001001001110010011101
10101000100001001001110010011101
10011100001010111000100000000000
10011100001010000000000000000000
10011110000001000001110100011001
10011100001111100101101110000011
10011100001001001001000110011011
10101000100001001001000110011011
10011100001001001001000110011010
10101000100001001001000110011010
10011110000110100011101010011000
10011100001001001001000110011000
10101000100001001001000110011000
10011100001001001001000110011101
10101000100001001001000110011101
10011100001001001001000101101101
10101000100001001001000101101101
10011100001001001001001111001001
10101000100001001001001111001001
10011100001001001001001011001001
10101000100001001001001011001001
10011100001001001010111011001001
10101000100001001010111011001001
10011100001001001001011011001001
10101000100001001001011011001001
10011100001001110111100000100110
10011100001001001100001011001001
10101000100001001100001011001001
10011100001001001000001011001001
10101000100001001000001011001001
10011100001001000100001011001001
10101000100001000100001011001001
10011110000110101111001010011000
10011100001001000010001011001001
10101000100001000010001011001001
10011100001001001010001011001001
10101000100001001010001011001001
10011100001001000110001011001001
10101000100001000110001011001001
10011100001001001110001011001001
10101000100001001110001011001001
10011100001001001111000010000000
10101000100001001111000010000000
10101000001001001011100000000000
10101000100001001011100000000000
10011100100001001011100000000000
10101000100001001111000000000000
10101000001000100010101010011000
10011100100001001111000000000000
10011110000110101110001010011000
10101000001101100111000000000000
10101000001000101110101010011000
10011110000001000101010110100110
10011100001011011010010010010010
10011101000110110100000000100001
10011100100000010000110000001000
10011100100001000100000000000000
10101000100001000100000000000000
10011110010100100010001011011010
10011110000100000001000000000000
10011100100100000001000000000000
10101000100001001110100000000000
10011100100001000110100000000000
10101000100001000110100000000000
10101000101000001010111111011011
10101000100001001010100000000000
10101000101000001010111111011010
10101000101000001010111111111111
10101000101000001010100100001000
10101000101000001010100110011000
10101000001001011101010001101101
10101000101000001010111111111011
10101000101000001010111111011000
10101000001000010000101011100101
10101000001000010000101010011101
10101000101000001010100110001000
10101000101000001010100100000000
10101000101000001010101110011000
10101000100001001010100000001000
10101000101000001010111110011000
10101000100001001010000000001000
10101000100001001010010101111100
10101000100001001011010101111100
10101000100001001001010101111100
10101000100001001101010101111100
10101000100001000111101011011101
10101001101111100110101010110111
10101010011111101001100000100000
10101011100111001110010110000000
10101001000011110000110001100100
10101001111011110011010000000100
10011111110000110000010001000000
10101001000010000101100110111100
10101011001110010100100101101011
10101001000000000111100110111100
10101001000000000100010111011110
10101010000001111001100100001100
10011101000110100001000001000000
10011100100000110010000001000000
10101000100000000100000000000010
10011100001001111001000010100111
10101010000100000000000000000000
10101000100000101010000111100100
10011100100000101010000111100110
10101000100000101010000111100110
10101000100000100011000011000010
10101000100000101011001011001111
10101000100000101001001011001010
10101010000001010100111101100011
10101001010111010001100001000110
10011101000000000010000000000000
10101000100000000010000000000000
10011100001001010011101011010001
10011100101000011000100000000000
10011101000001100010000000000000
10101000100001100010000000000000
10011110000001000101100110100110
10011100100000111010100001000000
10011100101000011001100000000000
10011100001011011010010010110010
10101001000010111011001101011001
10011100001010110000000000000000
10011101000001101000100000000000
10101000100001101000100000000000
10101000001000100001101010011000
10011101000001101010100000000000
10101000100001101010100000000000
10101000001000101101101010011000
10011101000001101100000000000000
10101000100001101100000000000000
10011100100000001010100000000000
10011101000001101000000000000000
10101000100001101000000000000000
10011100101001110110011000000100
10011101000001101011000000000000
10101000100001101011000000000000
10011100001000010001000001000000
10011101000001100100000000000000
10101000100001100100000000000000
10011100001010111110000000000000
10011101000001101100100000000000
10101000100001101100100000000000
10011101101011000100000000000000
10011100100001111110001001100000
10011101000000111000100000000100
10011100100000000000100000000000
10101000100000000000100000000000
10011110000100001000000000000000
10101001000001000000000000000010
10011110000101001000000000101010
10011100100001000100011011000011
10011100101001000100001011101011
10011100100001000100011011000001
10011100011000110010000010100100
10101011100100001110001001100100
10011101100100000000000110001000
10101011000110001100100100011101
10101001000010001101100001111001
10101001000110000101100110111100
10101001010010100011101110000000
10011100101000101011110000010000
10011101000100000100001000000100
10011101000100000100011000000100
10011101011110010101110011011011
10101010100100001010011000110100
10101001000010000100010100011100
10011101000010000100011110111101
10101010000100000011100000010001
10101001000110000111100110111100
10101001000000000010000000000000
10101011101001101110100100001001
10011100100001000100001011101001
10011101100010000010000001001000
10101000001101101111000000000000
10101001011010110111010001111111
10101000111001110111010001111111
10101010010100101111010001111111
10101001011010110110010001111111
10101001100010000111001011010111
10101011110111100111010001111111
10101010011100110111010001111111
10101011010110101111010001111111
10101000110001101111010001111111
10101010001100011111010001111111
10101000001000010111010001111111
10011110000110110100101010011000
10101000001000000000100000000000
10101000001000110000100000000000
10011100100000110000100000000000
10101000100000110000100000000000
10101000001000010000100000000000
10011100100000010000100000000000
10101000100000010000100000000000
10101000001011000000010011101101
10101000001010000000010011101101
10011100001101010000110100010011
10101000001001110000100000000000
10011100100001110000100000000000
10101000100001110000100000000000
10011100001000000000100000011010
10101000001000101111001010011000
10011100001010000001000000011010
10011100001000001000000001001000
10011100001111011111010100011100
10101000001101100000100000000000
10011100001010010010000000000000
10011100001000001000100000000000
10101000100100000000000000000000
10011101101000000100100000000000
10011101000101000100010001100101
10011100100001000100011011000010
10011101111001010111100010101111
10101001111001000010110111000010
10011101111001010111100010001111
10101011100100001110001001000100
10101001000010001101100000100000
10101011000110001100100101011101
10011100111001010011100010100010
10101001000100000100011000000000
10101000100000000010000101000000
10101001000111100100010111111111
10101010000111101000010111111111
10101001000000000100011000100000
10101011011110011101100110110110
10011110010001001001000001100001
10011101011010110101110101010010
10101000011111100001100000100000
10101001000110010100000111011111
10101000011000010001100011101111
10011100001100000100000000000000
10011100001010110010000000000000
10011100001100110000100000000000
10011100100100110000100000000000
10101000100100110000100000000000
10101000001101100010100000000000
10011110000001000100000110011110
10101000001111010101011010011100
10011100101000011101000000000000
10011100001001111001000000100110
10011100100011000110100000000000
10011100100111000110100011001000
10011100001001111001100000000100
10011100100111001001011100010100
10101000001001010101000000100000
10011100001100110001000000000000
10011100100100110001000000000000
10101000100100110001000000000000
10011100001001110110000000100110
10011100100111110000100000101111
10101000011000010001100111101111
10101001011010000101101110011100
10101001000000000111001011010111
10101011111111101111111100100100
10101000011000010001110010111100
10101011111111101111111110100100
10011110111011001011111110001001
10101001100111100110001010110111
10011110010011001001001001100001
10011101010110110101000010100101
10011101000010010100000000000000
10011100001000001111111111111111
10101011110111100101010001111111
10011100001000010001000000000000
10011100100000010001000000000000
10101000100000010001000000000000
10011110010111111111111111111111
10011100001000100001000000000000
10011100100000100001000000000000
10101000100000100001000000000000
10011100011011110010001001000000
10011100001001000001000000000000
10011100100001000001000000000000
10101000100001000001000000000000
10101010000010001000010000000000
10011100100010001000010000000000
10101000100010001000010000000000
10101010000100001000010000000000
10011100100100001000010000000000
10101000100100001000010000000000
10011100100100000101100001000000
10011100001110000000100000011010
10011100001000000001000000011010
10011100001000000010000000011010
10011100100100000101000001000000
10011100001010000100000000011010
10011100001110001000000000011010
10011100100011101000000000000100
10101000100011101000000000000100
10011101000010000100001011010110
10011100001101000000010001100101
10101000100100110101100000000000
10011100100100110101100000000000
10101000100100000101100000000000
10011100100100000101100000000000
10101000100100100101100000000000
10011100100100100101100000000000
10101000100110100101100000000000
10011100100110100101100000000000
10101000001100000000010011101101
10011100100000010101100000010100
10101000100000010101100000010100
10011100100100010101100000010100
10101000100100010101100000010100
10011100100111110101100000010101
10101000100111110101100000010101
10011100100111110101100000010110
10101000100111110101100000010110
10011100100111110101100000010010
10101000100111110101100000010010
10011100100111110101100000110010
10101000100111110101100000110010
10011100100111110101100010110010
10101000100111110101100010110010
10011100100111110101101000110010
10101000100111110101101000110010
10011100100111110101110000110010
10101000100111110101110000110010
10011100100111110111110000110010
10101000100111110111110000110010
10011100100111110001110000110010
10101000100111110001110000110010
10011100100111110011110000110010
10101000100111110011110000110010
10101000100111110100101100000100
10011100100111111100100000101111
10011100100111100111110001001111
10101000100111100111110001001111
10011100100111100111110001001110
10101000100111100111110001001110
10011100100111100111110001010011
10101000100111100111110001010011
10011100100111100111110001010111
10101000100111100111110001010111
10011100100111100111110011001111
10101000100111100111110011001111
10011100100111100111110011010111
10101000100111100111110011010111
10011100100111100111110001000111
10101000100111100111110001000111
10011100100111100111110001100111
10101000100111100111110001100111
10011100100111100110101100100111
10101000100111100110101100100111
10011100100111100110011100100111
10101000100111100110011100100111
10011100100111100110111100100111
10101000100111100110111100100111
10011100100111100111111100100111
10101000100111100111111100100111
10011100100111100011111100100111
10101000100111100011111100100111
10011100100111100101111100100111
10101000100111100101111100100111
10011100100111010101111100100110
10101000100111010101111100100110
10011100100111010101111100100111
10101000100111010101111100100111
10011100100111010101111100101111
10101000100111010101111100101111
10011100100111010101101100010111
10101000100111010101101100010111
10011100100111010101101101010111
10101000100111010101101101010111
10011100100111010101101010010111
10101000100111010101101010010111
10011100100111010101101010110111
10101000100111010101101010110111
10011100100111010101101001010111
10101000100111010101101001010111
10011100100111010101101011010111
10101000100111010101101011010111
10011100100111010101110011010111
10101000100111010101110011010111
10011100100111010101110111010111
10101000100111010101110111010111
10011100100111010101010011010111
10101000100111010101010011010111
10011100100111010011010011010111
10101000100111010011010011010111
10011100100111010010110011010111
10101000100111010010110011010111
10011100100111010110110011010111
10101000100111010110110011010111
10011100100111011110110011010111
10101000100111011110110011010111
10011100100111001110110011010101
10101000100111001110110011010101
10011100100111001110110011010111
10101000100111001110110011010111
10011100100111001110110011010001
10101000100111001110110011010001
10011100100111001110110011011101
10101000100111001110110011011101
10011100100111001110110011011001
10101000100111001110110011011001
10011100100111001110110010100001
10101000100111001110110010100001
10011100100111001110110010010001
10101000100111001110110010010001
10011100100111001110110010000001
10101000100111001110110010000001
10011100100111001110110110000001
10101000100111001110110110000001
10011100100111001110101011000001
10101000100111001110101011000001
10011100100111001110110111000001
10101000100111001110110111000001
10011100100111001110111101000001
10101000100111001110111101000001
10011100100111001111001001000001
10101000100111001111001001000001
10011100100111001111011001000001
10101000100111001111011001000001
10011100100111001111111001000001
10101000100111001111111001000001
10011100100111000111111001000001
10101000100111000111111001000001
10011100100110110111111001001000
10101000100110110111111001001000
10011100100110110111111001000100
10101000100110110111111001000100
10011100100110110111111001000000
10101000100110110111111001000000
10011100100110110111111110000000
10101000100110110111111110000000
10011100100110110111111100000000
10101000100110110111111100000000
10011100100110110111111000100000
10101000100110110111111000100000
10011100100110110111101000100000
10101000100110110111101000100000
10011100100110110111011100100000
10101000100110110111011100100000
10011100100110110111101100100000
10101000100110110111101100100000
10011100100110110111111100100000
10101000100110110111111100100000
10011100100110110011111100100000
10101000100110110011111100100000
10011100100110100011111101010000
10101000100110100011111101010000
10011100100110100011111101010100
10101000100110100011111101010100
10011100100110100011111101011010
10101000100110100011111101011010
10011100100110100011111101111010
10101000100110100011111101111010
10011100100110100011111011111010
10101000100110100011111011111010
10011100100110100011111001111010
10101000100110100011111001111010
10011100100110100011011101111010
10101000100110100011011101111010
10011100100110100001011101111010
10101000100110100001011101111010
10011100100110101001011101111010
10101000100110101001011101111010
10011100100110011001011101111010
10101000100110011001011101111010
10011100100110011001011101111001
10101000100110011001011101111001
10011100100110011001011101011001
10101000100110011001011101011001
10011100100110011001011101101001
10101000100110011001011101101001
10011100100110011001011101001001
10101000100110011001011101001001
10011100100110011001011100001001
10101000100110011001011100001001
10011100100110011001011000001001
10101000100110011001011000001001
10011100100110011001110000001001
10101000100110011001110000001001
10011100100110011001100000001001
10101000100110011001100000001001
10011100100110011001000000001001
10101000100110011001000000001001
10011100100110011010100000001001
10101000100110011010100000001001
10011100100110010010100000001001
10101000100110010010100000001001
10011100100110001010100000101010
10101000100110001010100000101010
10011100100110001010100000101000
10101000100110001010100000101000
10011100100110001010100000100111
10101000100110001010100000100111
10011100100110001010100000001011
10101000100110001010100000001011
10011100100110001010100000011111
10101000100110001010100000011111
10011100100110001010100000001111
10101000100110001010100000001111
10011100100110000110101001111111
10101000100110000110101001111111
10011100100110000110101101011111
10101000100110000110101101011111
10011100100110000110101101111111
10101000100110000110101101111111
10011100100110000110101111111111
10101000100110000110101111111111
10011100100110000110100111111111
10101000100110000110100111111111
10011100100110000110111111111111
10101000100110000110111111111111
10011100100110000110001111111111
10101000100110000110001111111111
10011100100110000101101111111111
10101000100110000101101111111111
10011100100110000111001111111111
10101000100110000111001111111111
10011100100110000100001111111111
10101000100110000100001111111111
10011100100110000000000000001000
10011100100101110110001111111101
10101000100101110110001111111101
10011100100101110110001101111101
10101000100101110110001101111101
10011100100101110110011001111101
10101000100101110110011001111101
10011100100101110110011111111101
10101000100101110110011111111101
10011100100101110111010111111101
10101000100101110111010111111101
10011100100101110111011111111101
10101000100101110111011111111101
10011100100101110111001111111101
10101000100101110111001111111101
10011100100101110111111111111101
10101000100101110111111111111101
10011100100101110011001111111101
10101000100101110011001111111101
10011100100101110011101111111101
10101000100101110011101111111101
10011100100101110111101111111101
10101000100101110111101111111101
10011100100101100111101111111100
10101000100101100111101111111100
10011100100101100111101111110101
10101000100101100111101111110101
10011100100101100111101111100101
10101000100101100111101111100101
10011100100101100111101111110001
10101000100101100111101111110001
10011100100101100111101111111101
10101000100101100111101111111101
10011100100101100111101111101101
10101000100101100111101111101101
10011100100101100111101110111101
10101000100101100111101110111101
10011100100101100111101101111101
10101000100101100111101101111101
10011100100101100111001111111101
10101000100101100111001111111101
10011100100101100111011111111101
10101000100101100111011111111101
10011100100101100101001111111101
10101000100101100101001111111101
10101000001101101110000000000000
10011100100101100101101111111101
10101000100101100101101111111101
10011100100101101111101111111101
10101000100101101111101111111101
10011100100101010111101111111110
10101000100101010111101111111110
10011100100101010111101111111111
10101000100101010111101111111111
10011100100101010111101111101111
10101000100101010111101111101111
10011100100101010111101111011111
10101000100101010111101111011111
10011100100101010111101101111111
10101000100101010111101101111111
10011100100101010111101100111111
10101000100101010111101100111111
10011100100101010111110100111111
10101000100101010111110100111111
10011100100101010111010100111111
10101000100101010111010100111111
10011100100101010111010000111111
10101000100101010111010000111111
10011100100101010110010100111111
10101000100101010110010100111111
10011100100101010010110100111111
10101000100101010010110100111111
10011100100101010011110100111111
10101000100101010011110100111111
10011100100101010101010100111111
10101000100101010101010100111111
10011100100101011101010100111111
10101000100101011101010100111111
10011101000101010001000100000000
10011100100101001101010100111110
10101000100101001101010100111110
10011100100101001101010100111111
10101000100101001101010100111111
10011100100101001101010100000111
10101000100101001101010100000111
10011100100101001101011000000111
10101000100101001101011000000111
10011100100101001101000110000111
10101000100101001101000110000111
10011100100101001101001110000111
10101000100101001101001110000111
10011100100101001110011110000111
10101000100101001110011110000111
10011100100101001110111110000111
10101000100101001110111110000111
10011100100101001101111110000111
10101000100101001101111110000111
10011100100101001100111110000111
10101000100101001100111110000111
10011100100101001010111110000111
10101000100101001010111110000111
10011100100100111110111110000110
10101000100100111110111110000110
10011100100100111110111110001011
10101000100100111110111110001011
10011100100100111110111110000011
10101000100100111110111110000011
10011100100100111110111110000111
10101000100100111110111110000111
10011100100100111110111110001111
10101000100100111110111110001111
10011100100100111110111111001111
10101000100100111110111111001111
10011100100100111110111111000111
10101000100100111110111111000111
10011100100100111110111101100111
10101000100100111110111101100111
10011100100100111110101100110111
10101000100100111110101100110111
10011100100100111110101110110111
10101000100100111110101110110111
10011100100100111110110110110111
10101000100100111110110110110111
10011100100100111110010110110111
10101000100100111110010110110111
10011100100100111100010110110111
10101000100100111100010110110111
10011100100100111100110110110111
10101000100100111100110110110111
10101001000100110100000000000000
10011100100100111000110110110111
10101000100100111000110110110111
10011100100100101110110110110110
10101000100100101110110110110110
10011101000100100110100100000000
10011100100100101110110000100001
10101000100100101110110000100001
10011100100100101110110101110001
10101000100100101110110101110001
10011100100100101110110101000001
10101000100100101110110101000001
10011100100100101110110100100001
10101000100100101110110100100001
10011100100100101110110101100001
10101000100100101110110101100001
10011100100100101110110100110001
10101000100100101110110100110001
10011101000100100100100100000000
10011100100100101110110000110001
10101000100100101110110000110001
10011100100100101110100000110001
10101000100100101110100000110001
10011100100100101110010000110001
10101000100100101110010000110001
10011100100100101000010000110001
10101000100100101000010000110001
10011100100100101100010000110001
10101000100100101100010000110001
10011101000100100001100100000000
10011100100100011100010000110000
10101000100100011100010000110000
10011100100100011100010000111000
10101000100100011100010000111000
10011100100100011100010000011000
10101000100100011100010000011000
10011100100100011100001000011000
10101000100100011100001000011000
10011100100100011100000100011000
10101000100100011100000100011000
10011100100100011100001100011000
10101000100100011100001100011000
10011100100100011100101100011000
10101000100100011100101100011000
10101001000100010100000000000000
10101001000100010000000000000000
10011100100100011111001100011000
10101000100100011111001100011000
10011100100100001111001100011000
10101000100100001111001100011000
10011100100100001111001100011101
10101000100100001111001100011101
10011100100100001111010111110101
10101000100100001111010111110101
10011101000100000101100000000000
10011100100100001111010111011101
10101000100100001111010111011101
10011100100100001111010111111101
10101000100100001111010111111101
10011100100100001111010110011101
10101000100100001111010110011101
10011100100100001111001000011101
10101000100100001111001000011101
10011100100100001111011000011101
10101000100100001111011000011101
10011100100100001111100000011101
10101000100100001111100000011101
10011101000100000100000000000000
10011100100100001111110000011101
10101000100100001111110000011101
10011100100100001000110000011101
10101000100100001000110000011101
10011100100100001000010000011101
10101000100100001000010000011101
10011100100100001100010000011101
10101000100100001100010000011101
10011100100100000000010000011101
10101000100100000000010000011101
10011100001100001101110000011011
10011101000100000100100000000000
10011100001100001111000000000000
10011101000100000110000000000000
10011100100011110000010100011010
10101000100011110000010100011010
10011100100011110000010101001011
10101000100011110000010101001011
10011100100011110000010101001001
10101000100011110000010101001001
10011100100011110000010100001101
10101000100011110000010100001101
10011100100011110000010100111101
10101000100011110000010100111101
10011100100011110000010101111101
10101000100011110000010101111101
10011100100011110000010011111101
10101000100011110000010011111101
10011100100011110000010001111101
10101000100011110000010001111101
10011100100011110000011001111101
10101000100011110000011001111101
10011100100011110010111001111101
10101000100011110010111001111101
10011100100011110010110001111101
10101000100011110010110001111101
10011100100011110110010001111101
10101000100011110110010001111101
10011100100011100000010001111110
10101000100011100000010001111110
10011100100011100000010001111100
10101000100011100000010001111100
10011100100011100000010001110110
10101000100011100000010001110110
10011100100011100000010001101110
10101000100011100000010001101110
10101000001011100000010011101101
10011100100011100000010010001110
10101000100011100000010010001110
10011100100011100000010100001110
10101000100011100000010100001110
10011100100011100000010110001110
10101000100011100000010110001110
10011100100011100000010000001110
10101000100011100000010000001110
10011100100011100000011000001110
10101000100011100000011000001110
10011100100011100000000000001110
10101000100011100000000000001110
10011100100011101000000000001110
10101000100011101000000000001110
10011100100011101010000000001110
10101000100011101010000000001110
10011100100011011010000000001101
10101000100011011010000000001101
10011100001011010000010010110001
10011100100011011010000000001111
10101000100011011010000000001111
10011100100011011010000000001001
10101000100011011010000000001001
10011100001011010000010010111000
10011100100011011010000000000001
10101000100011011010000000000001
10011100100011011010000001000001
10101000100011011010000001000001
10011100100011011010000000100001
10101000100011011010000000100001
10011100100011011010000001100001
10101000100011011010000001100001
10011100100011011010010010100001
10101000100011011010010010100001
10011100100011011010011110100001
10101000100011011010011110100001
10011100100011011100011010100001
10101000100011011100011010100001
10011100100011011101111010100001
10101000100011011101111010100001
10011100100011011100110010100001
10101000100011011100110010100001
10011100100011011100010010100001
10101000100011011100010010100001
10011100100011011101010010100001
10101000100011011101010010100001
10011100100011011101110010100001
10101000100011011101110010100001
10011100100011001101110010100010
10101000100011001101110010100010
10101000001011000000000000001011
10011100100011001101110010100011
10101000100011001101110010100011
10011100100011001100110111110011
10101000100011001100110111110011
10011100100011001100101101101011
10101000100011001100101101101011
10011100100011001100101101010011
10101000100011001100101101010011
10011100100011001100101101000011
10101000100011001100101101000011
10011100100011001100101011100011
10101000100011001100101011100011
10011100100011001100110110000011
10101000100011001100110110000011
10011100100011001100101100000011
10101000100011001100101100000011
10011100100011001111011100000011
10101000100011001111011100000011
10011100100011001110100100000011
10101000100011001110100100000011
10011100100011001111111100000011
10101000100011001111111100000011
10011100100011001011111100000011
10101000100011001011111100000011
10101000001011000100100100010001
10011100100011001010000000000000
10011100100010110111111100100000
10101000100010110111111100100000
10011100100010110111111100101101
10101000100010110111111100101101
10011100100010110111111100110001
10101000100010110111111100110001
10011100100010110111111100110011
10101000100010110111111100110011
10011100100010110111111100011011
10101000100010110111111100011011
10011100100010110111111100010011
10101000100010110111111100010011
10011100100010110111111101111011
10101000100010110111111101111011
10011100100010110111111001111011
10101000100010110111111001111011
10011100100010110111111000111011
10101000100010110111111000111011
10011100100010110111110010111011
10101000100010110111110010111011
10011100100010110110100010111011
10101000100010110110100010111011
10101001000010111000010000010010
10011100100010100110100010111100
10101000100010100110100010111100
10011100100010100110100010110101
10101000100010100110100010110101
10011100100010100110100010111001
10101000100010100110100010111001
10011100100010100110100010110001
10101000100010100110100010110001
10011100100010100110100010001001
10101000100010100110100010001001
10011100100010100110100000001001
10101000100010100110100000001001
10011100100010100110101010001001
10101000100010100110101010001001
10011100100010100111011010001001
10101000100010100111011010001001
10011100100010100000000000000000
10011100100010100111110010001001
10101000100010100111110010001001
10011100100010100001110010001001
10101000100010100001110010001001
10011100100010101001110010001001
10101000100010101001110010001001
10011100100010100111100000000000
10011100100010101111000000000000
10011100100010100110100000000000
10101000100010011000010000110010
10011100100010011000010000110010
10101000100010011000010011110011
10011100100010011000010011110011
10101000100010011000110011010101
10011100100010011000110011010101
10101000100010011000110011011101
10011100100010011000110011011101
10101000100010011000110011111101
10011100100010011000110011111101
10101000100010011000110011101101
10011100100010011000110011101101
10101000100010011001110011101101
10011100100010011001110011101101
10101000100010011001110001101101
10011100100010011001110001101101
10101000100010011001110101101101
10011100100010011001110101101101
10101000100010011001011101101101
10011100100010011001011101101101
10101000100010011000101101101101
10011100100010011000101101101101
10101000100010011000111101101101
10011100100010011000111101101101
10101000100010011011011101101101
10011100100010011011011101101101
10101000100010011111011101101101
10011100100010011111011101101101
10011100001010000101101010110111
10101000100010001110010101101100
10011100100010001110010101101100
10101000100010001010010101010011
10011100100010001010010101010011
10101000100010001010010101001101
10011100100010001010010101001101
10101000001010001000010110010101
10101000100010001010010101001001
10011100100010001010010101001001
10011100001010000101101110100101
10101000100010001010010101000101
10011100100010001010010101000101
10101000100010001010010101100101
10011100100010001010010101100101
10101000100010001010010001100101
10011100100010001010010001100101
10101000100010001010101101100101
10011100100010001010101101100101
10101000100010001010110101100101
10011100100010001010110101100101
10011100001010000011010010010110
10101000100010001011010101100101
10011100100010001011010101100101
10101000100010001101010101100101
10011100100010001101010101100101
10011101000010001111000000000000
10011100001010000011010110010110
10011101000010001110100000000000
10011100001010001001010110010110
10011100001010001001010101010110
10101000100010001001010101100101
10011100100010001001010101100101
10011101000010000010100000000000
10011101000010000110000000000000
10011101000010001011000000000000
10011101000010000010000000000000
10101000100001111001010101100001
10011100100001111001010101100001
10101000100001111001010101100011
10011100100001111001010101100011
10101000100001111001010101100111
10011100100001111001010101100111
10101000100001111001010100101111
10011100100001111001010100101111
10101000100001111001010101010011
10011100100001111001010101010011
10101000100001111001010100111011
10011100100001111001010100111011
10101000100001111001010110101011
10011100100001111001010110101011
10101000100001111001010110001011
10011100100001111001010110001011
10101000100001111001111011001011
10011100100001111001111011001011
10101000100001111001110111001011
10011100100001111001110111001011
10101000100001111001111111001011
10011100100001111001111111001011
10101000100001110100111111001011
10011100100001110100111111001011
10101000100001110101011111001011
10011100100001110101011111001011
10011100001001111111000010100111
10101000100001111111011111001011
10011100100001111111011111001011
10101000100001101111011110100011
10011100100001101111011110100011
10101000100001101111011110110111
10011100100001101111011110110111
10101000100001101111011110111111
10011100100001101111011110111111
10101000100001101111011101111111
10011100100001101111011101111111
10101000100001101111011010111111
10011100100001101111011010111111
10101000100001101111011011111111
10011100100001101111011011111111
10101000100001101111010111111111
10011100100001101111010111111111
10101000100001101111011111111111
10011100100001101111011111111111
10101000100001101110101111111111
10011100100001101110101111111111
10101000100001101110111111111111
10011100100001101110111111111111
10101000100001101101011111111111
10011100100001101101011111111111
10101000100001100111011111111111
10011100100001100111011111111111
10101000100001010111011111111111
10011100100001010111011111111111
10011100001001010000110101000011
10101000100001010111010011111111
10011100100001010111010011111111
10101000100001010111011011111111
10011100100001010111011011111111
10011100001001010000110101100011
10101000100001010111011001111111
10011100100001010111011001111111
10101000100001010111011101111111
10011100100001010111011101111111
10101000100001010101111101111111
10011100100001010101111101111111
10101000100001010101011101111111
10011100100001010101011101111111
10101000100001011111011101111111
10011100100001011111011101111111
10101000100001000111011101110001
10011100100001000111011101110001
10011100001001000101011011010110
10101000100001000111011101110010
10011100100001000111011101110010
10011100001001000101011011010010
10101000100001000111011101111001
10011100100001000111011101111001
10011110000001000010001110001100
10011101000001001000111110110100
10101000100001000111110010011001
10011100100001000111110010011001
10101000100001000111110011011001
10011100100001000111110011011001
10101000100001000111110111011001
10011100100001000111110111011001
10101000100001000111101111011001
10011100100001000111101111011001
10011100001001000011111011001000
10011100001001000001011001100100
10011100001001000010111011001000
10101000100001000011101111011001
10011100100001000011101111011001
10101000100001001011101111011001
10011100100001001011101111011001
10011101000001001010001011010100
10011101000001001000110100110100
10011101000001000010001011010100
10011100100000111011101110011010
10101000100000111011101110011010
10011100100000111011101110011111
10101000100000111011101110011111
10011100100000111011101110011000
10101000100000111011101110011000
10011100100000111011101110011100
10101000100000111011101110011100
10011100100000111011100001000000
10011100100000111011101110111100
10101000100000111011101110111100
10011100100000111011101101111100
10101000100000111011101101111100
10011100100000111011101100111100
10101000100000111011101100111100
10011100100000111011101010111100
10101000100000111011101010111100
10011100100000111011100010111100
10101000100000111011100010111100
10011100100000111011100110111100
10101000100000111011100110111100
10011100100000111011110110111100
10101000100000111011110110111100
10011100100000111010110110111100
10101000100000111010110110111100
10011100100000110011110110111100
10101000100000110011110110111100
10011100100000110001110110111100
10101000100000110001110110111100
10011100100000111010000001000000
10011100100000100001110110111100
10101000100000100001110110111100
10011100100000100001110110110010
10101000100000100001110110110010
10011100100000100001110110111010
10101000100000100001110110111010
10011100100000100001110110100010
10101000100000100001110110100010
10011100100000100001110111000010
10101000100000100001110111000010
10101000001000100000101010011000
10011100100000100001111010100010
10101000100000100001111010100010
10011100100000100001111011100010
10101000100000100001111011100010
10011100100000100000100111100010
10101000100000100000100111100010
10011100100000100000110011100010
10101000100000100000110011100010
10011100001000100110000000000000
10011100100000100000100011100010
10101000100000100000100011100010
10101010101000100001000100001011
10011100100000100000000011100010
10101000100000100000000011100010
10011100001000101000110101101001
10011100100000100110000011100010
10101000100000100110000011100010
10011100100000010100000001000000
10011100100000010110000011100010
10101000100000010110000011100010
10011100100000011000000001000000
10101000001000011000010111101000
10011100011000101010010101101001
10101000001000010000010011101101
10101000001000011000010110011001
10011100101000010001000000000000
10011100100000011011100001000000
10011100100000010001100001000000
10101001000000010100000000000000
10011100101000010000000100010000
10011110000000000001111100111111
10101000001000000001111000100000
10101010011000101101110110110110
10011110000000000100001000100100
10011111110000010000010001000000
10011110011000001001101001101100
10101010010000101101100110000100
10011110000000000001111100101001
10011100011000001001000100000111
10101000001000000000001110001000
10101001010000111101100110000100
10011100111000000011010010011110
10011110010000001001010100000111
10101011011000001101100110100110
10011111100000000000000000000000
10011100001100001011000000000000
10101001110011100000111001000100
10011110010100100000000100010001
10101001000101110100011000101101
10011100001010000001111110000010
10101000001111010101100100011100
10011100001000101010010101101001
10011100001000101001010101101001
10011100100000010000100011100010
10101000100000010000100011100010
10011100100000010000100001000000
10011100101000011010100000000000
10011100100110100010000001000000
10011100100010100000100000000000
10101000001101101011000000000000
10011101100001110011100001011000
10011100001001111101000000000100
10011100001000000100101110000001
10011100001111011001010100011100
10101000001101101101100000000000
10011100001111010101010100011100
10011100001000001000010000011011
10011100001100001111110000011011
10011100001000001111110000011011
10011101000100101111100000000001
10011100100100101111100000000001
10101000100100101111100000000001
10011101000010001111100000000000
10011101000111011111110110110011
10011100101011101111100000001000
10011100100000111111100001000000
10101001000000001111100000000000
10011100100110101111100001000000
10011100100100101111100000000100
10101000100100101111100000000100
10011101000000001111100000000000
10101000100101001111000000000100
10011100100101001111000000000100
10011100001100001111010000011011
10011100001000001111000000001011
10101001000010111111001101011001
10011100100000011111001001001000
10101011000010101111011100110010
10101010101010001111000100001011
10101001000000001111000000000000
10101001000101001111000000000000
10011100100000101111000001000000
10101001000010111111010110011111
10101000100101001110100000000100
10011100100101001110100000000100
10011110000110101110101010011000
10011100001100001110110000011011
10011100001000001110110000011011
10011100001000001110100000000000
10011111001010101110111001100101
10011101000111011110110110110011
10101001000000001110100000000000
10011100100111001110111100010100
10101000011111011001011100010100
10011100001100001110100000000000
10011101000000001110100000000000
10011100101000011110011010011011
10011110000100111001011011011011
10011100001100001110010000011011
10011100001000001110000000001011
10101000100101001110000000000100
10011100100101001110000000000100
10011111000010101110011001100101
10101010101010101110011100110010
10101010101010001110000100001011
10011101000110101110000000001100
10011110000100011110000000000100
10101001000000001110000000000000
10101001000101001110000000000000
10011100100110101110000001000000
10011100100011001110000000000000
10011101000000001110000000000000
10101000100101001101100000000100
10011100100101001101100000000100
10011110000110101101101010011000
10011101000010001101100000000000
10011101000111011101110110110011
10011100100000111101100001000000
10101001000000001101100000000000
10011100100110101101100001000000
10011101000000001101100000000000
10101000001011001101100100010001
10011110000100111101011010011011
10011110000110101101001010011000
10011100001100001101010000011011
10011100001000001101000000001011
10101000100101001101000000000100
10011100100101001101000000000100
10011100100000011101000001000000
10011100100101011101001001001110
10101000001101101101000000000000
10101010000101001101010001010110
10101001000000001101000000000000
10011100100000101101000001000000
10011110010100101101001011011010
10011101000000001101000000000000
10101000100101001100100000000100
10011100100101001100100000000100
10011110000110101100101010011000
10011100001100001100110000011011
10101011101110001100111011101111
10011100001000001100100000000000
10011111001010101100111001100101
10011100001100001100100000000000
10011101000111011100110110110011
10011100100011101100100000000000
10101001000000001100100000000000
10011100100110101100100001000000
10011101000100001100100000000000
10011101000000001100100000000000
10011110000100111100011010011011
10011100001100001100010000011011
10011100001000001100000100010000
10101000100101001100000000000100
10011100100101001100000000000100
10011111000010101100011001100101
10011101000110101100000000001100
10101000001101101100000000000000
10011110000100011100000000000100
10101010000101001100010001010110
10101001000000011100000000000000
10011100100110101100000001000000
10101001000101001100000000000000
10011100100101001100000000000000
10101000100101001100000000000000
10011110010100101100001011011010
10101000001000001100000001001001
10011100001010110110000000010000
10011101000000001100000000000000
10101001000000001011100000001000
10011100100000001011100000001000
10101000100000001011100000001000
10011110000110101011101010011000
10011100001100001011110000011011
10011100001000001011110000011011
10011100001000001011100000000000
10011101000010001011100000000000
10011100100110101011100001000000
10011101000000011011100000000000
10101010000010001011100100001010
10011100100011101011100000000000
10101001000000001011100000000000
10101001000000111011100000001000
10011100100000111011100000001000
10101000100000111011100000001000
10011101000000001011100000000000
10101001000010111011110110011111
10101001000000111011000000001000
10011100100000111011000000001000
10101000100000111011000000001000
10011100001100001011010000011011
10011110000110101011001010011000
10101000001001111011001100101110
10011100100000011011000001000000
10011101000000011011000000000000
10101001000000111011010011011011
10011100100000111011010011011011
10101000100000111011010011011011
10101001000000001011000000000000
10011100100000101011000001000000
10011110010000001011000000000000
10011101000000001011000000000000
10011101000100101011000100000000
10101001000010111011010110011111
10101001000000111010100011011011
10011100100000111010100011011011
10101000100000111010100011011011
10011100001100001010110000011011
10011100001000001010110000011011
10011100001000001010100000000000
10011111001010101010111001100101
10011101000010001010100000000000
10011101000111011010110110110011
10101000001001111010101100101110
10011100100011101010100000000000
10101001000000111010101001011110
10011100100000111010101001011110
10101000100000111010101001011110
10011101000101101010100011000000
10011100100110101010100001000000
10101001000111001010110101100000
10011100101000011010011010011011
10011100001100001010010000011011
10011101000111111010000100010100
10101001000000111010001001011110
10011100100000111010001001011110
10101000100000111010001001011110
10011100001111101010000000000000
10101000100011111010000000000000
10101000001101101010000000000000
10011101000010011010000000000000
10101000001001111010001100101110
10011101000011101010000000000000
10101001000000001010000000000000
10101001000101001010000000000000
10011100100110101010000001000000
10011101000000001010000000000000
10101001000000111001101001011110
10011100100000111001101001011110
10101000100000111001101001011110
10011100001100001001110000011011
10011100001000001001100000000000
10011101000010001001100000000000
10011101100111011001100110110011
10101000001011001001100100010001
10011100100110101001100001000000
10011101000000001001100000000000
10011110000100111001011010011011
10011100001100001001010000011011
10011100001000001001000100010100
10101001000000111001001001011110
10011100100000111001001001011110
10101000100000111001001001011110
10011100100000011001000001000000
10011100100111001001001100010100
10101000001101101001000000000000
10011100101000011001000000000000
10101000001001111001001100101110
10101001000000001001000000000000
10011100100000101001000001000000
10011110010100101001001011011010
10011110110000001001001000100000
10011110000000001001000000000010
10101001000000111000101001011110
10011100100000111000101001011110
10101000100000111000101001011110
10011100001100001000110000011011
10011111001010101000111001100101
10011101000010001000100000000000
10011101000111011000110110110011
10101010000010001000100100001010
10011101000011101000100000000000
10011100100011101000100000000000
10101001000000001000100000000000
10101001000101001000100000000000
10011100100110101000100001000000
10011111110000001000101000000000
10011101000000001000101000000000
10011101000001001000100100000000
10011101000000001000100000000000
10101001000010111000110110011111
10011110000100111000011010011011
10011100001100001000010000011011
10101001000000111000001001011110
10011100100000111000001001011110
10101000100000111000001001011110
10011100001111101000000000000000
10101000001000011000000110010100
10011101000000011000000000000000
10011110000100011000000000000100
10101000001001111000001100101110
10011101000011101000000000000000
10101001000000001000000000000000
10101001000101001000000000000000
10011100100110101000000001000000
10011110010100101000001011011010
10101000001000001000000001001001
10011101000100001000000000000000
10011101000000001000000000000000
10101001000000110111101001011110
10011100100000110111101001011110
10101000100000110111101001011110
10011110000110100111101010011000
10011100001100000111110000011011
10011100001000000111110000011011
10101000001010000111110110010001
10011101000100100111100100000000
10011101000010010111100000000000
10101010000010000111100000000100
10011101000000000111100000000000
10101001000101000111100000000000
10101010000100000111111011000100
10101000100100000110111011000100
10011100100000010111101001001000
10011111110000000111101000000000
10011100100000010111100001000000
10101000001000100111101010011000
10101000001011000111100100010001
10101001000101110111011000101101
10011110000110100111001010011000
10011100001100000111010000011011
10011100001000000111000000001011
10101000001010000111010110010001
10101001000000110111001001011110
10011100100000110111001001011110
10101000100000110111001001011110
10011101100001110111000001011000
10011101000100100111000100000000
10011100100000010111001001001000
10011111001010100111011001100101
10011101000010010111000000000000
10011101000000010111000000000000
10101010010101010111010001010111
10101001000101000111000000000000
10011100100111010111010000000100
10011100100011000111011101110011
10011110000100000111000000000010
10011101000000000111000000000000
10101001000000110110101001011110
10011100100000110110101001011110
10101000100000110110101001011110
10101001000101110110111000101101
10011100001100000110110000011011
10011100001000000110110000011011
10101000001010000110110110010001
10011111001010100110111001100101
10101001000101000110100000000000
10011101000010010110100000000000
10011100100011100110100000000000
10011101000101100110100011000000
10101010000100000110111011000100
10011101010111000110101010110010
10011100100011000110111101110011
10011100100000010110100001000000
10011111110000000110101000000000
10101001000111000110110101100000
10011101000000000110100000000000
10101001000101110110011000101101
10011100001100000110010000011011
10011100001000000110010000011011
10101000001010000110010110010001
10101001000000110110001001011110
10011100100000110110001001011110
10101000100000110110001001011110
10011101000100100110000100000000
10011110000000000110000000000100
10011100001010010110000000000000
10011110000000010110010110011001
10011101000000010110001001010100
10011101000010010110000000000000
10101001000101000110000000000000
10011100001010110110000000000000
10101001000111000110010101100000
10011101000000000110000000000000
10101001000010110110010110011111
10101001000000110101101001011110
10011100100000110101101001011110
10101000100000110101101001011110
10011100001100000101110000011011
10011100001000000101100000001011
10101000001010000101110110010001
10011101000100100101100100000000
10011111001010100101111001100101
10011101010111000101101010110010
10101000100000010101101110011001
10011110000000010101100110011001
10011101000010010101100000000000
10011100100011100101100000000000
10101001000101000101100000000000
10011110000000000101110110000100
10011110010100100101101011011010
10101000001101100101100000000000
10011100100000010101100001000000
10011101000111000101110010110010
10011101000000000101100000000000
10101001000010110101100110011111
10101000001011000101100100010001
10101001000101110101011000101101
10011100001100000101010000011011
10011100001000000101000000001011
10101000001010000101010110010001
10101001000000110101001001011110
10011100100000110101001001011110
10101000100000110101001001011110
10011100100000010101001001001000
10011111001010100101011001100101
10011101010111000101001010110010
10011110000000010101010110011001
10101000001001010101000111001110
10101010010101010101010001010111
10011110000000000101010110000100
10011100100011000101011101110011
10011110010100100101001011011010
10011110000100000101000000000010
10011111110000000101001000100000
10011101000111000101010010110010
10101001000111000101010101100000
10011100100111110101000000101111
10101000001011000101000100010001
10101001000000110100101001011110
10011100100000110100101001011110
10101000100000110100101001011110
10011100001100000100110000011011
10011100001000000100110000001011
10101000001010000100110110010001
10011101000000010100100000000000
10011101000101100100100011000000
10011110000000000100110110000100
10011110000000000100100100000000
10011101000000000100101000000000
10101001000111000100110101100000
10101010000010000100100000000100
10011100001101110100011010011011
10011100001100000100010000011011
10011110000000000100000100010100
10101000001010000100010110010001
10101001000000110100001001011110
10011100100000110100001001011110
10101000100000110100001001011110
10011110000000000100010001000100
10011110000000000100010110000100
10101000001000000100000001001001
10101001000000110011101001011110
10011100100000110011101001011110
10101000100000110011101001011110
10011100001100000011110000011011
10011100001000000011110000011011
10011100001000000011100000000000
10011101000000010011100000000000
10011101000000000011100000000000
10011100001000000011110011001001
10011100001100010011100000001000
10011100100010100011100000000000
10101001000111000011110101100000
10101000111011100011100110100000
10101000001011000011100100010001
10011100001100110011011010011011
10011100001100000011010000011011
10011100001000000011000000001011
10101001000000110011001001011110
10011100100000110011001001011110
10101000100000110011001001011110
10011101000010010011000000000000
10011101000000010011000000000000
10011100001000000011010011001001
10101001100011000011000000111011
10011101000000000011000000000000
10011101000111000011010010110010
10101000111011100011000110100000
10101001000000110010101001011110
10011100100000110010101001011110
10101000100000110010101001011110
10011100001100000010110000011011
10011100001000000010110000011011
10011111001010100010111001100101
10011101000010000010101001010100
10101000011011100010100110100000
10011101000000010010100000000000
10101010000010000010100100001010
10011101000011100010100000000000
10011101000101100010100011000000
10101000001100000010101011000100
10101001000101000010100000000000
10011100001100010010100000001000
10011100100111110010100000101111
10011111110000000010101000100000
10011101000000000010101000000000
10101000001010000010111110100010
10011100001010000010111110100010
10011100001101110010011010011011
10011110000110100010001010011000
10011100001100000010010000011011
10011101000000000010000100010000
10101001000000110010001001011110
10011100100000110010001001011110
10101000100000110010001001011110
10011100001111100010000000000000
10011101000010000010001001010100
10011100001000000010000000000000
10101000011011100010000110100000
10101000001101100010000000000000
10011101000010010010000000000000
10101010010000010010010001010010
10011110100101001101010001010110
10101000001100000010001011000100
10101001000010000010001011000100
10011100001100010010000000001000
10011100001100000010000000000000
10011111110000000010001000100000
10101001000000110001101001011110
10011100100000110001101001011110
10101000100000110001101001011110
10011100001100000001110000011011
10011100001000000001100000001011
10011100001000000001100000000000
10101000011011100001100110100000
10011101000000010001100000000000
10101000011111110001100111100100
10011100110000010101110001010000
10011101000000000001100000000000
10011100100111010001110000000100
10011100001100010001100000001000
10011101000001010001100100000000
10011100100010100001100000000000
10011101000111000001110010110010
10101000001011000001100100010001
10011100001101110001011010011011
10011100001100000001010000011011
10011110000110100001001010011000
10101001000000110001001001011110
10011100100000110001001001011110
10101000100000110001001001011110
10101000011011100001000110100000
10011101000010010001000000000000
10011101000000010001000000000000
10101000001000010001010001010010
10101001000101000001000000000000
10011100001100010001000000001000
10011110100000000001001000100000
10011110000100000001000000000010
10011101000111000001010010110010
10011101000000000001000000000000
10011100101011000000100001000000
10011100001100000000110000011011
10011100001000000000110000001011
10101001000000110000101001011110
10011100100000110000101001011110
10101000100000110000101001011110
10011111001010100000111001100101
10011101000010000000101001010100
10101000011011100000100110100000
10011101000010010000100000000000
10011101000000000000100000000000
10011101000011100000100000000000
10011101000101100000100011000000
10101001000101000000100000000000
10101000100100000000111011000100
10011100001010110000100000000000
10011111110000000000101000100000
10011111110000000000101000000000
10011100001010000000111110100010
10101000001010000000111110100010
10011100011000110000000010100100
10101000001101100000010010100011
10101000001101100000000000000011
10011110000000100000010010000000
10011101001000000000110010101011
10011110000000100000000010000000
10101000001000000000011100010010
10101010001100010000010001100001
10011101010111011011100000100110
10101010001100010000001000000000
10101010001100010000000001100001
10011101010111010001100001100110
10011100001000000101101110000011
10011111000010101010111001100101
10101000011011100111000110100000
10011110000001000100101010011000
10101010000010000010000000000100
10011100100000000010010000000100
10011101000000000001100100000000
10011101000000000111000100000000
10011101000000000000101000000000
10011100001001111100000000000100
10011110000001000101010110011110
10011101000011100011000001001010
10011101000011110110000011000111
10011101000001001000011100110100
10011101000001000100010011010100
10101001000010111010000110011111
10101010000010000100001010011000
10101001000111001000001010110010
10011101000000000011000011000000
10011100001101111011010011001001
10101011001110001100111011101111
10011100100000010100101001001000
10011100001000001100110101010000
10011100100101101000100001000000
10011100100101100101100001000000
10011101000011100011000011000010
10011101000001110010000000000000
10011100001001001100111011001000
10101000001101110100000000000000
10101001000010110011000110011111
10101001010111001000001010110010
10011100100000010001001001001000
10101011001110011100100010000000
10101001000011010000010001100100
10011100100111110000001101110011
10101000100111110000001101110011
10101001000000001100000000000000
10101000100000011001011010111010
10011110000000010000000000000001
10101010000101000000000100001100
10011110000000110101111001001000
10011100001000000000000010000000
10011110000001110000000000000100
10011110000000000100000000000000
10101001100000000000000000000000
10011101000000010001000000000001
10101001101000000000000000000000
10011110000000110100000000000000
10011100110110100100011110101111
10011110111101000100000101101110
10101000100001001100001011111011
10101001101000000000011111110111
10101010000000000101001011101101
10101001000000010000011100000000
10101011000110000110011100110010
10011110000000110000111100100000
10101011101100011101000000000000
10011111101100100000000000000000
10101011101000100100000000000000
10101001000111100010100000000010
10101011111011100111111111111111
10101011111001011111100000100011
10011100100010000000010000110001
10011100001111010101010000001000
10101000001000000001101010011000
10101010000101000000100100001100
10101010000001110110000100001100
10011100100000001100000000000000
10101000001101100101000000000000
10011100001111100101100000000000
10011110000000000000100000000000
10011101000001001000111100110100
10011101000011100010000011000111
10011100001000001000000000001011
10011110000110111010001010011011
10011111101000000011100110110101
10011100111110101110100011100100
10011101000011100001000001011010
10101010000011101000010001111101
10011100001001111101000000100110
10101001000101111010011000101101
10011101011100010110000110110101
10011100100000001110101000111011
10101010000011100011100001011111
10011101000000010101000000000000
10101010000011100000110001011111
10101010000011101000000101011111
10101000001000001010101000000000
10011101000011100011000011010101
10011101000000010010000000000100
10011110000000000010100100000000
10011100100110010000000000001001
10101000100100000000000000001010
10011101100111011001010110110011
10011111101100010001100110110101
10011100100011001001100101100010
10011100100010011110111000111011
10011100001010000011010110110110
10011100001010000011010111010110
10011100001010001011010100110110
10101000100000000110100000000000
10101000001000011111001000000000
10011101111100010110000110110101
10101010000010001010011010011000
10011101100111011101100110110011
10011110000000000001000000000000
10101000001000010000000000010001
00011000011000000000000000000001
10101000011000110110001000010101
00000100000000000000000011010101
00010101000000000000000000000000
10011100011000000000000000000001
10101001011000110000000000000000
10101000001000100000000000000000
10000100010000011111111111111000
10000101001000011111111111111100
01000100000000000100100000000000
00010101000000000000000000000000
11010111111000010001011111111000
10011100010000010000000000000000
11010111111000010100111111111100
10011100001000011111111111111000
00011000011000000000000000000001
10101000011000110110001000101000
00000100000000000000000010000001
00010101000000000000000000000000
10011100011000000000000000000001
10101001011000110000000000000000
10101000001000100000000000000000
10000100010000011111111111111000
10000101001000011111111111111100
01000100000000000100100000000000
00010101000000000000000000000000
10011100110000000000000000000000
11010111111000010100111111111100
11010111111000010000111111111000
10101000100000110000000000000000
10011100001000011111111111111000
10101000101001100000000000000000
00000100000000000000101010101111
10101000011001100000000000000000
10011100001000010000000000001000
10000101001000011111111111111100
01000100000000000100100000000000
10000100001000011111111111111000
11010111111000010001011111111000
11010111111000010100111111111100
11010111111000010000111111110100
10011100100000000000000000000000
10011100001000011111111111110100
00000100000000000000101011110000
10101000010000110000000000000000
00011000011000000000000000000001
10101000011000110110001000111000
10000100011000110000000000000000
10000100100000110000000000111100
10111100000001000000000000000000
00010000000000000000000000000100
00010101000000000000000000000000
01001000000000000010000000000000
00010101000000000000000000000000
00000100000000000010110010110000
10101000011000100000000000000000
11010111111000010001011111110100
00011000011000000000000000000001
00011000010000000000000000000001
10101000011000111000101111100000
10101000010000101000101111100000
11010111111000010100111111111100
11100000010000100001100000000010
11010111111000010000111111110000
10111000010000100000000010000010
11010111111000010111011111111000
10111100001000100000000000000000
00001100000000000000000000001111
10011100001000011111111111110000
00011000011000000011111111111111
10101000011000111111111111111111
11100001110000100001100000000000
00011000011000000000000000000001
10111001110011100000000000000010
10101000011000111000101111100000
11100001110011100001100000000000
10000100011011100000000000000000
01001000000000000001100000000000
10011100010000101111111111111111
10111100001000100000000000000000
00010011111111111111111111111100
10011101110011101111111111111100
00000100000000000011110111010111
00010101000000000000000000000000
10011100001000010000000000010000
10000101001000011111111111111100
10000100001000011111111111110000
10000100010000011111111111110100
01000100000000000100100000000000
10000101110000011111111111111000
11010111111000010111011111110100
11010111111000011001011111111000
00011001110000000000000000000001
00011010010000000000000000000001
10101001110011101000101111100000
10101010010100101000101111100000
11010111111000010001011111110000
11100010010100100111000000000010
10011100010000000000000000000000
10111010010100100000000010000010
11010111111000010100111111111100
11010111111000010000111111101100
11100100001100100001000000000000
00001100000000000000000000001000
10011100001000011111111111101100
10000100011011100000000000000000
01001000000000000001100000000000
10011100010000100000000000000001
11100100001100100001000000000000
00010011111111111111111111111100
10011101110011100000000000000100
00011001110000000000000000000001
00011010010000000000000000000001
10101001110011101000101111100000
10101010010100101000101111100000
10011100010000000000000000000000
00000111111111111110110101100001
11100010010100100111000000000010
10111010010100100000000010000010
11100100001100100001000000000000
00001100000000000000000000001000
00010101000000000000000000000000
10000100011011100000000000000000
01001000000000000001100000000000
10011100010000100000000000000001
11100100001100100001000000000000
00010011111111111111111111111100
10011101110011100000000000000100
10011100001000010000000000010100
10000101001000011111111111111100
10000100001000011111111111101100
10000100010000011111111111110000
10000101110000011111111111110100
01000100000000000100100000000000
10000110010000011111111111111000
11010111111000010100111111111100
11010111111000010000111111111000
10011100001000011111111111111000
10101000101001000000000000000000
10011100110000010000000000001000
00000100000000000000000010011010
10000100100000110000000000001000
10011100001000010000000000001000
10000101001000011111111111111100
01000100000000000100100000000000
10000100001000011111111111111000
11010111111000010100111111111100
11010111111000010000111111111000
10011100001000011111111111110100
00000100000000000001011110111011
11010100000000010001100000000000
10000100011000010000000000000000
10011100110000010000000000001100
10101000101000110000000000000000
10000100100010110000000000001000
00000100000000000000000010001011
10101000011010110000000000000000
10011100001000010000000000001100
10000101001000011111111111111100
01000100000000000100100000000000
10000100001000011111111111111000
11010111111000010001011111111000
11010111111000010100111111111100
10101000010000110000000000000000
11010111111000010000111111110100
10101000011001000000000000000000
10011100001000011111111111010100
00000100000000000000000000111101
11010100000000010010000000000000
10000100100000010000000000000000
10011100101010110000000000000001
11010100000000010010000000010000
00011000100000000000000000000001
10000100011000100000000000111000
10101000100001000110001000111100
11010100000000010101100000010100
11010100000000010010000000011000
10011100100000000000000000000001
11010100000000010010100000001100
11010100000000010010000000011100
10011100100000010000000000010000
10111100001000110000000000000000
11010100000000010010000000000100
10011100100000000000000000000010
11010100000000010010000000001000
00001100000000000000000000011001
10000100100000100000000000001000
10011000011001000000000000001100
10100100101000110010000000000000
10111100001001010000000000000000
00010000000000000000000000001001
10011100101000010000000000000100
10000100101001000000000001100100
10011100110000001101111111111111
10101000011000110010000000000000
11100000101001010011000000000011
11011100000001000001100000001100
11010100000001000010100001100100
10011100101000010000000000000100
00000100000000000001010110101011
10101000011000100000000000000000
10111100001010110000000000000000
00010000000000000000000000000011
10011101011000001111111111111111
10011101011000000000000000001010
10011100001000010000000000101100
10000101001000011111111111111100
10000100001000011111111111110100
01000100000000000100100000000000
10000100010000011111111111111000
10101000011000100000000000000000
00000100000000000001010000111111
11010100000000010010000000000000
00000011111111111111111111100110
10000100100000010000000000000000
11010111111000010100111111111100
11010111111000010000111111111000
10011100001000011111111111110100
00000100000000000001011101110110
11010100000000010001100000000000
10000100011000010000000000000000
10101000100000110000000000000000
00000111111111111111111111000011
10101000011010110000000000000000
10011100001000010000000000001100
10000101001000011111111111111100
01000100000000000100100000000000
10000100001000011111111111111000
10100100100000110000000000000011
11010111111000010000111111111000
11010111111000010001011111111100
10111100000001000000000000000000
00010000000000000000000000111010
10011100001000011111111111111000
10010000101000110000000000000000
10111100000001010000000000000000
00010000000000000000000000111000
10101000100000110000000000000000
00000000000000000000000000000111
10011100100001000000000000000001
10010000101001000000000000000000
10111100001001010000000000000000
00001100000000000000000000101100
11100001011001000001100000000010
10011100100001000000000000000001
10100100101001000000000000000011
10111100001001010000000000000000
00010011111111111111111111111001
00010101000000000000000000000000
00011000010000001111111011111110
10000100101001000000000000000000
10101000010000101111111011111111
11100000110001010001000000000000
10101100101001011111111111111111
00011000010000001000000010000000
11100000101001100010100000000011
10101000010000101000000010000000
11100000101001010001000000000011
10111100001001010000000000000000
00010000000000000000000000010000
00010101000000000000000000000000
10011100100001000000000000000100
00011000010000001111111011111110
10000100101001000000000000000000
10101000010000101111111011111111
11100000110001010001000000000000
10101100101001011111111111111111
00011000010000001000000010000000
11100000101001100010100000000011
10101000010000101000000010000000
11100000101001010001000000000011
10111100000001010000000000000000
00010011111111111111111111110110
10011100100001000000000000000100
10011100100001001111111111111100
10010000101001000000000000000000
10111100000001010000000000000000
00010000000000000000000000001001
11100001011001000001100000000010
10011100100001000000000000000001
10010000101001000000000000000000
10111100001001010000000000000000
00010011111111111111111111111110
10011100100001000000000000000001
10011100100001001111111111111111
11100001011001000001100000000010
10011100001000010000000000001000
10000100001000011111111111111000
01000100000000000100100000000000
10000100010000011111111111111100
00000011111111111111111111010111
10101000100000110000000000000000
00000011111111111111111111111010
10101001011001010000000000000000
11010111111000010100111111111100
11010111111000011001011111100000
11010111111000011011011111101000
11010111111000011101011111110000
11010111111000010000111111010100
11010111111000010001011111011000
11010111111000010111011111011100
11010111111000011010011111100100
11010111111000011100011111101100
11010111111000011110011111110100
11010111111000011111011111111000
10011100001000011111111011101100
10101010110000110000000000000000
10101011010001000000000000000000
10101010010001010000000000000000
00000100000000000001011100100011
11010100000000010011000000101100
10000101011010110000000000000000
10101000011010110000000000000000
00000111111111111111111110101011
11010100000000010101100001000100
10111100000101100000000000000000
00010000000000000000000000000110
11010100000000010101100001010000
10000100010101100000000000111000
10111100001000100000000000000000
00001100000000000000000010101101
00010101000000000000000000000000
10011000011110100000000000001100
10100100010000111111111111111111
10100100100000100010000000000000
10111100001001000000000000000000
00010000000000000000000000001000
10011100101000001101111111111111
10000100100110100000000001100100
10101000010000110010000000000000
11100000011001000010100000000011
11011100000110100001000000001100
11010100000110100001100001100100
10100100010000101111111111111111
10100100011000100000000000001000
10111100000000110000000000000000
00010000000000000000000001100101
10101000100110100000000000000000
10000100011110100000000000010000
10111100001000110000000000000000
00001100000000000000000001100001
10100100010000100000000000011010
10111100001000100000000000001010
00001100000000000000000001101000
10011100010000010000000010101000
10011100111000000000000000000000
11010100000000010001000000011100
11010100000000010001000001110100
10101001100000100000000000000000
10011100010000010000000001110100
11010100000000010011100000111100
11010100000000010001000000011000
10011100010000010000000001100100
11010100000000010011100001111100
11010100000000010001000000010100
10011100010000010000000010100111
11010100000000010011100001111000
11010100000000010011100001001100
11010100000000010011100001001000
11010100000000010011100001010100
11010100000000010011100000110000
11010100000000010001000000010000
10010000010100100000000000000000
10100100011000100000000011111111
10111100000000110000000000000000
00010000000000000000000000100101
10101001110100100000000000000000
10101100010000100000000000100101
10100100010000100000000011111111
10111100000000100000000000000000
00001100000000000000000000001010
10011101110011100000000000000001
10011101110011101111111111111111
00000000000000000000000000011110
10010000010011100000000000000000
10100100010000100000000011111111
10111100001000100000000000000000
00001100000000000000000000001001
11100000010011101001000000000010
10011101110011100000000000000001
10010000010011100000000000000000
10100100011000100000000011111111
10111100000000110000000000000000
00001111111111111111111111111000
10101100010000100000000000100101
11100000010011101001000000000010
10111100000000100000000000000000
00010000000000000000000000001111
10000100100000010000000001111100
10000100011000010000000001111000
11100000100001000001000000000000
10011100011000110000000000000001
11010100000011001001000000000000
11010100000011000001000000000100
11010100000000010010000001111100
10111101010000110000000000000111
00010000000000000000000000111110
11010100000000010001100001111000
10011101100011000000000000001000
10000100011000010000000000110000
11100000011000110001000000000000
11010100000000010001100000110000
10010000010011100000000000000000
10111100000000100000000000000000
00010000000000000000000000111111
10011100101000000000000000000000
10011100100000000000000000000000
10011110010011100000000000000001
11011000000000010010000001011001
10101000111001010000000000000000
10011100010000001111111111111111
11010100000000010010100000100100
10101001110001010000000000000000
10101000100001010000000000000000
10010010100100100000000000000000
10011110010100100000000000000001
10011100011101001111111111100000
10111100010000110000000001011000
00010000000000000000001001000111
00011000110000000000000000000001
10111000011000110000000000000010
10101000110001100110001010001100
11100000011000110011000000000000
10000100011000110000000000000000
01000100000000000001100000000000
00010101000000000000000000000000
00000011111111111111111111110100
10101001110011100000000000010000
10000101000000010000000000101100
10000100100010000000000000000000
10011101000010000000000000000100
10111101011001000000000000000000
00010011111111111111111111101110
11010100000000010100000000101100
11100000100000000010000000000010
00000011111111111111111111101011
10101001110011100000000000000100
00000100000000000000100010101011
10101000011101100000000000000000
10111100000010110000000000000000
00001100000000000000011001101011
00010101000000000000000000000000
10010100010110100000000000001100
10100100010000100000000000011010
10111100001000100000000000001010
00010011111111111111111110011100
10011100010000010000000010101000
10011000010110100000000000001110
10111101100000100000000000000000
00010011111111111111111110011000
10011100010000010000000010101000
10000100110000010000000000101100
10101000101100100000000000000000
10101000100110100000000000000000
00000100000000000000100001100001
10101000011101100000000000000000
00000000000000000000000000011001
10011100001000010000000100010100
10011100101000010000000001110100
10101000100110100000000000000000
00000100000000000010001101000101
10101000011101100000000000000000
10111100001010110000000000000000
00010000000000000000000000001011
10011101100000010000000010101000
00000011111111111111111110111111
10000100011000010000000000110000
10000100010000010000000001111100
10111100001000100000000000000000
00001100000000000000000000000101
10011100101000010000000001110100
10101000100110100000000000000000
00000100000000000010001100111001
10101000011101100000000000000000
10010100010110100000000000001100
10100100010000100000000001000000
10111100001000100000000000000000
00010000000000000000000000000011
10011101011000001111111111111111
10000101011000010000000000110000
10011100001000010000000100010100
10000101001000011111111111111100
10000100001000011111111111010100
10000100010000011111111111011000
10000101110000011111111111011100
10000110010000011111111111100000
10000110100000011111111111100100
10000110110000011111111111101000
10000111000000011111111111101100
10000111010000011111111111110000
10000111100000011111111111110100
01000100000000000100100000000000
10000111110000011111111111111000
00000100000000000001001100100101
10101000011101100000000000000000
00000011111111111111111101010100
10011000011110100000000000001100
10011100101000000000000000000001
00000011111111111111111110101100
10011100111000000000000000101011
10000101000000010000000000101100
10011101011000000000000000000000
10000111000010000000000000000000
11010100000000010010000000100100
11011000000000010101100001011001
10111100001110000000000000000000
00001100000000000000011100011110
10011111100010000000000000000100
10111101100000100000000000000000
00010000000000000000011010011010
10101000101000100000000000000000
10011100100000000000000000000000
10101000011110000000000000000000
00000100000000000001101000011001
11010100000000010110000000001000
10111100001010110000000000000000
00001100000000000000011101110010
10000101100000010000000000001000
11100001011010111100000000000010
11010100000000010101100000101000
10111101011010110000000000000000
00001100000000000000011010010110
10101000011010110000000000000000
10011100010000000000000000000000
10010000101000010000000001011001
11010100000000010001100000100000
11010100000000011110000000101100
11010100000000010001000001000000
10111100000001010000000000000000
00010000000000000000000000000100
10000100011000010000000000100000
10011100011000110000000000000001
11010100000000010001100000100000
10100100110011100000000000000010
10111100000001100000000000000000
00010000000000000000000000000101
11010100000000010011000000110100
10000100111000010000000000100000
10011100111001110000000000000010
11010100000000010011100000100000
10100101000011100000000010000100
10111100000010000000000000000000
00001100000000000000001000000100
11010100000000010100000000111000
10000101011000010000000000100100
10000100111000010000000000100000
11100011110010110011100000000010
10111101010111100000000000000000
00001100000000000000000111111110
00011011100000000000000000000001
10111101010111100000000000010000
10000100111000010000000001111100
10000100011000010000000001111000
00001100000000000000000000011110
10101011100111000110010000000000
00000000000000000000000000000110
10011101101000000000000000010000
10011111110111101111111111110000
10111101010111100000000000010000
00001100000000000000000000011000
10011101100011000000000000001000
10011100011000110000000000000001
10011100111001110000000000010000
11010100000011001110000000000000
11010100000011000110100000000100
11010100000000010011100001111100
10111101010000110000000000000111
00001111111111111111111111110110
11010100000000010001100001111000
10011100101000010000000001110100
10101000100110100000000000000000
10101000011101100000000000000000
00000100000000000010001011010101
11010100000000010110100000001100
10111100001010110000000000000000
00010011111111111111111110011011
10000101101000010000000000001100
10011111110111101111111111110000
10000100111000010000000001111100
10111101010111100000000000010000
10000100011000010000000001111000
00010011111111111111111111101100
10011101100000010000000010101000
10011100011000110000000000000001
11100000111111100011100000000000
11010100000011001110000000000000
11010100000011001111000000000100
11010100000000010011100001111100
10111101010000110000000000000111
00010000000000000000001111001101
11010100000000010001100001111000
10011101100011000000000000001000
00000000000000000000000111010011
10010000101000010000000001011001
10111100000001010000000000000000
00001100000000000000011110111101
11010100000000010010000000100100
10100100011011100000000000010000
10111100000000110000000000000000
00010000000000000000000010010010
10100100101011100000000001000000
10011100011000000000000000000000
10000100101000010000000000101100
11011000000000010001100001011001
10111101100000100000000000000000
10011100100001010000000000000100
00010000000000000000011000011011
10000111100001010000000000000000
11100000011000001110000000000010
10011100110000001111111101111111
11100000011000111110000000000100
11010100000000010010000000101100
10111101100000110000000000000000
00010000000000000000000010011010
11100001110011100011000000000011
11100000011000000001000000000010
11100000011000110001000000000100
10111000011000110000000001011111
10111100001000110000000000000000
00010000000000000000000010010100
10101000101000110000000000000000
00000000000000000000000001000110
00010101000000000000000000000000
00000011111111111111111100101111
10101001110011100000000010000000
10101000110100100000000000000000
10011100100000000000000000000000
10011100011101001111111111010000
11100000100001000010000000000000
10010010100001100000000000000000
10111000110001000000000000000010
10011110010100100000000000000001
11100000100001000011000000000000
11100000100000110010000000000000
10011100011101001111111111010000
10111100101000110000000000001001
00010011111111111111111111111000
10101000110100100000000000000000
00000011111111111111111100100011
10011100011101001111111111100000
10010010100100100000000000000000
10111100000101000000000000101010
00010000000000000000011101101110
10011110010100100000000000000001
10011100011101001111111111010000
10101001000100100000000000000000
10111100101000110000000000001001
00001111111111111111111100011001
10011100010000000000000000000000
11100000010000100001000000000000
10010010100010000000000000000000
10111000110000100000000000000010
10011110010010000000000000000001
11100000010000100011000000000000
11100000010000100001100000000000
10011100011101001111111111010000
10111100101000110000000000001001
00010011111111111111111111111000
10101001000100100000000000000000
10111101011000100000000000000000
00010011111111111111111100001101
10011100011101001111111111100000
00000011111111111111111100001011
10011100010000001111111111111111
10011100110000000000000000000000
11010100000000010010000000100100
10011100101000000000000001111000
10011100100000000000000000110000
10000100111000010000000000101100
11011000000000010011000001011001
11011000000000010010000001011010
11011000000000010010100001011011
10111101011000100000000000000000
10011100110001110000000000000100
00001100000000000000010111010001
10000100011001110000000000000000
11100000100000000001100000000010
10011101011000001111111101111111
11100000100001000001100000000100
11100001110011100101100000000011
11010100000000010011000000101100
10111101100001000000000000000000
00010000000000000000010011110110
10101001110011100000000000000010
11100000101000000001000000000010
11100000101001010001000000000100
10111000101001010000000001011111
10111100001001010000000000000000
00010000000000000000010011110001
00011000110000000000000000000001
10011110100000000000000001111000
10011100010000000000000000000000
10011111000000010000000010101000
11010100000000010001000000101000
10000101000000010000000000101000
11100101011010000001000000000000
00010000000000000000000000000011
10101000011010000000000000000000
10101000011000100000000000000000
10011100111000000000000000000000
11010100000000010001100000100000
00000011111111111111111101010011
11010100000000010011100001000000
10111100000001010000000000000000
00001100000000000000011100111000
11010100000000010010000000100100
10101001110011100000000000010000
10100100100011100000000000010000
10111100000001000000000000000000
00010000000000000000000100110001
10000100101000010000000000101100
10011100100000000000000000000000
11011000000000010010000001011001
10111101100000100000000000000000
10011100110001010000000000000100
00010000000000000000000100111111
10000100011001010000000000000000
11100000100000000001100000000010
10011100111000001111111101111111
11100000100001000001100000000100
10111101100001000000000000000000
00010000000000000000000100111001
11100001110011100011100000000011
11100000100000000001000000000010
11100000100001000001000000000100
10111101100001000000000000000000
00010000000000000000000100110101
10011100101000010000000010101000
11010100000000010011000000101100
10100100011011100000000000000001
10111100001000110000000000000000
00010000000000000000001100110101
10000100110000010000000000011100
10101000101000110000000000000000
10011111000000010000000010101000
00000011111111111111111111010111
11010100000000010001100000101000
10111100000001010000000000000000
00001100000000000000011100100000
11010100000000010010000000100100
10101001110011100000000000010000
10100100011011100000000000010000
10111100000000110000000000000000
00001111111111111111111101110010
10100100101011100000000001000000
10111100000001010000000000000000
00010000000000000000010011001111
10000101011000010000000000101100
10000100111000010000000000101100
11011000000000010001100001011001
10000111100001110000000000000000
10111101100000100000000000000000
10011100100001110000000000000100
00010000000000000000011000110111
10100111100111001111111111111111
11100000011000000001000000000010
10011101000000001111111101111111
11100000011000110001000000000100
11010100000000010010000000101100
10111101100000110000000000000000
00010000000000000000000000000111
11100001110011100100000000000011
11100000011000001110000000000010
10111000011000110000000001011111
10111100001000110000000000000000
00001111111111111111111110110110
10101000101000110000000000000000
10011100101000000000000000000000
10111100010111000000000000001001
00010000000000000000001111010010
10101011110011000000000000000000
10000101000000010000000000011100
10000101011000010000000000010000
10011111100111000000000000110000
11100001000010000101100000000010
11011000000000011110000010100111
11010100000000010100000000101000
00000011111111111111111110101101
10011111000000010000000010100111
10111100000001010000000000000000
00001100000000000000011011110100
11010100000000010010000000100100
10100100011011100000000000010000
00011000110000000000000000000001
10111100000000110000000000000000
00010000000000000000000010110011
10101000110001100110001001001110
10000100100000010000000000101100
10000100011001000000000000000000
10011100100001000000000000000100
11010100000000010010000000101100
10100100100011100000000000000001
10111100000001000000000000000000
00010000000000000000001100101101
10111101100000100000000000000000
10111100000000110000000000000000
00010000000000000000001111011111
10111101100000100000000000000000
10011101000000000000000000110000
10011101011000000000000000000000
11011000000000010100000001011010
11011000000000011010000001011011
10111101011000100000000000000000
00001100000000000000000000000100
11011000000000010101100001011001
10011100100000001111111101111111
11100001110011100010000000000011
10101001110011100000000000000010
10011111000000010000000010101000
10100100100000110000000000001111
10111000011000110000000001000100
11100000100001100010000000000000
10011111000110001111111111111111
10001100100001000000000000000000
10111100001000110000000000000000
00010011111111111111111111111010
11011000000110000010000000000000
10000100111000010000000000011100
10101000101000110000000000000000
11100000111001111100000000000010
00000011111111111111111110000010
11010100000000010011100000101000
10000100011000010000000000101100
10011100111000000000000000000001
10000100010000110000000000000000
10011101000000000000000000000000
10011100011000110000000000000100
11010100000000010010000000100100
11010100000000010011100000100000
11011000000000010001000010000000
11011000000000010100000001011001
11010100000000010001100000101100
11010100000000010011100000101000
10011111000000010000000010000000
10011100101000000000000000000000
10101000010001010000000000000000
00000011111111111111111011010001
11010100000000010010100001000000
10111100000001010000000000000000
00010011111111111111111101111100
11010100000000010010000000100100
00000011111111111111111101111010
11011000000000010011100001011001
10111100000001010000000000000000
00001100000000000000011010110010
11010100000000010010000000100100
10101001110011100000000000010000
10100100011011100000000000010000
10111100000000110000000000000000
00010000000000000000001100000101
10100100011011100000000001000000
10000101011000010000000000101100
10000111100010110000000000000000
10011101011010110000000000000100
11010100000000010101100000101100
10111101100111000000000000000000
00010000000000000000001110011011
10111101100000100000000000000000
00010011111111111111111110100110
10010000101000010000000001011001
11100000011000001110000000000010
10011100101000001111111101111111
11100000011000111110000000000100
10111101100000110000000000000000
00010000000000000000001010111000
11100001110011100010100000000011
11100000011000000001000000000010
11100000011000110001000000000100
10111101100000110000000000000000
00010000000000000000001010110011
00010101000000000000000000000000
00000011111111111111111101001100
10010000101000010000000001011001
10111100000001010000000000000000
00001100000000000000011010011110
11010100000000010010000000100100
10100100011011100000000000001000
10111100000000110000000000000000
00010000000000000000010000010111
10000100100000010000000000101100
10000101000000010000000000101100
10000101011000010000000000101100
10000100011000010000000000101100
10000101000010000000000000000000
10000101011010110000000000000100
10011100011000110000000000001000
11010100000000010100000001001100
11010100000000010101100001001000
11010100000000010001100000101100
00011001000000000111111111111111
10000100011000010000000001001000
10000100111000010000000001001100
10101001000010001111111111111111
10101000101000110000000000000000
00011000011000000000000000000001
11100011100001110100000000000011
10101000011000110110001010000100
10101000100111000000000000000000
10000111000000110000000000000000
10000111001000110000000000000100
11010100000000010110000000001000
11100000011001000000000000000100
11100000100001010000000000000100
11100000101110000000000000000100
11100000110110010000000000000100
00000100000000000011100110100110
11010100000000011100100000001100
10111100001010110000000000000000
10000101100000010000000000001000
00010000000000000000001101110110
10000111001000010000000000001100
10000100011000010000000001001000
10101011110111000000000000000000
10101011111000110000000000000000
11100000101110000000000000000100
11100000110110010000000000000100
11100000011111100000000000000100
11100000100111110000000000000100
00000100000000000011010001001101
00010101000000000000000000000000
10111101101010110000000000000000
00010000000000000000001101101010
10000101100000010000000000001000
10000100101000010000000001001100
10000100100000010000000001001000
00011000111000000000000000000001
10101000010001010000000000000000
10101000111001110110001001111100
10101000011001000000000000000000
10000100101001110000000000000000
10000100110001110000000000000100
11100000100000110000000000000100
11100000011000100000000000000100
00000100000000000011010000111110
11010100000000010110000000001000
10111101100010110000000000000000
00010000000000000000010110100010
10000101100000010000000000001000
10010000101000010000000001011001
00011011000000000000000000000001
10111101010101000000000001000111
00010000000000000000000000000100
10101011000110000110001001000010
00011011000000000000000000000001
10101011000110000110001000111110
10011100010000000000000000000011
10011100011000001111111101111111
11010100000000010001000000100000
10011100010000000000000000000000
10000100111000010000000000100000
11100001110011100001100000000011
11010100000000010011100000101000
00000011111111111111111001011000
11010100000000010001000001000000
00000011111111111111110111100100
10101001110011100000000000001000
10111100000001010000000000000000
00001100000000000000011000111101
11010100000000010010000000100100
10100100011011100000000000010000
00011000110000000000000000000001
10111100000000110000000000000000
00001111111111111111111101010001
10101000110001100110001001011111
10100100011011100000000001000000
10111100000000110000000000000000
00010000000000000000001111101001
10000100101000010000000000101100
10000100011001010000000000000000
10011100101001010000000000000100
10100100011000111111111111111111
00000011111111111111111101001100
11010100000000010010100000101100
10111100000001010000000000000000
00001100000000000000011000111100
00010101000000000000000000000000
10100100010011100000000000010000
10111100000000100000000000000000
00010000000000000000001111010010
10000100101000010000000000101100
10000100110000010000000000110000
10000100010001010000000000000000
10011100101001010000000000000100
11010100000000100011000000000000
00000011111111111111110110010010
11010100000000010010100000101100
00000011111111111111110111000100
10101001110011100000000001000000
10111100000001010000000000000000
00010011111111111111111101110010
11010100000000010010000000100100
00000011111111111111111101110000
11011000000000010011100001011001
10111100000001110000000000000000
00001111111111111111110110111100
00010101000000000000000000000000
10011100101000000000000000000001
00000011111111111111110110111001
10011100111000000000000000100000
00000011111111111111110110110111
10101001110011100000000000000001
10111100000001010000000000000000
00001100000000000000011000100100
11010100000000010010000000100100
10111100000101000000000000000000
00010011111111111111110111100110
10011101000000000000000000000001
10011101011000000000000000000000
11010100000000010100000000100000
11011000000000011010000010000000
11011000000000010101100001011001
11010100000000010100000000101000
00000011111111111111111101001110
10011111000000010000000010000000
10100100011011100000000001000000
10111100000000110000000000000000
00010000000000000000001110010110
10111101011000100000000000000000
10000101000000010000000000101100
11011000000000010010000001011001
10000100011010000000000000000000
10111101100000100000000000000000
10011100110010000000000000000100
00010000000000000000000000001011
10100100011000111111111111111111
11100000100000000001000000000010
10011101011000001111111101111111
11100000100001000001000000000100
10111101100001000000000000000000
00010000000000000000000000000101
11100001110011100101100000000011
10111100001000110000000000000000
00001111111111111111111011010000
00010101000000000000000000000000
10011100101000010000000010101000
10100100100000110000000000000111
10111000011000110000000001000011
10011100100001000000000000110000
10011100101001011111111111111111
10111100001000110000000000000000
00010011111111111111111111111011
11011000000001010010000000000000
10101100100001000000000000110000
10100100100001000000000011111111
10111100000001000000000000000000
00010000000000000000010000000111
10100100100011100000000000000001
10111100001001000000000000000000
00001100000000000000010000000100
10000100111000010000000000011100
10011111000001011111111111111111
10011101000000000000000000110000
11100000111001111100000000000010
11011011111001010100011111111111
11010100000000010011100000101000
11010100000000010011000000101100
00000011111111111111111010010110
10101000101000110000000000000000
10000100111000010000000001111100
10111100000001010000000000000000
00010000000000000000000000001111
10000100110000010000000000110100
10000100011000010000000001111000
10011100111001110000000000000001
10011100011000110000000000000001
10011101000000010000000001011001
10011100100000000000000000000001
11010100000011000100000000000000
11010100000011000010000000000100
11010100000000010011100001111100
10111101010000110000000000000111
00010000000000000000000110010101
11010100000000010001100001111000
10011101100011000000000000001000
10000100110000010000000000110100
10111100000001100000000000000000
00010000000000000000000000001111
10000100110000010000000000111000
10000100011000010000000001111000
10011100111001110000000000000010
10011100011000110000000000000001
10011101000000010000000001011010
10011100100000000000000000000010
11010100000011000100000000000000
11010100000011000010000000000100
11010100000000010011100001111100
10111101010000110000000000000111
00010000000000000000000110001110
11010100000000010001100001111000
10011101100011000000000000001000
10000100110000010000000000111000
10111100001001100000000010000000
00001100000000000000000011101001
10000101000000010000000000100100
10000100110000010000000000101000
11100000010000100011000000000010
10111101101000100000000000000000
00010000000000000000000000101001
00011011100000000000000000000001
10111101010000100000000000010000
10000100011000010000000001111000
00001100000000000000000000011100
10101011100111000110001111110000
00000000000000000000000000000110
10011111110000000000000000010000
10011100010000101111111111110000
10111101010000100000000000010000
00001100000000000000000000010110
10011101100011000000000000001000
10011100011000110000000000000001
10011100111001110000000000010000
11010100000011001110000000000000
11010100000011001111000000000100
11010100000000010011100001111100
10111101010000110000000000000111
00001111111111111111111111110110
11010100000000010001100001111000
10011100101000010000000001110100
10101000100110100000000000000000
00000100000000000010000010110010
10101000011101100000000000000000
10111100001010110000000000000000
00010011111111111111110101111000
10011100010000101111111111110000
10000100111000010000000001111100
10111101010000100000000000010000
10000100011000010000000001111000
00010011111111111111111111101110
10011101100000010000000010101000
10011100011000110000000000000001
11100000111001110001000000000000
11010100000011001110000000000000
11010100000011000001000000000100
11010100000000010011100001111100
10111101010000110000000000000111
00010000000000000000000101001100
11010100000000010001100001111000
10011101100011000000000000001000
10100100010011100000000100000000
10111100001000100000000000000000
00010000000000000000000001100010
10111101101101000000000001100101
10000101000000010000000000101000
10000100010000010000000001111000
11100000111001110100000000000000
10011100010000100000000000000001
11010100000011001100000000000000
11010100000011000100000000000100
11010100000000010011100001111100
10111101010000100000000000000111
00010000000000000000000001001111
11010100000000010001000001111000
10011101100011000000000000001000
10100101110011100000000000000100
10111100000011100000000000000000
00010000000000000000000000110101
10000100010000010000000000100100
10000101000000010000000000100000
11100001110000100100000000000010
10111101101011100000000000000000
00010000000000000000000000110000
00011011100000000000000000000001
10111101010011100000000000010000
10000100010000010000000001111000
00001100000000000000000000011100
10101011100111000110010000000000
00000000000000000000000000000110
10011110100000000000000000010000
10011101110011101111111111110000
10111101010011100000000000010000
00001100000000000000000000010110
10011101100011000000000000001000
10011100010000100000000000000001
10011100111001110000000000010000
11010100000011001110000000000000
11010100000011001010000000000100
11010100000000010011100001111100
10111101010000100000000000000111
00001111111111111111111111110110
11010100000000010001000001111000
10011100101000010000000001110100
10101000100110100000000000000000
00000100000000000010000001110011
10101000011101100000000000000000
10111100001010110000000000000000
00010011111111111111110100111001
10011101110011101111111111110000
10000100111000010000000001111100
10111101010011100000000000010000
10000100010000010000000001111000
00010011111111111111111111101110
10011101100000010000000010101000
10011100010000100000000000000001
11100000111001110111000000000000
11010100000011001110000000000000
11010100000011000111000000000100
11010100000000010011100001111100
10111101101000100000000000000111
00010000000000000000000000001001
11010100000000010001000001111000
10011100101000010000000001110100
10101000100110100000000000000000
00000100000000000010000001011111
10101000011101100000000000000000
10111100001010110000000000000000
00010011111111111111110100100101
10000100111000010000000001111100
10000100010000010000000000100100
10000101000000010000000000100000
11100101011000100100000000000000
00010000000000000000000000000011
10000101011000010000000000110000
10101000010010000000000000000000
10111100001001110000000000000000
11100001011010110001000000000000
00010000000000000000000011110011
11010100000000010101100000110000
10011100010000000000000000000000
10011101100000010000000010101000
00000011111111111111110010100111
11010100000000010001000001111000
10011100010000100000000000000001
11100000111001111010000000000000
11010100000011001110000000000000
11010100000011001010000000000100
11010100000000010011100001111100
10111101010000100000000000000111
00001111111111111111111110110101
11010100000000010001000001111000
10011100101000010000000001110100
10101000100110100000000000000000
00000100000000000010000001000010
10101000011101100000000000000000
10111100001010110000000000000000
00010011111111111111110100001000
10000100111000010000000001111100
00000011111111111111111110101101
10011101100000010000000010101000
00010000000000000000000010000110
10000100010000010000000000111100
10000100101000010000000001001100
10000100100000010000000001001000
00011001011000000000000000000001
10101000010001010000000000000000
10101001011010110110001001111100
10101000011001000000000000000000
11010100000000010011100000001100
10000100101010110000000000000000
10000100110010110000000000000100
11100000100000110000000000000100
11100000011000100000000000000100
00000100000000000011001001001010
11010100000000010110000000001000
10111100000010110000000000000000
10000100111000010000000000001100
00001100000000000000000011101111
10000101100000010000000000001000
00011000011000000000000000000001
10000100010000010000000001111000
10101000011000110110001001110111
10011100010000100000000000000001
10011100111001110000000000000001
11010100000011000001100000000000
10011100011000000000000000000001
11010100000000010011100001111100
11010100000011000001100000000100
10111101010000100000000000000111
00010000000000000000001011011110
11010100000000010001000001111000
10011101100011000000000000001000
10000100010000010000000001011100
10000101000000010000000000111100
11100101010010000001000000000000
00010000000000000000000000000110
10000100010000010000000001010000
10100100010011100000000000000001
10111100000000100000000000000000
00010011111111111111111110000100
10000100010000010000000001010000
10000100011000010000000001000100
11100000111001110001000000000000
10000100010000010000000001111000
10000100100000010000000001010000
10011100010000100000000000000001
11010100000011000001100000000000
11010100000011000010000000000100
11010100000000010011100001111100
10111101010000100000000000000111
00010000000000000000001101110100
11010100000000010001000001111000
10011101100011000000000000001000
10000101000000010000000000111100
10011110100010001111111111111111
10111101101101000000000000000000
00010011111111111111111101110011
00011011100000000000000000000001
10111101010101000000000000010000
10000100010000010000000001111000
00001111111111111111111110110011
10101011100111000110001111110000
00000000000000000000000000000111
10011111000000000000000000010000
10011101100011000000000000001000
10011110100101001111111111110000
10111101010101000000000000010000
00001111111111111111111110101100
00010101000000000000000000000000
10011100010000100000000000000001
10011100111001110000000000010000
11010100000011001110000000000000
11010100000011001100000000000100
11010100000000010011100001111100
10111101010000100000000000000111
00001111111111111111111111110101
11010100000000010001000001111000
10011100101000010000000001110100
10101000100110100000000000000000
00000100000000000001111111101100
10101000011101100000000000000000
10111100001010110000000000000000
00010011111111111111110010110010
10000100111000010000000001111100
10000100010000010000000001111000
00000011111111111111111111101100
10011101100000010000000010101000
10000101011000010000000000100000
11100011110010000101100000000010
10111101101111100000000000000000
00010011111111111111111100010110
00011011100000000000000000000001
10111101010111100000000000010000
10000100011000010000000001111000
00001100000000000000000000011110
10101011100111000110001111110000
00000000000000000000000000000110
10011100110000000000000000010000
10011111110111101111111111110000
10111101010111100000000000010000
00001100000000000000000000011000
10011101100011000000000000001000
10011100011000110000000000000001
10011100111001110000000000010000
11010100000011001110000000000000
11010100000011000011000000000100
11010100000000010011100001111100
10111101010000110000000000000111
00001111111111111111111111110110
11010100000000010001100001111000
10011100101000010000000001110100
10101000100110100000000000000000
10101000011101100000000000000000
00000100000000000001111111001010
11010100000000010011000000001100
10111100001010110000000000000000
00010011111111111111110010010000
10000100110000010000000000001100
10011111110111101111111111110000
10000100111000010000000001111100
10111101010111100000000000010000
10000100011000010000000001111000
00010011111111111111111111101100
10011101100000010000000010101000
10011100011000110000000000000001
11100000111001111111000000000000
11010100000011001110000000000000
11010100000011001111000000000100
11010100000000010011100001111100
10111101010000110000000000000111
00010000000000000000000110010010
11010100000000010001100001111000
00000011111111111111111011101100
10011101100011000000000000001000
10111101010000100000000000000001
00001100000000000000000000111111
10100100010011100000000000000001
10000100010000010000000001111000
10011100111001110000000000000001
10011100010000100000000000000001
10011100011000000000000000000001
11010100000011001100000000000000
11010100000011000001100000000100
11010100000000010011100001111100
10111101010000100000000000000111
00010000000000000000000101001110
11010100000000010001000001111000
10011101100011000000000000001000
10000100011000010000000001010000
10011100010000100000000000000001
11100011110000110011100000000000
10000100100000010000000001000100
11010100000011000001100000000100
11010100000011000010000000000000
11010100000000011111000001111100
10111101010000100000000000000111
00010000000000000000000101010111
11010100000000010001000001111000
10011110100011000000000000001000
10000100100000010000000001001100
10000100011000010000000001001000
00011000111000000000000000000001
10101001100001000000000000000000
10101000111001110110001001111100
10101001101000110000000000000000
10000100101001110000000000000000
10000100110001110000000000000100
11100000011011000000000000000100
11100000100011010000000000000100
00000100000000000011000110101110
00010101000000000000000000000000
10111100001010110000000000000000
00001100000000000000000010100010
10000100111000010000000000111100
10000101000000010000000000111100
10011100010000100000000000000001
10011100011010001111111111111111
10011111000110000000000000000001
11100011110111100001100000000000
11010100000101001100000000000000
11010100000101000001100000000100
11010100000000011111000001111100
10111101010000100000000000000111
00010000000000000000000000011011
11010100000000010001000001111000
10011110100101000000000000001000
10000101000000010000000001010100
10011100010000100000000000000001
11100000111010001111000000000000
10011101011000010000000001100100
11010100000101000100000000000100
11010100000101000101100000000000
11010100000000010011100001111100
10111101010000100000000000000111
00010011111111111111111100110101
11010100000000010001000001111000
00000011111111111111111011100111
10011101100101000000000000001000
10111100000000100000000000000000
00001111111111111111111111000011
10000100010000010000000001111000
10011111110001110000000000000001
10011100010000100000000000000001
10011100011000000000000000000001
11010100000011001100000000000000
11010100000011000001100000000100
11010100000000011111000001111100
10111101010000100000000000000111
00001100000000000000001010000101
11010100000000010001000001111000
10011100101000010000000001110100
10101000100110100000000000000000
00000100000000000001111101100111
10101000011101100000000000000000
10111100001010110000000000000000
00010011111111111111110000101101
10000111110000010000000001111100
10000100010000010000000001111000
00000011111111111111111111100000
10011110100000010000000010101000
10011100101000010000000001110100
10101000100110100000000000000000
00000100000000000001111101011101
10101000011101100000000000000000
10111100001010110000000000000000
00001111111111111111111100001010
00010101000000000000000000000000
00000011111111111111110000100010
10010100010110100000000000001100
10011100101000010000000001110100
10101000100110100000000000000000
00000100000000000001111101010100
10101000011101100000000000000000
10111100001010110000000000000000
00010011111111111111110000011010
10000100111000010000000001111100
00000011111111111111111010110000
10011101100000010000000010101000
10011100101000010000000001110100
10101000100110100000000000000000
00000100000000000001111101001011
10101000011101100000000000000000
10111100001010110000000000000000
00010011111111111111110000010001
10000100111000010000000001111100
00000011111111111111111001100111
10011101100000010000000010101000
10011100101000010000000001110100
10101000100110100000000000000000
00000100000000000001111101000010
10101000011101100000000000000000
10111100001010110000000000000000
00010011111111111111110000001000
10000100111000010000000001111100
00000011111111111111111001101110
10011101100000010000000010101000
10000110100000010000000001011100
10111101010101000000000000000000
00001100000000000000001000000010
10000100010000010000000001000000
10000101000000010000000000111100
11100101101000100100000000000000
00010000000000000000000000000011
10101010100000100000000000000000
10101010100010000000000000000000
10111101101101000000000000000000
00010000000000000000000000001011
10000100010000010000000001111000
11100000111001111010000000000000
10011100010000100000000000000001
11010100000011001100000000000000
11010100000011001010000000000100
11010100000000010011100001111100
10111101010000100000000000000111
00010000000000000000001011000000
11010100000000010001000001111000
10011101100011000000000000001000
10111101011101000000000000000000
00001100000000000000001011000101
00010101000000000000000000000000
10000100010000010000000001000000
11100010100000101010000000000010
10111101101101000000000000000000
00010000000000000000000001110100
00011011100000000000000000000001
10111101010101000000000000010000
10000100010000010000000001111000
00001100000000000000000111010010
10101011100111000110001111110000
00000000000000000000000000000111
10011111110000000000000000010000
10011101100011000000000000001000
10011110100101001111111111110000
10111101010101000000000000010000
00001100000000000000000111001011
00010101000000000000000000000000
10011100010000100000000000000001
10011100111001110000000000010000
11010100000011001110000000000000
11010100000011001111000000000100
11010100000000010011100001111100
10111101010000100000000000000111
00001111111111111111111111110101
11010100000000010001000001111000
10011100101000010000000001110100
10101000100110100000000000000000
00000100000000000001111100001001
10101000011101100000000000000000
10111100001010110000000000000000
00010011111111111111101111001111
10000100111000010000000001111100
10000100010000010000000001111000
00000011111111111111111111101100
10011101100000010000000010101000
10000100111000010000000000010000
10011101000000000000000000110000
11100000110001100011100000000010
11011000000000010100000010100111
11010100000000010011000000101000
10011100101000000000000000000000
00000011111111111111110010100000
10011111000000010000000010100111
00000011111111111111110011101000
10010000101000010000000001011001
10011100101000010000000001110100
10101000100110100000000000000000
00000100000000000001111011110101
10101000011101100000000000000000
10111100001010110000000000000000
00010011111111111111101110111011
10010000101000010000000001011001
10000100111000010000000001111100
00000011111111111111111000000001
10011101100000010000000010101000
10011111000001111111111111111111
10111101101110000000000000000000
00010011111111111111111101101010
00011011100000000000000000000001
10111101101110000000000000010000
00010000000000000000000010010110
10101011100111000110001111110000
00000000000000000000000000000111
10011100110000000000000000010000
10011110100101000000000000001000
10011111000110001111111111110000
10111101010110000000000000010000
00001100000000000000000010001111
00010101000000000000000000000000
10011100010000100000000000000001
10011111110111100000000000010000
11010100000101001110000000000000
11010100000101000011000000000100
11010100000000011111000001111100
10111101010000100000000000000111
00001111111111111111111111110101
11010100000000010001000001111000
10011100101000010000000001110100
10101000100110100000000000000000
10101000011101100000000000000000
00000100000000000001111011010100
11010100000000010011000000001100
10111100001010110000000000000000
00010011111111111111101110011010
10000100110000010000000000001100
10000111110000010000000001111100
10000100010000010000000001111000
00000011111111111111111111101010
10011110100000010000000010101000
00010011111111111111110011100010
11011000000000010010000001011001
11100000100000000001000000000010
10011100111000001111111101111111
11100000100001000001000000000100
10111101100001000000000000000000
00010011111111111111110011011100
11100001110011100011100000000011
11100000101000000001100000000010
11100000101001010001100000000100
10111000101001010000000001011111
10111100001001010000000000000000
00001111111111111111110001100001
10011111000000010000000010101000
00000011111111111111110011010110
10100100100000110000000000001111
10111100000000110000000000000000
00010000000000000000000101011101
10000100011000010000000000101100
10011011100000110000000000000010
10011100011000110000000000000100
00000011111111111111110011111100
11010100000000010001100000101100
10011100101000010000000001110100
10101000100110100000000000000000
00000100000000000001111010110010
10101000011101100000000000000000
10111100001010110000000000000000
00010011111111111111101101111000
10000100111000010000000001111100
10011101100000010000000010101000
10000101000000010000000001000000
10000100010000010000000001011100
11100011100110000100000000000000
10000101000000010000000000111100
11100101010010000001000000000000
00010000000000000000000000111111
10000101011000010000000001010000
10100100011011100000000000000001
10111100000000110000000000000000
00001100000000000000000000111100
10000100011000010000000001111000
10000101000000010000000000111100
11100010100110000100000000000000
11100000010010000001000000000010
11100010100101001110000000000010
11100101101101000001000000000000
00010000000000000000000000000100
10111101101101000000000000000000
10101010100000100000000000000000
10111101101101000000000000000000
00010000000000000000000000001101
10111101011101000000000000000000
10000100011000010000000001111000
11100000111001111010000000000000
10011100011000110000000000000001
11010100000011001110000000000000
11010100000011001010000000000100
11010100000000010011100001111100
10111101010000110000000000000111
00010000000000000000001010001010
11010100000000010001100001111000
10011101100011000000000000001000
10111101011101000000000000000000
00001100000000000000001010100000
00010101000000000000000000000000
11100010100000101010000000000010
10111101101101000000000000000000
00010011111111111111110111110111
00011011100000000000000000000001
10111101010101000000000000010000
10000100010000010000000001111000
00001111111111111111111000110111
10101011100111000110001111110000
00000000000000000000000000000111
10011111000000000000000000010000
10011101100011000000000000001000
10011110100101001111111111110000
10111101010101000000000000010000
00001111111111111111111000110000
00010101000000000000000000000000
10011100010000100000000000000001
10011100111001110000000000010000
11010100000011001110000000000000
11010100000011001100000000000100
11010100000000010011100001111100
10111101010000100000000000000111
00001111111111111111111111110101
11010100000000010001000001111000
10011100101000010000000001110100
10101000100110100000000000000000
00000100000000000001111001110000
10101000011101100000000000000000
10111100001010110000000000000000
00010011111111111111101100110110
10000100111000010000000001111100
10000100010000010000000001111000
00000011111111111111111111101100
10011101100000010000000010101000
10000100011000010000000001111000
11100000111001110101100000000000
10011100011000110000000000000001
10000100100000010000000001000100
11010100000011000101100000000100
11010100000011000010000000000000
11010100000000010011100001111100
10111101010000110000000000000111
00010000000000000000001001000111
11010100000000010001100001111000
00000011111111111111111110111101
10011101100011000000000000001000
10011100101000010000000001110100
10101000100110100000000000000000
00000100000000000001111001011010
10101000011101100000000000000000
10111100001010110000000000000000
00010011111111111111101100100000
10000100111000010000000001111100
10000100010000010000000001111000
00000011111111111111111010101101
10011101100000010000000010101000
10011100010000100000000000000001
11100011110111101100000000000000
11010100000101001110000000000000
11010100000101001100000000000100
11010100000000011111000001111100
10111101010000100000000000000111
00001111111111111111111011001010
11010100000000010001000001111000
00000011111111111111111011100010
10011100101000010000000001110100
10011100101000010000000001110100
10101000100110100000000000000000
00000100000000000001111001000110
10101000011101100000000000000000
10111100001010110000000000000000
00010011111111111111101100001100
10000111110000010000000001111100
10000100010000010000000001111000
00000011111111111111111010100100
10011110100000010000000010101000
11010100000000010001000000100000
10011111000000010000000010101000
10101000010111000000000000000000
10101011100001010000000000000000
10101000011000100000000000000000
10011100100000000000000000001010
00000100000000000010101001110010
10011111000110001111111111111111
10011101011010110000000000110000
10101000011000100000000000000000
10011100100000000000000000001010
00000100000000000010101000010101
11011000000110000101100000000000
10111100001010110000000000000000
00010011111111111111111111110110
10101000010010110000000000000000
10000100110000010000000000011100
10000100010000010000000000100000
11100000110001101100000000000010
10101001100111100000000000000000
10101000101111000000000000000000
00000011111111111111101111001110
11010100000000010011000000101000
10011100101000010000000001110100
10101000100110100000000000000000
00000100000000000001111000100101
10101000011101100000000000000000
10111100001010110000000000000000
00010011111111111111101011101011
10000100111000010000000001111100
00000011111111111111110101010101
10011101100000010000000010101000
10011100110000000000000000101101
11011000000000010011000001011001
00010000000000000000001000101111
11100011100000001110000000000010
10011100111000001111111101111111
10011100101000000000000000101101
00000011111111111111110000000111
11100001110011100011100000000011
00010011111111111111110000101101
11011000000000010001100001011001
10011100101000001111111101111111
10111100001000100000000000000000
00010011111111111111110000101001
11100001110011100010100000000011
00000011111111111111101110110010
10101000101000100000000000000000
10000100011000010000000001001100
10000100110000010000000001001000
10101000111000110000000000000000
10101011001001100000000000000000
10101000100000110000000000000000
10101011000001110000000000000000
10101000101001100000000000000000
11100000110001010000000000000100
11100000101001000000000000000100
11100000011110000000000000000100
11100000100110010000000000000100
00000100000000000011011000100001
11010100000000010110000000001000
10111100001010110000000000000000
00010000000000000000001010100100
10000101100000010000000000001000
10111100001000101111111111111111
00001100000000000000000100100011
10011100011000001111111111011111
11100011100101000001100000000011
10101100011111000000000001000111
11100000100000000001100000000010
11100000011001000001100000000100
10111101100000110000000000000000
00010000000000000000000100011111
11100000011000000001000000000010
11100000011000110001000000000100
10111101011000110000000000000000
00001100000000000000000100011100
10000100100000010000000001001100
10000100010000010000000001001100
10111101100000100000000000000000
10101000010011100000000100000000
00010000000000000000001000000111
11010100000000010001000000111000
10000111110000010000000001001100
10011111100000000000000001000111
10011100010000000000000000000001
11010100000000010101100000110100
10000100011000010000000001001000
10011101000000010000000001101100
10101000101000110000000000000000
10011100011000010000000001100000
11010100000000010100000000000100
11010100000000010001100000000000
10101000100111100000000000000000
10011101000000010000000001011100
10101000111000100000000000000000
10011100110000000000000000000010
10101000011101100000000000000000
00000100000000000000010011111010
11010100000000010110000000001000
10111100001111000000000001000111
10101011000010110000000000000000
00010000000000000000001011001100
10000101100000010000000000001000
10100100011011100000000000000001
10111100001000110000000000000000
00001100000000000000001001000000
11100000111010110001000000000000
10000101000000010000000001001000
00011000011000000000000000000001
10101011111010000000000000000000
10101000011000110110001001111100
11010100000000010011100000001100
10000100101000110000000000000000
10000100110000110000000000000100
11100000011111100000000000000100
11100000100111110000000000000100
00000100000000000010111111100101
11010100000000010110000000001000
10000100111000010000000000001100
10111100000010110000000000000000
10101000011001110000000000000000
00010000000000000000000000001101
10000101100000010000000000001000
10000100011000010000000001101100
11100100101001110001100000000000
00010000000000000000000000001001
10011100100000110000000000000001
11010100000000010010000001101100
10011100100000000000000000110000
11011000000000110010000000000000
10000100011000010000000001101100
11100100010001110001100000000000
00010011111111111111111111111011
10011100100000110000000000000001
11100000011000111100000000000010
10111100001111000000000001000111
00010000000000000000000101000101
11010100000000010001100000111100
10000111100000010000000001011100
11100101010111000001000000000000
00010000000000000000000000000011
10011100011000000000000000000001
10011100011000000000000000000000
10100100010000110000000011111111
10111100001000100000000000000000
00010000000000000000000101001110
10111101100111001111111111111101
00010000000000000000000000000011
10011100011000000000000000000001
10101000011000100000000000000000
10100100011000110000000011111111
10111100000000110000000000000000
00001100000000000000000101000111
11010100000000011110000001000000
10000100111000010000000000111100
10000101000000010000000001000000
11100101010001110100000000000000
00010000000000000000000111011111
10000100010000010000000001010000
10100101110011100000000000000001
10111100001011100000000000000000
00010000000000000000001000100111
10000100110000010000000001000000
10111101011010000000000000000000
00001100000000000000001001110010
10101000011010000000000000000000
10000100010000010000000001000000
10011110100000000000000001100111
11010100000000010001000000101000
10000100010000010000000000110100
10111100001000100000000000000000
00010000000000000000000100010011
10011100100000000000000000101101
10010000101000010000000001011001
11010100000000010001100000100000
00000011111111111111101010001101
10000101110000010000000000111000
10000100101000010000000000101100
10000100110000010000000000101100
10000100100001000000000000000000
10000100101001010000000000000100
10011100110001100000000000001000
11010100000000010010000001001100
11010100000000010010100001001000
00000011111111111111101111101101
11010100000000010011000000101100
11011000000000010001100001011001
10000100011000010000000000101100
10011100110000110000000000000100
00001111111111111111110001111001
10000100011000110000000000000000
11100000100000000001100000000010
10011100101000001111111101111111
11100000100001000001100000000100
10111101100001000000000000000000
00010011111111111111110001110011
11100001110011100010100000000011
11100000100000000001000000000010
11100000100001000001000000000100
10111101011001000000000000000000
00010011111111111111101100111101
11010100000000010011000000101100
00000011111111111111110001101101
10011100101000010000000010101000
00011000110000000000000000000001
10011110100000000000000001111000
00000011111111111111101110000110
10101000110001100110001001011111
10100101110011100000000001000000
10111100000011100000000000000000
00010000000000000000000001111111
10000100011000010000000000110000
10000100111000010000000000101100
10000101000000010000000000110000
10000100010001110000000000000000
10011100111001110000000000000100
11011100000000100100000000000000
00000011111111111111100110111101
11010100000000010011100000101100
10000100111000010000000000101100
10000100011001110000000000000000
10011100111001110000000000000100
00000011111111111111101101100101
11010100000000010011100000101100
10000100100000010000000000101100
10000111100001000000000000000000
10011100100001000000000000000100
00000011111111111111101110100000
11010100000000010010000000101100
11011000000000010010100001011001
10111101011000100000000000000000
10011100100010110000000000000100
00001100000000000000000110010010
10000111100010110000000000000000
11100000011000001110000000000010
10011101000000001111111101111111
11100000011000111110000000000100
11010100000000010010000000101100
10111101100000110000000000000000
00001111111111111111101010100100
11100001110011100100000000000011
00000011111111111111101100111011
10011100101000000000000000000000
10011100010000100000000000000001
11100000111001111010000000000000
11010100000011001110000000000000
11010100000011001010000000000100
11010100000000010011100001111100
10111101010000100000000000000111
00010011111111111111111010010000
11010100000000010001000001111000
00000011111111111111111010010110
10011101100011000000000000001000
10011100101000010000000001110100
10101000100110100000000000000000
00000100000000000001110100111110
10101000011101100000000000000000
10111100001010110000000000000000
00010011111111111111101000000100
10000100111000010000000001111100
00000011111111111111110100011110
10011101100000010000000010101000
00011000011000000000000000000001
10000100010000010000000001111000
10101000011000110110001001110111
10011100010000100000000000000001
10011100111001110000000000000001
11010100000011000001100000000000
10011100011000000000000000000001
11010100000000010011100001111100
11010100000011000001100000000100
10111101010000100000000000000111
00010000000000000000000001001001
11010100000000010001000001111000
10011101100011000000000000001000
10000101000000010000000000111100
11100000010010001010000000000100
10111100001000100000000000000000
00010000000000000000000000000110
10000100010000010000000001010000
10100100010011100000000000000001
10111100000000100000000000000000
00010011111111111111110010010011
10000100010000010000000001010000
10000100011000010000000001000100
11100000111000100011100000000000
10000100010000010000000001111000
10000100100000010000000001010000
10011100010000100000000000000001
11010100000011000001100000000000
11010100000011000010000000000100
11010100000000010011100001111100
10111101010000100000000000000111
00010000000000000000000110000110
11010100000000010001000001111000
10011101100011000000000000001000
11100010100000001010000000000010
10111101101101000000000000000000
00010000000000000000000010010000
00011011100000000000000000000001
10111101101101000000000000010000
00010000000000000000000100000001
10101011100111000110001111110000
00000000000000000000000000000111
10011111110000000000000000010000
10011101100011000000000000001000
10011110100101001111111111110000
10111101010101000000000000010000
00001100000000000000000011111010
00010101000000000000000000000000
10011100010000100000000000000001
10011100111001110000000000010000
11010100000011001110000000000000
11010100000011001111000000000100
11010100000000010011100001111100
10111101010000100000000000000111
00001111111111111111111111110101
11010100000000010001000001111000
10011100101000010000000001110100
10101000100110100000000000000000
00000100000000000001110011111101
10101000011101100000000000000000
10111100001010110000000000000000
00010011111111111111100111000011
10000100111000010000000001111100
10000100010000010000000001111000
00000011111111111111111111101100
10011101100000010000000010101000
10000100111000010000000000011100
10101011000001010000000000000000
11100000111001110010100000000010
11010100000000010011000000101100
11010100000000010011100000101000
00000011111111111111101010010101
10011100101000000000000000000000
00000011111111111111100110111101
10011101011000001111111111111111
10000101011000010000000000101100
10000100010010110000000000000000
10011101011010110000000000000100
11010100000000100001100000000000
00000011111111111111100101000001
11010100000000010101100000101100
00000011111111111111110101100101
10011110100011000000000000001000
10011100101000010000000001110100
10101000100110100000000000000000
00000100000000000001110011100010
10101000011101100000000000000000
10111100001010110000000000000000
00010011111111111111100110101000
10000110100000010000000001011100
10000100111000010000000001111100
00000011111111111111111110110010
10011101100000010000000010101000
10011101011000001111111111011111
10011100010000000000000000000110
11100011100101000101100000000011
10000100100000010000000001001100
10101000101011100000000100000000
10111101011001000000000000000000
00001100000000000000000011110000
11010100000000010010100000111000
10111100000111000000000001000110
00001100000000000000000101110001
10000100110000010000000001001100
10000100011000010000000001001000
10101000100001100000000000000000
10101000101000110000000000000000
10011100110000010000000001101100
10011100011000010000000001100000
11010100000000010011000000000100
11010100000000010001100000000000
10101000111000100000000000000000
10011101000000010000000001011100
10011100110000000000000000000011
10101000011101100000000000000000
11010100000000010110000000001000
00000100000000000000001111100001
10000111110000010000000001001100
10011100111000000000000000000000
10101011000010110000000000000000
11010100000000010011100000110100
10000101100000010000000000001000
10001100011110000000000000000000
10101100011000110000000000110000
10011100011000111111111111111111
10111101011000110000000000000000
00010000000000000000000100001110
00011001011000000000000000000001
10000100111000010000000001001000
10101000100001110000000000000000
10101001011010110110001001111100
10011100111000000000000000000001
10101000011111100000000000000000
11010100000000010011100000001100
10000100101010110000000000000000
10000100110010110000000000000100
00000100000000000010111011001011
11010100000000010110000000001000
10111100001010110000000000000000
10000100111000010000000000001100
00010000000000000000000000000011
10000101100000010000000000001000
10101000111010110000000000000000
10100100111001110000000011111111
10111100001001110000000000000000
00001100000000000000000000000101
10000100011000010000000001011100
10011100011000000000000000000001
11100000011000110001000000000010
11010100000000010001100001011100
11100000011000110001000000000000
00000011111111111111111011001110
11100000111110000001100000000000
11010100000000010011000000101100
00011000110000000000000000000001
10101001110011100000000000000010
10101000110001100110001001011111
00000011111111111111101010110001
10011110100000000000000001111000
11010100000000010010000000101100
00000011111111111111101010000110
10011100101000000000000000000000
10011100101000010000000001110100
10101000100110100000000000000000
00000100000000000001110010010011
10101000011101100000000000000000
10111100001010110000000000000000
00010011111111111111100101011001
10000100111000010000000001111100
00000011111111111111110010001000
10011101100000010000000010101000
10011100101000010000000001110100
10101000100110100000000000000000
00000100000000000001110010001010
10101000011101100000000000000000
10111100001010110000000000000000
00010011111111111111100101010000
10000100111000010000000001111100
10000100010000010000000001111000
10011101100000010000000010101000
10000101000000010000000000111100
10011100010000100000000000000001
00000011111111111111101111101010
11100000111010000011100000000000
10000101110000010000000000111000
11011000000000010010000001011001
10011100101000000000000000101101
00000011111111111111100101111110
10011100010000000000000000000000
10101000011110000000000000000000
00000111111111111111100001001100
11010100000000010110000000001000
11010100000000010101100000101000
10111101011010110000000000000000
10101000011010110000000000000000
00010011111111111111100101101110
10000101100000010000000000001000
00000011111111111111100101101100
10011100011000000000000000000000
10111101010101000000000001100101
00001100000000000000000101011010
10111100000101000000000001100110
00010000000000000000000011000100
10000101000000010000000001011100
00000011111111111111111011001000
11010100000000010100000001000000
10011100101000010000000001110100
10101000100110100000000000000000
00000100000000000001110001100111
10101000011101100000000000000000
10111100001010110000000000000000
00010011111111111111100100101101
10000100111000010000000001111100
00000011111111111111110100111100
10011101100000010000000010101000
00000011111111111111110100111101
10011110100000000000000000000000
10011110100101001111111111111110
10011111100111001111111111111111
11011000000000011010000001100100
10111101011111000000000000000000
00001100000000000000000100011110
11010100000000011110000001011100
10011100110000000000000000101011
11011000000000010011000001100101
10111101101111000000000000001001
00010000000000000000000011101000
10011101011000000000000000110000
10011100010000010000000001110011
11010100000000010111000000100000
10101011110000100000000000000000
10101001110111000000000000000000
10101011100100100000000000000000
10101010010011000000000000000000
10101000011011100000000000000000
10011100100000000000000000001010
00000100000000000010100010001101
10011111110111101111111111111111
10011101011010110000000000110000
10101000011011100000000000000000
10011100100000000000000000001010
00000100000000000010100001100111
11011000000111100101100000000000
10111101010010110000000000001001
00010011111111111111111111110110
10101001110010110000000000000000
10011100011010110000000000110000
10011100100111101111111111111111
10111000011000110000000000011000
11100100011001000001000000000000
10101001100100100000000000000000
10111000011000110000000010011000
10101010010111000000000000000000
10000101110000010000000000100000
00010000000000000000000100110100
11011011111111100001111111111111
00000000000000000000000000000011
10011100110000010000000001100110
10010000011001000000000000000000
10011100100001000000000000000001
11011000000001100001100000000000
11100100001001000001000000000000
00010011111111111111111111111100
10011100110001100000000000000001
10000100111000010000000000011000
10011101000000010000000001100110
11100000010001111111000000000010
11100000010010000001000000000000
10000100011000010000000000010100
10000100111000010000000000111100
11100000010000100001100000000010
10111101010001110000000000000001
11100001000001110001000000000000
11010100000000010001000001010100
00001100000000000000000011011111
11010100000000010100000000101000
10000100110000010000000000101000
10000100010000010000000001010000
11100000110001100001000000000000
11010100000000010011000000101000
10111101011001100000000000000000
00001100000000000000000011111011
10101000011001100000000000000000
10011100111000000000000000000000
00000011111111111111111010000111
11010100000000010011100001000000
10011100101000010000000001110100
10101000100110100000000000000000
00000100000000000001110000010111
10101000011101100000000000000000
10111100001010110000000000000000
00010011111111111111100011011101
10000100010000010000000001011100
10000100111000010000000001111100
00000011111111111111110101110000
10011101100000010000000010101000
10011100010000100000000000000001
11100000111001111010000000000000
11010100000011001110000000000000
11010100000011001010000000000100
11010100000000010011100001111100
10111101010000100000000000000111
00010011111111111111111101111101
11010100000000010001000001111000
00000011111111111111111110000100
10011101100011000000000000001000
10011100101000010000000001110100
10101000100110100000000000000000
00000100000000000001110000000011
10101000011101100000000000000000
10111100001010110000000000000000
00010011111111111111100011001001
10000100010000010000000001011100
10000101000000010000000000111100
10000100111000010000000001111100
11100000010010000001000000000010
00000011111111111111110101101111
10011101100000010000000010101000
10111100101000100000000000000110
00010000000000000000000000000100
10111101011000100000000000000000
10011100010000000000000000000110
10111101011000100000000000000000
00001100000000000000000011001011
11010100000000010001000000101000
00011011000000000000000000000001
11010100000000010001000000100000
11010100000000011110000000101100
00000011111111111111101000100000
10101011000110000110001001110000
00000011111111111111100111011100
10011100101000000000000000101101
00000011111111111111110101100010
10011110100000000000000000000000
11010100000000010010000000101100
00000011111111111111100111010111
10101000101000110000000000000000
10011111100000000000000001000111
10011100010000000000000000000001
10000100110000010000000001001100
00011000111000001000000000000000
10111100000111000000000001000110
00010000000000000000000001011010
11100011110001100011100000000000
10011101000000000000000000101101
11010100000000010100000000110100
10111100001111000000000001000101
00010011111111111111110111110110
10000100011000010000000001001000
10011101101000100000000000000001
10011101011000010000000001101100
10101000101000110000000000000000
10011100011000010000000001100000
10101000111011010000000000000000
11010100000000010001100000000000
10101000100111100000000000000000
11010100000000010101100000000100
10011101000000010000000001011100
10011100110000000000000000000010
10101000011101100000000000000000
11010100000000010110000000001000
00000100000000000000001011101100
11010100000000010110100000001100
10000101101000010000000000001100
10101011000010110000000000000000
10000101100000010000000000001000
00000011111111111111110111110111
11100000111110000110100000000000
10011101011000000000000000101101
10011100101000000000000000101101
00000011111111111111101001011111
11011000000000010101100001011001
00000011111111111111100110110010
11010100000000010010000000101100
10000101000000010000000000111100
10000100111000010000000001000000
11100001000010000001000000000000
10111101101001110000000000000000
00010000000000000000000000000111
11010100000000010100000000101000
10111101011010000000000000000000
00001100000000000000000000001100
10101000011010000000000000000000
00000011111111111111111000100100
10011110100000000000000001100111
10000100110000010000000000101000
10000100111000010000000001000000
11100000010001100011100000000010
10011100010000100000000000000001
11010100000000010001000000101000
10111101011000100000000000000000
00010011111111111111111111111000
10101000011000100000000000000000
10011100011000000000000000000000
00000011111111111111111000011001
10011110100000000000000001100111
00000011111111111111111100001010
10000100011000010000000001011100
10000100111000010000000001011100
10111101101001110000000000000000
00010000000000000000000001101111
11010100000000010011100001000000
10111100001000100000000000000000
00010000000000000000000000111100
10000101000000010000000001000000
10100101110011100000000000000001
10111100001011100000000000000000
00010000000000000000000000111001
10000101011000010000000001010000
10101000011001110000000000000000
00000011111111111111111000001001
11010100000000010011100000101000
11010100000000010001000000100000
11010100000000010001000000101000
10010000101000010000000001011001
10101000010010110000000000000000
11010100000000011110000000101100
00000011111111111111100010010101
11010100000000010101100001000000
00000011111111111111110111011101
10000100011000010000000001101100
10011100101000010000000001110100
10101000100110100000000000000000
00000100000000000001101110010000
10101000011101100000000000000000
10111100001010110000000000000000
00010011111111111111100001010110
10000110100000010000000001011100
10000100111000010000000001111100
10000100010000010000000001111000
00000011111111111111111001110100
10011101100000010000000010101000
10000100011000010000000001001000
10011100110000010000000001101100
10101000101000110000000000000000
10011100011000010000000001100000
11010100000000010011000000000100
11010100000000010001100000000000
10011101011000000000000000101101
10101000100111100000000000000000
10011101000000010000000001011100
10101000111000100000000000000000
10011100110000000000000000000011
10101000011101100000000000000000
11010100000000010110000000001000
00000100000000000000001010011000
11010100000000010101100000110100
10000101100000010000000000001000
00000011111111111111111010111010
10101011000010110000000000000000
10000100010000010000000001010000
11100000110001100001000000000000
11010100000000010011000000101000
10111101011001100000000000000000
00001111111111111111111111000011
10101000011001100000000000000000
00000011111111111111110111011011
10011110100000000000000001100111
10011111100111000000000000110000
11011000000000011110000001100111
11011000000000010101100001100110
00000011111111111111111100111111
10011100010000010000000001101000
10000101011000010000000001010000
11100000011010000101100000000000
11100000011000110001000000000000
10111101011000110000000000000000
00010011111111111111110111010000
11010100000000010001100000101000
00000011111111111111110111001110
10011100011000000000000000000000
10011101000000000000000000000000
10000111110000010000000001001100
00000011111111111111111110000001
11010100000000010100000000110100
10000100010000010000000001001100
10111101100000100000000000000000
00010000000000000000000000010001
10011100011000000000000000101101
10010000101000010000000001011001
00011011000000000000000000000001
10111101010101000000000001000111
00010000000000000000000000000100
10101011000110000110001001001010
00011011000000000000000000000001
10101011000110000110001001000110
10011100111000000000000000000011
10011100010000000000000000000000
10011101000000001111111101111111
11010100000000010011100000100000
11100001110011100100000000000011
11010100000000010011100000101000
00000011111111111111100001001010
11010100000000010001000001000000
10011100101000000000000000101101
00000011111111111111111111110001
11011000000000010001100001011001
10100101110011100000000000000001
10111100001011100000000000000000
00010011111111111111111100100010
10000100110000010000000000101000
10111101011010000000000000000000
00001100000000000000000001000010
10101000011010000000000000000000
10011100010000000000000000000000
00000011111111111111110110101010
11010100000000010001000001000000
10011100101000000000000000101101
11100011100000001110000000000010
00000011111111111111111011100100
11011000000000010010100001100101
10111100001000100000000000000000
00010000000000000000000000000111
10000100100000010000000001010000
10100101110011100000000000000001
10111100000011100000000000000000
00010000000000000000000000001110
10011100011000000000000000000001
10000100100000010000000001010000
10011100011001000000000000000001
11100000011000110001000000000000
10111101011000110000000000000000
00010011111111111111110110011001
11010100000000010001100000101000
00000011111111111111110110010111
10011100011000000000000000000000
00000011111111111111111100110111
10011100010000000000000000000000
00000011111111111111110110010000
10101000011011100000000000000000
00000011111111111111110110010001
11010100000000010001100000101000
00000011111111111111111100000111
10011100011000000000000000000000
10000101011000010000000000101100
10000100010010110000000000000000
10011100011010110000000000000100
10111101100000100000000000000000
00001111111111111111011110101010
11010100000000010001100000101100
00000011111111111111011110101000
10011100010000001111111111111111
00000011111111111111100011001010
11011000000000010011100001011001
00000011111111111111100111000101
11011000000000010011100001011001
00000011111111111111111010111000
10000111100000010000000001011100
00000011111111111111100101010000
11011000000000010011100001011001
00000011111111111111100100001110
11011000000000010011100001011001
11011000000000010011100001011001
00000011111111111111100011100010
10101001110011100000000000010000
10101001101000100000000000000000
00000011111111111111110100111001
11100000111110000110100000000000
00000011111111111111100101100100
11011000000000010011100001011001
00000011111111111111100111000110
11011000000000010011100001011001
00000011111111111111111011011010
10011100010000010000000001100110
00000011111111111111100111011110
11011000000000010011100001011001
00000011111111111111100001000101
11011000000000010011100001011001
00000011111111111111111111000000
10101000011011100000000000000000
11010111111000010100111111111100
11010111111000010000111111111000
10011100001000011111111111101100
11010100000000010001100000001000
11010100000000010010000000000100
00000100000000000000111000110111
11010100000000010010100000000000
10000100101000010000000000000000
10000100100000010000000000000100
10000100011000010000000000001000
10101000110001010000000000000000
10101000101001000000000000000000
10101000100000110000000000000000
00000111111111111111011100000101
10101000011010110000000000000000
10011100001000010000000000010100
10000101001000011111111111111100
01000100000000000100100000000000
10000100001000011111111111111000
10010100111001000000000000001100
11010111111000010001011111110000
11010111111000010111011111110100
10101000010001000000000000000000
10000101110001000000000001100100
10011100100000001111111111111101
11010111111000011001011111111000
11100000111001110010000000000011
11010111111000010100111111111100
11010111111000010000111111101100
10011100001000011111101110000100
10011101000000000000010000000000
11011100000000010011100000001100
10010100111000100000000000001110
10011101011000010000000001101000
10000101101000100000000000011100
10000101100000100000000000100100
11011100000000010011100000001110
10101000100000010000000000000000
10011100111000000000000000000000
11010100000000010111000001100100
10101010010000110000000000000000
11010100000000010110100000011100
11010100000000010110000000100100
11010100000000010101100000000000
11010100000000010101100000010000
11010100000000010100000000001000
11010100000000010100000000010100
00000111111111111111011011100011
11010100000000010011100000011000
10111101100010110000000000000000
00010000000000000000000000001000
10101001110010110000000000000000
10101000100000010000000000000000
00000100000000000000100110011010
10101000011100100000000000000000
10111100000010110000000000000000
00001100000000000000000000010010
00010101000000000000000000000000
10010100011000010000000000001100
10100100011000110000000001000000
10111100000000110000000000000000
00010000000000000000000000000101
00010101000000000000000000000000
10010100011000100000000000001100
10101000011000110000000001000000
11011100000000100001100000001100
10011100001000010000010001111100
10101001011011100000000000000000
10000101001000011111111111111100
10000100001000011111111111101100
10000100010000011111111111110000
10000101110000011111111111110100
01000100000000000100100000000000
10000110010000011111111111111000
00000011111111111111111111110000
10011101110000001111111111111111
11010111111000010001011111110100
11010111111000010111011111111000
11010111111000010100111111111100
11010111111000010000111111110000
10011100001000011111111111110000
10101001110000110000000000000000
00000100000000000000110111101010
10101000010001000000000000000000
10111100000010110000000000000000
00010000000000000000000000000110
00010101000000000000000000000000
10000100011010110000000000111000
10111100001000110000000000000000
00001100000000000000000001000100
00010101000000000000000000000000
10011000101000100000000000001100
10100100011001011111111111111111
10100100100000110000000000001000
10111100000001000000000000000000
00010000000000000000000000011000
10100100100000110000000000010000
10000100110000100000000000010000
10111100001001100000000000000000
00001100000000000000000000100001
10100100100000110000001010000000
10100100100000110000000000000001
10111100000001000000000000000000
00010000000000000000000000100110
10100100011000110000000000000010
10000100011000100000000000010100
10011100100000000000000000000000
11100000011000000001100000000010
11010100000000100010000000001000
11010100000000100001100000011000
10111100001001100000000000000000
00001100000000000000000000100110
10011101011000000000000000000000
10011100001000010000000000010000
10000101001000011111111111111100
10000100001000011111111111110000
10000100010000011111111111110100
01000100000000000100100000000000
10000101110000011111111111111000
10111100001001000000000000000000
00001100000000000000000000111101
10100100011000110000000000000100
10111100001000110000000000000000
00010000000000000000000000100110
00010101000000000000000000000000
10000100110000100000000000010000
10101000011001010000000000001000
10111100001001100000000000000000
11011100000000100001100000001100
00010011111111111111111111100100
10100100011000111111111111111111
10100100100000110000001010000000
10111100000001000000001000000000
00010011111111111111111111100001
10100100100000110000000000000001
10101000011011100000000000000000
00000100000000000000111001110111
10101000100000100000000000000000
10010100011000100000000000001100
00000011111111111111111111011010
10000100110000100000000000010000
10111100001000110000000000000000
00010000000000000000000000000011
00010101000000000000000000000000
10000100100000100000000000010100
11010100000000100010000000001000
10111100001001100000000000000000
00010011111111111111111111011110
10011101011000000000000000000000
10011000011000100000000000001100
10100100100000110000000010000000
11100100000001000101100000000000
00010011111111111111111111011001
10101000011000110000000001000000
10011101011000001111111111111111
00000011111111111111111111010110
11011100000000100001100000001100
00000100000000000000101001100001
10101000011010110000000000000000
00000011111111111111111110111101
10011000101000100000000000001100
10000100100000100000000000110000
10111100000001000000000000000000
00010000000000000000000000001011
00010101000000000000000000000000
10011100011000100000000001000000
11100100000001000001100000000000
00010000000000000000000000000101
00010101000000000000000000000000
00000100000000000000101011100000
10101000011011100000000000000000
10011000101000100000000000001100
10011100011000000000000000000000
11010100000000100001100000110000
10000100110000100000000000010000
10011100100000001111111111011011
10011100011000000000000000000000
11100000101001010010000000000011
11010100000000100001100000000100
00000011111111111111111111001011
11010100000000100011000000000000
10011100011000000000000000001001
10101000101001010000000001000000
11010100000011100001100000000000
11011100000000100010100000001100
00000011111111111111111110111000
10011101011000001111111111111111
11010111111000010001011111110100
00011000010000000000000000000001
11010111111000010111011111111000
10101000010000100110001000111000
11010111111000010100111111111100
10000100010000100000000000000000
11010111111000010000111111110000
10000100111000100000000101001000
10011100001000011111111111100100
10111100001001110000000000000000
00001100000000000000000000111101
10101001110000110000000000000000
10000100011001110000000000000100
10111101010000110000000000011111
00010000000000000000000000010000
10111100001011100000000000000000
00010000000000000000000000101000
10011101011000110000000000000001
10011100011000110000000000000010
11010100000001110101100000000100
10111000011000110000000000000010
10011101011000000000000000000000
11100000011001110001100000000000
11010100000000110010000000000000
10011100001000010000000000011100
10000101001000011111111111111100
10000100001000011111111111110000
10000100010000011111111111110100
01000100000000000100100000000000
10000101110000011111111111111000
00011000011000000000000000000000
10101000011000110000000000000000
10111100001000110000000000000000
00001100000000000000000000101001
10011100011000000000000110010000
11010100000000010010000000001000
11010100000000010010100000000100
00000111111111111101101011100000
11010100000000010011000000000000
10111100000010110000000000000000
10101000111010110000000000000000
10000100100000010000000000001000
10000100101000010000000000000100
00010000000000000000000000011111
10000100110000010000000000000000
10000100011000100000000101001000
10011101000000000000000000000000
11010100000010110001100000000000
11010100000010110100000000000100
11010100000000100101100101001000
11010100000010110100000110001000
11010100000010110100000110001100
10111100001011100000000000000000
10011101011000000000000000000001
00001111111111111111111111011100
10101000011010000000000000000000
10111001000000110000000000000010
10011100010000000000000000000001
10111100001011100000000000000010
11100001000001110100000000000000
11100000010000100001100000001000
11010100000010000010100010001000
10000100101001110000000110001000
11100000101001010001000000000100
11010100000001110010100110001000
00010011111111111111111111010001
11010100000010000011000100001000
10000100101001110000000110001100
11100000010001010001000000000100
00000011111111111111111111001101
11010100000001110001000110001100
10011100111000100000000101001100
00000011111111111111111111000100
11010100000000100011100101001000
00000011111111111111111111001110
10011101011000001111111111111111
11010111111000010001011111011000
00011000010000000000000000000001
11010111111000011001011111100000
10101000010000100110001000111000
11010111111000011010011111100100
11010111111000011011011111101000
11010111111000011110011111110100
10000100010000100000000000000000
11010111111000010100111111111100
11010111111000010000111111010100
11010111111000010111011111011100
11010111111000011100011111101100
11010111111000011101011111110000
11010111111000011111011111111000
10011100001000011111111111001100
00011010110000000000000000000000
11010100000000010001000000000000
10011100010000100000000101001000
10101010100000110000000000000000
10101011100001000000000000000000
11010100000000010001000000000100
10011110010000000000000000000001
10101010110101100000000000000000
10000100010000010000000000000000
10000111010000100000000101001000
10111100001110100000000000000000
00001100000000000000000001001000
10000111000000010000000000000100
10000100011110100000000000000100
10011100010000111111111111111111
10111101011000100000000000000000
00001100000000000000000000110100
10111100000101100000000000000000
10011101110000110000000000000001
10111001110011100000000000000010
00000000000000000000000000001010
11100001110110100111000000000000
10000100011011100000000100000000
11100100000111000001100000000000
00010000000000000000000000001001
00010101000000000000000000000000
10011100010000101111111111111111
10111100001000101111111111111111
00001100000000000000000000100111
10011101110011101111111111111100
10111100000111000000000000000000
00001111111111111111111111110111
00010101000000000000000000000000
10000100011110100000000000000100
10011100011000111111111111111111
11100100001000110001000000000000
00001100000000000000000001000000
10000100110011100000000000000000
10011100011000000000000000000000
11010100000011100001100000000000
10111100000001100000000000000000
00010011111111111111111111110001
11100000100100100001000000001000
10000100011110100000000110001000
11100000011001000001100000000011
10111100000000110000000000000000
00010000000000000000000000110010
10000111110110100000000000000100
10000100011110100000000110001100
11100000100001000001100000000011
10111100001001000000000000000000
00010000000000000000000000110011
00010101000000000000000000000000
10000100100011100000000010000000
01001000000000000011000000000000
10101000011101000000000000000000
10000100011110100000000000000100
11100100001000111111000000000000
00010011111111111111111111001110
00010101000000000000000000000000
10000100011110000000000000000000
11100100001000111101000000000000
00010011111111111111111111001010
10011100010000101111111111111111
10111100001000101111111111111111
00010011111111111111111111011101
10011101110011101111111111111100
10111100000101100000000000000000
00010000000000000000000000001111
00010101000000000000000000000000
10000100010110100000000000000100
10111100001000100000000000000000
00010000000000000000000000100010
10000100010110100000000000000000
10111100000000100000000000000000
00010000000000000000000000011111
10101000011110100000000000000000
00000111111111111101101001011101
11010100000110000001000000000000
10000111010110000000000000000000
10111100001110100000000000000000
00010011111111111111111110111100
00010101000000000000000000000000
10011100001000010000000000110100
10000101001000011111111111111100
10000100001000011111111111010100
10000100010000011111111111011000
10000101110000011111111111011100
10000110010000011111111111100000
10000110100000011111111111100100
10000110110000011111111111101000
10000111000000011111111111101100
10000111010000011111111111110000
10000111100000011111111111110100
01000100000000000100100000000000
10000111110000011111111111111000
01001000000000000011000000000000
00010101000000000000000000000000
00000011111111111111111111010111
10000100011110100000000000000100
00000011111111111111111111000100
11010100000110100001000000000100
01001000000000000011000000000000
10000100011011100000000010000000
00000011111111111111111111010001
10000100011110100000000000000100
10101011000110100000000000000000
00000011111111111111111111100101
10101011010000100000000000000000
11010111111000011001011111100000
11010111111000011101011111110000
10000110010001000000000000010000
10101011010000110000000000000000
10000100011000110000000000010000
11010111111000010001011111011000
11010111111000011111011111111000
11010111111000010100111111111100
11010111111000010000111111010100
11010111111000010111011111011100
11010111111000011010011111100100
11010111111000011011011111101000
11010111111000011100011111101100
11010111111000011110011111110100
11100101010100100001100000000000
10011100001000011111111111010100
10101011110001000000000000000000
00010000000000000000000001111001
10011100010000000000000000000000
10011110010100101111111111111111
10011101110001000000000000010100
10111011100100100000000000000010
10011111000110100000000000010100
11100010100011101110000000000000
11100011100110001110000000000000
10000100100101000000000000000000
10000100011111000000000000000000
00000100000000000010010101000001
10011100100001000000000000000001
11100100000010110001000000000000
00010000000000000000000000110111
10101010110010110000000000000000
10101001011000100000000000000000
10101001000110000000000000000000
10101000111011100000000000000000
10101000100000100000000000000000
10000100110001110000000000000000
10000100010010000000000000000000
10100100101001101111111111111111
10111000110001100000000001010000
11100000101001011011001100000110
11100000110001101011001100000110
11100000101001010101100000000000
10100100011000101111111111111111
10111001011001010000000001010000
11100000100000110010000000000000
10100100011001011111111111111111
11100000101001100101100000000000
11100000011001000001100000000010
10111000010000100000000001010000
10100100110001011111111111111111
10111000100000110000000010010000
11100000010000100011000000000010
10100100011000111111111111111111
11100000010000100010000000000000
10011100111001110000000000000100
10111000100000100000000000010000
11100100011101000011100000000000
10111001011001010000000001010000
11100000011001000001100000000100
10011101000010000000000000000100
11010111111010000001111111111100
00010011111111111111111111100110
10111000100000100000000010010000
10000100010111000000000000000000
10111100001000100000000000000000
00010000000000000000000000010011
10011100010111001111111111111100
11100100011110000001000000000000
00010000000000000000000000001111
00010101000000000000000000000000
10000100011111001111111111111100
10111100001000110000000000000000
00001100000000000000000000001000
10011100010000101111111111111100
00000000000000000000000000001010
11010100000110101001000000010000
10000100011000100000000000000000
10111100000000110000000000000000
00001100000000000000000000000101
10011100010000101111111111111100
11100100011110000001000000000000
00001111111111111111111111111011
10011110010100101111111111111111
11010100000110101001000000010000
10101000100111100000000000000000
00000100000000000001010001111101
10101000011110100000000000000000
10111101100010110000000000000000
00010000000000000000000000110000
10101000110110000000000000000000
10011110110101100000000000000001
10011100100000000000000000000000
10000100101001100000000000000000
10000100010011100000000000000000
10100100011001011111111111111111
10100100111000101111111111111111
11100000100000110010000000000000
10111000010000100000000001010000
11100000011001000011100000000010
10111000101001010000000001010000
10111000100000110000000010010000
10100100011000111111111111111111
11100000101001010001000000000010
10011101110011100000000000000100
11100000101001010010000000000000
10011100110001100000000000000100
10111000010001010000000000010000
11100100011101000111000000000000
10111000100001010000000010010000
11100000011000100001100000000100
00010011111111111111111111101110
11010111111001100001111111111100
10111000011100100000000000000010
11100000011110000001100000000000
10000100010000110000000000000000
10111100001000100000000000000000
00010000000000000000000000010101
10101000010101100000000000000000
10011100010000111111111111111100
11100100011110000001000000000000
00010000000000000000000000001111
00010101000000000000000000000000
10000100011000111111111111111100
10111100001000110000000000000000
00001100000000000000000000001000
10011100010000101111111111111100
00000000000000000000000000001010
11010100000110101001000000010000
10000100011000100000000000000000
10111100000000110000000000000000
00001100000000000000000000000101
10011100010000101111111111111100
11100100011110000001000000000000
00001111111111111111111111111011
10011110010100101111111111111111
11010100000110101001000000010000
10101000010101100000000000000000
10011100001000010000000000101100
10101001011000100000000000000000
10000101001000011111111111111100
10000100001000011111111111010100
10000100010000011111111111011000
10000101110000011111111111011100
10000110010000011111111111100000
10000110100000011111111111100100
10000110110000011111111111101000
10000111000000011111111111101100
10000111010000011111111111110000
10000111100000011111111111110100
01000100000000000100100000000000
10000111110000011111111111111000
11010111111000010001011111011000
11010111111000010111011111011100
11010111111000011001011111100000
11010111111000011010011111100100
11010111111000011011011111101000
11010111111000011101011111110000
11010111111000010100111111111100
11010111111000010000111111010100
11010111111000011100011111101100
11010111111000011110011111110100
11010111111000011111011111111000
10000101011000110000000001000000
10011100001000011111111101011000
10111100000010110000000000000000
11010100000000010011000000001000
11010100000000010011100000011100
11010100000000010100000000011000
10101011010000110000000000000000
10101010110001000000000000000000
10101000010001010000000000000000
10000110010000010000000010101000
10101010100001000000000000000000
00010000000000000000000000001011
10101001110001010000000000000000
10000100101000110000000001000100
10011100100000000000000000000001
11010100000010110010100000000100
11100000101001000010100000001000
10101000100010110000000000000000
00000100000000000001000110101011
11010100000010110010100000001000
10011100011000000000000000000000
11010100000110100001100001000000
10111101011101100000000000000000
00001100000000000000000001000111
10101011100101100000000000000000
10011100101000000000000000000000
11010100000100100010100000000000
00011000110000000111111111110000
11100000011111000011000000000011
11100100001000110011000000000000
00001100000000000000000000100101
00011011000000000000000000000001
10101001100101000000000000000000
10101001101000100000000000000000
10101011000110000110010000100000
11100000011011000000000000000100
11100000100011010000000000000100
10000100101110000000000000000000
10000100110110000000000000000100
00000100000000000010101011001100
00010101000000000000000000000000
10111100000010110000000000000000
00001100000000000000000000111011
10000100011000010000000000011000
10000100010000010000000010101100
10111100000000100000000000000000
10011100010000000000000000000001
00011001011000000000000000000001
11010100000000110001000000000000
00010000000000000000000000000101
10101001011010110110001001110111
11100000010010110001000000000000
10000100100000010000000010101100
11010100000001000001000000000000
10011100001000010000000010101000
10000101001000011111111111111100
10000100001000011111111111010100
10000100010000011111111111011000
10000101110000011111111111011100
10000110010000011111111111100000
10000110100000011111111111100100
10000110110000011111111111101000
10000111000000011111111111101100
10000111010000011111111111110000
10000111100000011111111111110100
01000100000000000100100000000000
10000111110000011111111111111000
10111100001000100000000000000000
10000100011000010000000000011000
10011100010000000010011100001111
00011001011000000000000000000001
11010100000000110001000000000000
00010000000000000000000000001010
10101001011010110110010000011001
00011000100000000000000000001111
10101000100001001111111111111111
11100011100111000010000000000011
10111100001111000000000000000000
00010000000000000000000000000101
10000100010000010000000010101100
00011001011000000000000000000001
10101001011010110110010000010000
10000100010000010000000010101100
10111100000000100000000000000000
00010011111111111111111111100010
00010101000000000000000000000000
10010000010010110000000000000011
10111100000000100000000000000000
00001100000000000000000000000011
10011100010010110000000000001000
10011100010010110000000000000011
10000100011000010000000010101100
00000011111111111111111111011010
11010100000000110001000000000000
00011000100000000111111111111111
10011100011000000000000000000001
10101000100001001111111111111111
11010100000100100001100000000000
11100010100101100010000000000011
00000011111111111111111110111000
10101011100101000000000000000000
10101000100101000000000000000000
10011100111000010000000001110100
10101000101000100000000000000000
10011100110000010000000001111000
10101000011110100000000000000000
10111010010111000000000001010100
00000100000000000001010011110111
11010100000000010001000000000000
10111100000100100000000000000000
11010100000000010101100000111100
00001100000000000000000110101101
10000101100000010000000000000000
10000110110000010000000001110100
10000110010000010000000001111000
11100010010101101001000000000000
10011100100100100000010000110010
10111101101001000000000000100000
00010000000000000000001011000111
10011100011000000000000000100000
10011100011000000000000001000000
10011100101100100000010000010010
11100000011000110010000000000010
11100000101000100010100001001000
11100011100111000001100000001000
11100000011001011110000000000100
00000100000000000011000100000011
10011110010100101111111111111111
00011000100000001111111000010000
10011100101000000000000000000001
11100001011010110010000000000000
11010100000000010010100001011100
00011000011000000000000000000001
10101011101011000000000000000000
10101011100010110000000000000000
10101000011000110110010000101000
10000100101000110000000000000000
10000100110000110000000000000100
11100000011111000000000000000100
11100000100111010000000000000100
00000100000000000010110110000110
00010101000000000000000000000000
00011000101000000000000000000001
11100000011010110000000000000100
11100000100011000000000000000100
10101000101001010110010000110000
10000100110001010000000000000100
10000100101001010000000000000000
00000100000000000010101110001100
00010101000000000000000000000000
00011000101000000000000000000001
11100000011010110000000000000100
11100000100011000000000000000100
10101000101001010110010000111000
10000100110001010000000000000100
10000100101001010000000000000000
00000100000000000010010010010100
00010101000000000000000000000000
10101000011100100000000000000000
11100011100010110000000000000100
11100011101011000000000000000100
00000100000000000011000010100100
11010100000000011110100000000100
00011000101000000000000000000001
11100000011010110000000000000100
11100000100011000000000000000100
10101000101001010110010001000000
10000100110001010000000000000100
10000100101001010000000000000000
00000100000000000010101101110111
00010101000000000000000000000000
10000111101000010000000000000100
11100000101010110000000000000100
11100000110011000000000000000100
11100000011111000000000000000100
11100000100111010000000000000100
00000100000000000010010010000000
00010101000000000000000000000000
11100000011010110000000000000100
11100000100011000000000000000100
11010100000000010101100000010000
11010100000000010110000000010100
00000100000000000011000001100100
00010101000000000000000000000000
10000100101110000000000000000000
10000100110110000000000000000100
10000100011000010000000000010000
10000100100000010000000000010100
00000100000000000010101011101101
10101011110010110000000000000000
10111101100010110000000000000000
00010000000000000000001001101111
10011100110000000000000000000001
10111100010111100000000000010110
00010000000000000000000000010100
11010100000000010011000001000100
00011000101000000000000000000001
10111000011111100000000000000011
10101000101001010110010011101100
10101000111000100000000000000000
11100000011000110010100000000000
10101000110101000000000000000000
10000100100000110000000000000100
10000100011000110000000000000000
11100000101001100000000000000100
11100000110001110000000000000100
00000100000000000010101001101000
00010101000000000000000000000000
10111101010010110000000000000000
00001100000000000000001001101010
10011100011000000000000000000000
10011100110000000000000000000000
10011111110111101111111111111111
11010100000000010011000001000100
11100010010101101001000000000010
10011100100000000000000000000000
10011110010100101111111111111111
11010100000000010010000000111000
11100101011100100010000000000000
00001100000000000000001001001111
11010100000000011001000000010000
10111101100111100000000000000000
00010000000000000000001001000100
10000100011000010000000000010000
10011100100000000000000000000000
11100000011000111111000000000000
11010100000000011111000001001100
11010100000000010001100000010000
11010100000000010010000001000000
10000100100000010000000000001000
10111100010001000000000000001001
00010000000000000000000100111111
10011100101000001111111111111111
10111101101001000000000000000101
00010000000000000000000000000110
10011100011000000000000000000001
10011100100001001111111111111100
10011100011000000000000000000000
11010100000000010010000000001000
10000100100000010000000000001000
10111100000001000000000000000011
00010000000000000000010000100100
10111101010001000000000000000011
00001100000000000000001111010100
10000100110000010000000000001000
10111100000001100000000000000100
00010000000000000000001001110001
10011100100000000000000000000001
10111100000001100000000000000101
00001100000000000000001111010010
11010100000000010010000001001000
10000100101000010000000000011100
11100000101111100010100000000000
10011100110001010000000000000001
11010100000000010010100001010000
10111101010001100000000000000000
00001100000000000000010100011001
11010100000000010011000000101000
10000100100000010000000000101000
10011110010000000000000000000001
10111100101001000000000000001110
00010000000000000000000000000011
10101000111001000000000000000000
10011110010000000000000000000000
11100010010000111001000000000011
10011100101000000000000000000000
10111100101001110000000000010111
11010100000110100010100001000100
00010000000000000000000000001011
10101000100001010000000000000000
10011100101000000000000000000001
10011100011000000000000000000100
11100000011000110001100000000000
10101000100001010000000000000000
10011100110000110000000000010100
11100100101001100011100000000000
00010011111111111111111111111100
10011100101001010000000000000001
11010100000110100010000001000100
00000100000000000001000001110111
10101000011110100000000000000000
10111100000100100000000000000000
11010100000000010101100000110100
00010000000000000000000100011010
11010100000110100101100001000000
10111101101111100000000000000000
11010100000000011010000001100000
00010000000000000000001111001100
11010100000000010001000001100100
10100100011111100000000000001111
10111010010111100000000010000100
00011000110000000000000000000001
10111000011000110000000000000011
10100100100100100000000000010000
10101000110001100110010011101100
10111100000001000000000000000000
11100000011000110011000000000000
10000110110000110000000000000000
10000110111000110000000000000100
00010000000000000000001110010111
10101000100101000000000000000000
10101001101000100000000000000000
00011000010000000000000000000001
10101001100101000000000000000000
10101000010000100110010011000100
10000100101000100000000000100000
10000100110000100000000000100100
11100000011011000000000000000100
11100000100011010000000000000100
00000100000000000010011011000110
11010100000000011011100000000100
10100110010100100000000000001111
10011101110000000000000000000011
10000110111000010000000000000100
11010100000000010101100000100000
11010100000000010110000000100100
10111100000100100000000000000000
00010000000000000000000000010011
00010101000000000000000000000000
00011010100000000000000000000001
10101010100101000110010011000100
10100100010100100000000000000001
11100000011101100000000000000100
11100000100101110000000000000100
10111100000000100000000000000000
00010000000000000000000000001000
10111010010100100000000010000001
10000100101101000000000000000000
10000100110101000000000000000100
00000100000000000010101011010111
10011101110011100000000000000001
11100010110010110000000000000100
11100010111011000000000000000100
10111100001100100000000000000000
00010011111111111111111111110011
10011110100101000000000000001000
10000100011000010000000000100000
10000100100000010000000000100100
11100000101101100000000000000100
11100000110101110000000000000100
00000100000000000010011010100111
00010101000000000000000000000000
11010100000000010101100000100000
11010100000000010110000000100100
10000100010000010000000001000100
10111100000000100000000000000000
00010000000000000000000000001101
10101000011011100000000000000000
00011000010000000000000000000001
10000100011000010000000000100000
10000100100000010000000000100100
10101000010000100110010001001000
10000100101000100000000000000000
10000100110000100000000000000100
00000100000000000010101001000111
00010101000000000000000000000000
10111101100010110000000000000000
00010000000000000000010011000011
10101000011011100000000000000000
00000100000000000010111111011110
00011000010000000000000000000001
10000100101000010000000000100000
10000100110000010000000000100100
11100000011010110000000000000100
11100000100011000000000000000100
00000100000000000010101010110011
10101000010000100110010001011000
10000100101000100000000000000000
10000100110000100000000000000100
11100000011010110000000000000100
11100000100011000000000000000100
00000100000000000010001110111101
00010101000000000000000000000000
10000100100000010000000000101000
00011000101000001111110011000000
10111100001001000000000000000000
10101000010011000000000000000000
00001100000000000000001010110110
11100001110010110010100000000000
11010100000000011111000001101000
10000101000000010000000000101000
10000100011000010000000001001000
10111100000000110000000000000000
00010000000000000000001110011001
00011000101000000000000000000001
10000100110000010000000000110100
10011100101010001111111111111111
10011111100001100000000000000001
00011000110000000000000000000001
10111000101001010000000000000011
10101000110001100110010011101100
00011000011000000000000000000001
11100000101001010011000000000000
10101000011000110110010001101000
10000100110001010000000000000100
10000100101001010000000000000000
10000100100000110000000000000100
10000100011000110000000000000000
00000100000000000010011001101101
11010100000000010100000000000100
10101000111000100000000000000000
10101000110011100000000000000000
11100000011010110000000000000100
11100000100011000000000000000100
11100000101001100000000000000100
11100000110001110000000000000100
00000100000000000010110001111100
00010101000000000000000000000000
10000100011000010000000000100000
10000100100000010000000000100100
11010100000000010101100000101100
11010100000000010110000000110000
00000100000000000010111101111110
00010101000000000000000000000000
10101000011010110000000000000000
00000100000000000010111110100110
10101000010010110000000000000000
10000100011000010000000000100000
10000100100000010000000000100100
11100000101010110000000000000100
11100000110011000000000000000100
00000100000000000010110001101101
00010101000000000000000000000000
10011100111000100000000000110000
10000100010000010000000000110100
10111000111001110000000000011000
11010100000000010101100000100000
11010100000000010110000000100100
11100000101010110000000000000100
11100000110011000000000000000100
10111001110001110000000010011000
10000100011000010000000000101100
10000100100000010000000000110000
00000100000000000010100110000101
11011000000000100111000000000000
10111101010010110000000000000000
00010000000000000000000001100110
00011010110000000000000000000001
10000100101000010000000000100000
10000100110000010000000000100100
10101010110101100110010001001000
10000100011101100000000000000000
10000100100101100000000000000100
00000100000000000010110001010111
00010101000000000000000000000000
10000100011000010000000000101100
10000100100000010000000000110000
11100000101010110000000000000100
11100000110011000000000000000100
00000100000000000010100101110101
00010101000000000000000000000000
10111101010010110000000000000000
00010000000000000000010011000001
10000101000000010000000000000100
10111101101010000000000000000001
00010000000000000000001100100001
00011000010000000000000000000001
10000100100000010000000000110100
10101000010000100110010001010000
11100001000001000100000000000000
10000110100000100000000000000000
10000100010000100000000000000100
11010100000000011111000001110000
11010100000000011101000001101100
10101010010111000000000000000000
11010100000000010100000001011000
11010100000000011010000001010100
10101011010101000000000000000000
00000000000000000000000000010011
10101011110000100000000000000000
10000100011101100000000000000000
10000100100101100000000000000100
00000100000000000010110000111010
00010101000000000000000000000000
10000100101000010000000000101100
10000100110000010000000000110000
11100000011010110000000000000100
11100000100011000000000000000100
00000100000000000010100111001011
00010101000000000000000000000000
10111101100010110000000000000000
00010000000000000000010010100011
00010101000000000000000000000000
10000100011000010000000001011000
11100100000111000001100000000000
00010000000000000000001100000001
00010101000000000000000000000000
10101000111000100000000000000000
10101000110110100000000000000000
10000100011000010000000000101100
10000100100000010000000000110000
11100000101001100000000000000100
11100000110001110000000000000100
00000100000000000010101000110011
10011111100111000000000000000001
10101000111111100000000000000000
10000100110000010000000001010100
10000100011000010000000000100000
10000100100000010000000000100100
11100000101001100000000000000100
11100000110001110000000000000100
11010100000000010101100000101100
11010100000000010110000000110000
00000100000000000010101000101001
00010101000000000000000000000000
11100010100010110000000000000100
11100010101011000000000000000100
11100000011010110000000000000100
11100000100011000000000000000100
00000100000000000010111100011101
11010100000000011010100000000100
10101001110010110000000000000000
10101000011010110000000000000000
00000100000000000010111101000100
10011101110011100000000000110000
10111001110011100000000000011000
10000110101000010000000000000100
11100000101010110000000000000100
11100000110011000000000000000100
11100000011101000000000000000100
11100000100101010000000000000100
00000100000000000010110000001001
10111001110011100000000010011000
11011000000100100111000000000000
10000100101000010000000000101100
10000100110000010000000000110000
11010100000000010101100000100000
11010100000000010110000000100100
11100000011010110000000000000100
11100000100011000000000000000100
00000100000000000010100110010111
10101010010111000000000000000000
10111101100010110000000000000000
10000100101000010000000000100000
10000100110000010000000000100100
00001111111111111111111110111111
00010101000000000000000000000000
10000111010000010000000001101100
00000000000000000000000011111001
10000111110000010000000001101000
00011000101000000000000000001111
00011000110000000011111111110000
10101000101001011111111111111111
10011100011000000000000000000000
11100001011101000010100000000011
10011110010100101111110000000001
11100001011010110011000000000100
10000110110000010000000001110100
00000011111111111111111001100000
11010100000000010001100001011100
10011100010000000000000000000000
10101000011110100000000000000000
11010100000110100001000001000100
10101000100000100000000000000000
00000100000000000000111101100100
11010100000000010010100000101000
11010100000000010001000000001000
10011100010000000000000000000001
10000100011000010000000000101000
11010100000000010001000001001000
10000100010000010000000000001000
11010100000000010101100000110100
11010100000110100101100001000000
11010100000000010001100001010000
11010100000000010001000000011100
10000100011000010000000001111000
10111101100000110000000000000000
00010000000000000000000000110011
10111101101111100000000000001110
00010000000000000000000000000011
10011100010000000000000000000001
10011100010000000000000000000000
10100100010000100000000011111111
10111100000000100000000000000000
00010000000000000000000000101101
10000100010000010000000001001000
00011000100000000000000000000001
10111000010111100000000000000011
10101000100001000110010011101100
10000100011000010000000000011100
11100000010000100010000000000000
10111101011000110000000000000000
10000100101000100000000000000000
10000100110000100000000000000100
11010100000000010010100000001000
11010100000000010011000000001100
00010000000000000000000100101100
10000100110000010000000000101000
10111101101001100000000000000000
00001100000000000000000100101001
10000100010000010000000000101000
10111100001000100000000000000000
00010000000000000000001000000010
10011110010000000000000000000000
00011000010000000000000000000001
10000100011000010000000000001000
10000100100000010000000000001100
10101000010000100110010001100000
10000100101000100000000000000000
10000100110000100000000000000100
00000100000000000010100111001000
00010101000000000000000000000000
10101000111011100000000000000000
10101000110101000000000000000000
11100000011010110000000000000100
11100000100011000000000000000100
11100000101001100000000000000100
11100000110001110000000000000100
00000100000000000010100011010110
00010101000000000000000000000000
10000110010000010000000000101000
10111101011010110000000000000000
00001100000000000000000010100001
10101000010100100000000000000000
10000100100000010000000000011100
10000111100000010000000000110100
00000000000000000000000010100010
10101111110001001111111111111111
10000100010000010000000001001000
10111100000000100000000000000000
00001100000000000000000011011100
10000100010000010000000000001000
10000110010000010000000001000000
10000110110000010000000000111000
10000100010000010000000001001000
10111101101101100000000000000000
00010000000000000000000000001111
10000100011000010000000000010000
10111101101000110000000000000000
00010000000000000000000000001100
11100101101101100001100000000000
00010000000000000000000000000011
10101000011101100000000000000000
10000100011000010000000000010000
10000100100000010000000000111000
10000100101000010000000000010000
11100000100001000001100000000010
11100000101001010001100000000010
11010100000000010010000000111000
11100010110101100001100000000010
11010100000000010010100000010000
10000100110000010000000001000000
10111101101001100000000000000000
00010000000000000000000000011001
10000100011000010000000001001000
10111100000000110000000000000000
00010000000000000000001001011010
10111100000100100000000000000000
00010000000000000000001001011000
11100000110001101001000000000010
10101000100000100000000000000000
10101000101100100000000000000000
10101000011110100000000000000000
00000100000000000001000011100010
11010100000000010011000001000000
10000100101000010000000000111100
10101000100010110000000000000000
10101000011110100000000000000000
00000100000000000001000001001110
10101000010010110000000000000000
10000100100000010000000000111100
10101000011110100000000000000000
00000100000000000000111100100111
11010100000000010101100000111100
10000100100000010000000001000000
10111100000001000000000000000000
00001100000000000000001001000111
10000100101000010000000001000000
10011100100000000000000000000001
00000100000000000001000000110100
10101000011110100000000000000000
10000100101000010000000001001100
10111100000001010000000000000000
00010000000000000000001000011011
10101010010010110000000000000000
10101000100010110000000000000000
00000100000000000001000011001011
10101000011110100000000000000000
10000100110000010000000000001000
10111101101001100000000000000001
00001100000000000000001011101100
10101010010010110000000000000000
10111100000011100000000000000000
00001100000000000000001011101010
10011111000000000000000000000000
00011000100000000000000000001111
10011111000000000000000000000000
10101000100001001111111111111111
11100000011101000010000000000011
11100100001000111100000000000000
00010000000000000000000000001111
10000100100000010000000001001100
00011000101000000111111111110000
11100010100101000010100000000011
11100100000101001100000000000000
00010000000000000000000000001011
10111100000001000000000000000000
10000100110000010000000000111000
10000100011000010000000000010000
10011100110001100000000000000001
10011100011000110000000000000001
11010100000000010011000000111000
11010100000000010001100000010000
10011111000000000000000000000001
10000100100000010000000001001100
10111100000001000000000000000000
00001100000000000000001011010011
10011101011000000000000000000001
10000100101000010000000000010000
11100000011010110010100000000000
10100100011000110000000000011111
10111100000000110000000000000000
00010000000000000000000110001100
10011100100000000000000000100000
11100000100001000001100000000010
10111101101001000000000000000100
00010000000000000000010000010100
10000100110000010000000000111000
10011100100000000000000000011100
11100000011001000001100000000010
11100000110001100001100000000000
11100000101001010001100000000000
11010100000000010011000000111000
11100010110101100001100000000000
11010100000000010010100000010000
10000100110000010000000000111000
10111101101001100000000000000000
00010000000000000000000000000110
10101000101001100000000000000000
10000100100000010000000000111100
00000100000000000001000011110110
10101000011110100000000000000000
11010100000000010101100000111100
10000100011000010000000000010000
10111101101000110000000000000000
00010000000000000000000000000110
10101000101000110000000000000000
10101000100100100000000000000000
00000100000000000001000011101110
10101000011110100000000000000000
10101010010010110000000000000000
10000100100000010000000001000100
10111100000001000000000000000000
00001100000000000000001010001110
10101000100100100000000000000000
10000100101000010000000000101000
10111101010001010000000000000000
00010000000000000000000101110010
10011111100001011111111111111111
10000100110000010000000000001000
10111101010001100000000000000010
00010000000000000000000000000011
10011100011000000000000000000001
10011100011000000000000000000000
10100100011000110000000011111111
10111100000000110000000000000000
00010000000000000000000101101010
10000100011000010000000001001000
10000100011000010000000000101000
10111100001000110000000000000000
00010011111111111111111101101110
10101000110000110000000000000000
10101000100100100000000000000000
10011100101000000000000000000101
00000100000000000000111011001111
10101000011110100000000000000000
10000100011000010000000000111100
10101000100010110000000000000000
00000100000000000001000100110000
10101010010010110000000000000000
10111101010010110000000000000000
00001111111111111111111101100100
10000100100000010000000000011100
10000100101000010000000000110100
10011100110000000000000000110001
10011111100001010000000000000001
11011000000001010011000000000000
10011111110111100000000000000001
10101000100100100000000000000000
00000100000000000000111010110010
10101000011110100000000000000000
10111100001000100000000000000000
00001100000000000000000000000110
10000100100000010000000000111100
10101000100000100000000000000000
00000100000000000000111010101100
10101000011110100000000000000000
10000100100000010000000000111100
10101000011110100000000000000000
00000100000000000000111010101000
10011100010111100000000000000001
10011100101000000000000000000000
10000100110000010000000000011000
11011000000111000010100000000000
11010100000001100001000000000000
10000100010000010000000010101100
10111100000000100000000000000000
00010000000000000000001011111010
00010101000000000000000000000000
11010100000000101110000000000000
00000011111111111111110100010110
10000101011000010000000000110100
10000100101000010000000000111000
11100000110000001111000000000010
11100000101001011111000000000010
10011100011000000000000000000000
11010100000000010010100000111000
11010100000000010011000001000000
00000011111111111111110110111101
11010100000000010001100001001100
11100000101000001001000000000010
11010100000000010010000000010000
00000011111111111111110110110001
11010100000000010010100000111000
00000100000000000010111000010111
10101000011111100000000000000000
10000100011000010000000000010000
10000100100000010000000000010100
11100000101010110000000000000100
11100000110011000000000000000100
00000100000000000010011110111111
00010101000000000000000000000000
10111100001010110000000000000000
00001111111111111111110110001010
10011100110000000000000000000001
00000011111111111111110110001000
10011111110111101111111111111111
00000011111111111111110110011011
11010100000000010001100001000100
11100000011000110010000000000010
00000011111111111111110101000000
11100000011000100001100000001000
10011100010000000000000000000001
10011100101000001111111111111111
11010100000000010001000001001000
10011100010000000000000000000000
11010100000000010010100000101000
11010100000000010010100001010000
11010100000000010001000000011100
10000100010000010000000000001000
10111101010000100000000000000001
00001100000000000000001100101111
10000100100000010000000001000000
10000100011000010000000000101000
10011100010000111111111111111111
11100101100001000001000000000000
00001100000000000000000000001001
11100010010001000001000000000010
10000100101000010000000001000000
10000100110000010000000001001100
11100000011000100010100000000010
10011110010000000000000000000000
11100000110001100001100000000000
11010100000000010001000001000000
11010100000000010011000001001100
10000100010000010000000000101000
10111101011000100000000000000000
00001100000000000000001100100111
00010101000000000000000000000000
10000110110000010000000000111000
10000100101000010000000000111000
10000100110000010000000000010000
11100000101001010001000000000000
11100000110001100001000000000000
10011100100000000000000000000001
10101000011110100000000000000000
11010100000000010010100000111000
00000100000000000000111101101110
11010100000000010011000000010000
00000011111111111111111100001100
10101000010010110000000000000000
10011100101000000000000000000001
11010100000000010010100001001000
10000100110000010000000000011100
10111101101001100000000000000000
00010000000000000000001010111000
10111100101001100000000000001110
10101000111001100000000000000000
00010000000000000000000000000011
10011110010000000000000000000001
10011110010000000000000000000000
11100010010000111001000000000011
10000100011000010000000000011100
11010100000000010001100001010000
00000011111111111111110110010101
11010100000000010001100000101000
10101000010101000000000000000000
10000100100000010000000000110100
10101000011011100000000000000000
10011111100001000000000000000001
11100000100000110000000000000100
11100000011000100000000000000100
10000100101000010000000000001000
10000100110000010000000000001100
00000100000000000010010001111101
00010101000000000000000000000000
11100000011010110000000000000100
11100000100011000000000000000100
00000100000000000010110110011000
00010101000000000000000000000000
10101000011010110000000000000000
00000100000000000010110111000000
10101010110010110000000000000000
10000100101000010000000000001000
10000100110000010000000000001100
11100000011010110000000000000100
11100000100011000000000000000100
00000100000000000010100010010101
00010101000000000000000000000000
10101000011011100000000000000000
11100000101010110000000000000100
11100000110011000000000000000100
11100000100000110000000000000100
11100000011000100000000000000100
00000100000000000010101010000000
00010101000000000000000000000000
10011100100101100000000000110000
10000100101000010000000000101000
10000100110000010000000000110100
10101000010010110000000000000000
10111100000001010000000000000001
11011000000001100010000000000000
00010000000000000000000001001111
10101001011000100000000000000000
10101001110000100000000000000000
00011000010000000000000000000001
10101001111011000000000000000000
10101000010000100110010001010000
11100000011011100000000000000100
11100000100011110000000000000100
10000100101000100000000000000000
10000100110000100000000000000100
00000100000000000010100001111100
00010101000000000000000000000000
11100001110010110000000000000100
11100001111011000000000000000100
10000100101110000000000000000000
10000100110110000000000000000100
11100000011010110000000000000100
11100000100011000000000000000100
00000100000000000010011101000111
11010100000000010111100000000100
10111100000010110000000000000000
00010011111111111111111101100100
10000101111000010000000000000100
10000100110000010000000000101000
10000100011000010000000000110100
10011110010001101111111111111111
10101010100111000000000000000000
00000000000000000000000000010001
11100010010000111001000000000000
10000100101000100000000000000000
10000100110000100000000000000100
00000100000000000010100001100111
10101010100111000000000000000000
11100001110010110000000000000100
11100001111011000000000000000100
10000100101110000000000000000000
10000100110110000000000000000100
11100000011010110000000000000100
11100000100011000000000000000100
00000100000000000010011100110010
11010100000000010111100000000100
10111100000010110000000000000000
00010011111111111111111101001111
10000101111000010000000000000100
11100000011011100000000000000100
11100000100011110000000000000100
11010100000000010111100000000100
10000100101000010000000000001000
10000100110000010000000000001100
00000100000000000010010000110000
10011111100101000000000000000001
11100000011010110000000000000100
11100000100011000000000000000100
00000100000000000010110101001011
00010101000000000000000000000000
10101000011010110000000000000000
00000100000000000010110101110011
10101010110010110000000000000000
10000100101000010000000000001000
10000100110000010000000000001100
11100000011010110000000000000100
11100000100011000000000000000100
00000100000000000010100001001000
00010101000000000000000000000000
10000101111000010000000000000100
11100000101010110000000000000100
11100000110011000000000000000100
11100000011011100000000000000100
11100000100011110000000000000100
00000100000000000010101000110011
00010101000000000000000000000000
10011100110101100000000000110000
10101000100010110000000000000000
10101000101011000000000000000000
11100100000101001001000000000000
11100000011001000000000000000100
11100000100001010000000000000100
00001111111111111111111111010000
11011000000101000011000000000000
10101000100010110000000000000000
10101000010010110000000000000000
10101000101011000000000000000000
10101000011011000000000000000000
11100000110001010000000000000100
11100000101001000000000000000100
11100000100000110000000000000100
11100000011000100000000000000100
00000100000000000010000100111111
00010101000000000000000000000000
11100001101011000000000000000100
11100001100010110000000000000100
10000100011000010000000000001000
10000100100000010000000000001100
11100000101011000000000000000100
11100000110011010000000000000100
11010100000000010110000000000000
00000100000000000010011110101111
11010100000000010110100000000100
10111101100010110000000000000000
10000101100000010000000000000000
00010000000000000000000000001111
10000101101000010000000000000100
11100000101011000000000000000100
11100000110011010000000000000100
10000100011000010000000000001000
10000100100000010000000000001100
00000100000000000010011011101111
00010101000000000000000000000000
10111100000010110000000000000000
00001111111111111111111100001101
10000100100000010000000000111100
10100110110101100000000000000001
10111100000101100000000000000000
00010011111111111111111100001001
00010101000000000000000000000000
10010001110111001111111111111111
10011100011111001111111111111111
10000100100000010000000000110100
00000000000000000000000000001000
10101000010000110000000000000000
11100100000001000001100000000000
00010000000000000000001001000001
10011100101000000000000000110000
10010001110000100000000000000000
10101011100000110000000000000000
10011100011000111111111111111111
10111100000011100000000000111001
00010011111111111111111111111001
10011100010000101111111111111111
10011100111011100000000000000001
00000011111111111111111011110111
11011000000000110011100000000000
00000100000000000010110100100111
00011000010000000000000000000001
10000100101000010000000000100000
10000100110000010000000000100100
11100000011010110000000000000100
11100000100011000000000000000100
00000100000000000010011111111100
10101000010000100110010001011000
10000100101000100000000000000000
10000100110000100000000000000100
11100000011010110000000000000100
11100000100011000000000000000100
00000100000000000010000100000110
00010101000000000000000000000000
00011000011000001111110011000000
10101000010011000000000000000000
11100001110010110001100000000000
00011000101000000000000000000001
10000100011000010000000000100000
10000100100000010000000000100100
10101000101001010110010001100000
10000100110001010000000000000100
10000100101001010000000000000000
00000100000000000010100111011101
00010101000000000000000000000000
10101000111000100000000000000000
10101000110011100000000000000000
11100010010010110000000000000100
11100010011011000000000000000100
11100000011010110000000000000100
11100000100011000000000000000100
11100000101001100000000000000100
11100000110001110000000000000100
00000100000000000010011011110111
11010100000000011001100000000100
10111101010010110000000000000000
00010000000000000000000100110000
10000110011000010000000000000100
00011000110000001000000000000000
10101000111000100000000000000000
11100001110011100011000000000000
11100000011100100000000000000100
11100000100100110000000000000100
10101000110011100000000000000000
11100000101001100000000000000100
11100000110001110000000000000100
00000100000000000010011101011101
00010101000000000000000000000000
10111101100010110000000000000000
00001100000000000000000010011010
10000110100000010000000001100000
10011110010000000000000000000000
00000011111111111111111000010100
10101000010100100000000000000000
10011100011000000000000000011100
10000100100000010000000000111000
10000100101000010000000000010000
11100000100001000001100000000000
11100000101001010001100000000000
11010100000000010010000000111000
11100010110101100001100000000000
00000011111111111111111001111010
11010100000000010010100000010000
10000100011000010000000001001000
10111100001000110000000000000000
00010000000000000000000101010101
10111101101101100000000000000000
10000101110000010000000000110100
10000110100000010000000000111100
10101010110011100000000000000000
00000000000000000000000000000101
10000111000000010000000000101000
00000100000000000000110101100101
00010101000000000000000000000000
10101010100010110000000000000000
10101000100100100000000000000000
10101000011101000000000000000000
00000111111111111111101011110010
10011101110011100000000000000001
11100000011011101011000000000010
10011101011010110000000000110000
11100101100000111100000000000000
11011011111011100101111111111111
10011100110000000000000000000000
10011100101000000000000000001010
10101000100101000000000000000000
00010011111111111111111111110010
10101000011110100000000000000000
10000111100000010000000000101000
11010100000000011010000000111100
11100101010111000011000000000000
00001100000000000000001001010010
10101011000010110000000000000000
10000100110000010000000000110100
10011101110000000000000000000000
11100011100001101110000000000000
10011100101000000000000000000001
10000100100000010000000000111100
00000100000000000000111101010000
10101000011110100000000000000000
10101000100100100000000000000000
10101000011010110000000000000000
00000100000000000000111110101100
11010100000000010101100000111100
10111101010010110000000000000000
00001100000000000000000000100101
10111100001010110000000000000000
10010000101111001111111111111111
10011100011111001111111111111111
10000100110000010000000000110100
00000000000000000000000000001000
10101000100000110000000000000000
11100100000000110011000000000000
00010000000000000000000111100100
00010101000000000000000000000000
10010000101001000000000000000000
10101011100000110000000000000000
10011100011000111111111111111111
10111100000001010000000000111001
00010011111111111111111111111001
10011100100001001111111111111111
10011100101001010000000000000001
11011000000000110010100000000000
10101000100100100000000000000000
00000100000000000000110100100011
10101000011110100000000000000000
10111100000000100000000000000000
00010011111111111111111001110110
11100000011000000111000000000010
11100000011011100001100000000100
10111101011000110000000000000000
00010011111111111111111001101111
11100000011011100001000000000101
11100000100000000001100000000010
11100000011001000001100000000100
10111101011000110000000000000000
00010011111111111111111001101010
10101000100011100000000000000000
00000100000000000000110100010101
10101000011110100000000000000000
00000011111111111111111001100111
10101000100000100000000000000000
00010000000000000000000000001010
10011100011111001111111111111111
10100111000110000000000000000001
10111100000110000000000000000000
00010000000000000000000000000110
00010101000000000000000000000000
00000011111111111111111111011001
10010000101111001111111111111111
10101011100000110000000000000000
10011100011111001111111111111111
10010000100000110000000000000000
10111100000001000000000000110000
00010011111111111111111111111100
10101000100100100000000000000000
00000011111111111111111111100000
00010101000000000000000000000000
10000100110000010000000000001000
10111101101001100000000000000001
00010000000000000000001000101000
10000111000000010000000001001100
00000011111111111111111000000100
10011101011000000000000000000001
10101000101000100000000000000000
11010100000000010010000000100000
11010100000000010010100000100100
00000011111111111111110001110111
10011101110000000000000000000010
10011100101000000000000000000000
10111100000001000000000000000010
00010011111111111111111010100000
11010100000000010010100001001000
10011100100000000000000000000000
10101000011110100000000000000000
11010100000110100010000001000100
00000100000000000000110011000000
10011100010000000000000000000001
10111101101111100000000000001110
11010100000000010101100000110100
11010100000110100101100001000000
00010000000000000000000000000011
10000100011000010000000001111000
10011100010000000000000000000000
10100100010000100000000011111111
10111100000000100000000000000000
00010011111111111111111001101000
10111101011000110000000000000000
00001111111111111111111001100110
10011100010000000000000000000000
10011100011000001111111111111111
11010100000000010001100000101000
00000011111111111111110101100010
11010100000000010001000000011100
10000100101000010000000001000000
10000100100000010000000000111100
00000100000000000000111010001101
10101000011110100000000000000000
00000011111111111111110110111000
11010100000000010101100000111100
10000111110000010000000001110000
10000111010000010000000001101100
10000110100000010000000001100000
00000011111111111111110101001100
10000101110000010000000001100100
11100000100000001111000000000010
10111100000001000000000000000000
00010000000000000000000101100010
10101000101000100000000000000000
10100100101001000000000000001111
00011000011000000000000000000001
10111000101001010000000000000011
10101000011000110110010011101100
10101000111000100000000000000000
10101000110101000000000000000000
10111000010001000000000010000100
11100000101001010001100000000000
11100000011001100000000000000100
11100000100001110000000000000100
10000100110001010000000000000100
10000100101001010000000000000000
00000100000000000010011100100101
00010101000000000000000000000000
10111100000000100000000000000000
11010100000000010101100000100000
11010100000000010110000000100100
00010011111111111111110001011000
10011101110000000000000000000010
00011010010000000000000000000001
10101010010100100110010011000100
10100100011000100000000000000001
10111100000000110000000000000000
11100000011010110000000000000100
11100000100011000000000000000100
00010000000000000000000000000110
10111000010000100000000010000001
10000100101100100000000000000000
10000100110100100000000000000100
00000100000000000010011100010100
10011101110011100000000000000001
10111100001000100000000000000000
00010011111111111111111111110101
10011110010100100000000000001000
11010100000000010101100000100000
11010100000000010110000000100100
00000011111111111111110001000110
10000100010000010000000001000100
10011100100000000000000000000000
00000011111111111111101111100101
11010100000000010010000001001000
10011110100010001111111111111111
10111000011101000000000000000011
10101000101001010110010011101100
10101000111000100000000000000000
11100000011000110010100000000000
10101000110011100000000000000000
11100000101001100000000000000100
11100000110001110000000000000100
10000100100000110000000000000100
10000100011000110000000000000000
00000100000000000010011011111110
11010100000000010100000000000100
10000100011000010000000000100000
10000100100000010000000000100100
11010100000000010101100000101100
11010100000000010110000000110000
00000100000000000010101111110010
00010101000000000000000000000000
10000100110000010000000000110100
10101000011010110000000000000000
10101000010010110000000000000000
00000100000000000010110000011000
10011111100001100000000000000001
10000100011000010000000000100000
10000100100000010000000000100100
11100000101010110000000000000100
11100000110011000000000000000100
00000100000000000010100011011111
10011100010000100000000000110000
10000101000000010000000000000100
10000100011000010000000000110100
10111100001010000000000000000001
11100010010010110000000000000100
11100010011011000000000000000100
00001100000000000000000000100011
11011000000000110001000000000000
10000100100000010000000000110100
10101010110111000000000000000000
11100001110001000100000000000000
00011000010000000000000000000001
11100000011100100000000000000100
11100000100100110000000000000100
10101000010000100110010001010000
10000100101000100000000000000000
10000100110000100000000000000100
00000100000000000010011011011011
10011110110101100000000000000001
11100010010010110000000000000100
11100010011011000000000000000100
11100000011010110000000000000100
11100000100011000000000000000100
00000100000000000010101111001111
11010100000000011001100000000100
10101000011010110000000000000000
00000100000000000010101111110111
10101000010010110000000000000000
10000110011000010000000000000100
11100000011100100000000000000100
11100000100100110000000000000100
11100000101010110000000000000100
11100000110011000000000000000100
00000100000000000010100010111101
10011100010000100000000000110000
11100100001101100111000000000000
11100010010010110000000000000100
11100010011011000000000000000100
00010011111111111111111111100101
11011011111101100001011111111111
11100011100111001010000000000000
00011000010000000000000000000001
10000100011000010000000000101100
10000100100000010000000000110000
10101000010000100110010001101000
10000100101000100000000000000000
10000100110000100000000000000100
00000100000000000001111111001101
11010100000000011001100000000100
10000110011000010000000000000100
11100000011010110000000000000100
11100000100011000000000000000100
11100000101100100000000000000100
11100000110100110000000000000100
00000100000000000010011000111111
00010101000000000000000000000000
10111101100010110000000000000000
00001100000000000000000011101100
10000110011000010000000000000100
10010001110111001111111111111111
00000011111111111111111010011110
10000111110000010000000001101000
10011110010000000000000000000000
00000011111111111111110110010010
10101000010100100000000000000000
00000100000000000000111010111011
10000100011000010000000000111100
10111101011010110000000000000000
00010011111111111111110101110010
10000100101000010000000000101000
10011100101000000000000000001010
10011100110000000000000000000000
10000100100000010000000000111100
10101000011110100000000000000000
00000100000000000000110001001101
10011111110111101111111111111111
10000100101000010000000001001000
10111100000001010000000000000000
00001100000000000000000000011100
11010100000000010101100000111100
10000100011000010000000000001000
10111101010000110000000000000010
00010000000000000000000000000100
10011100011000000000000000000001
10000100100000010000000001001000
10101000011001000000000000000000
10100100011000110000000011111111
10111100000000110000000000000000
00010000000000000000000000000101
10000100101000010000000001010000
10111101101001010000000000000000
00010011111111111111110101100111
11010100000000010010100000101000
10000100110000010000000001010000
00000011111111111111111011001111
11010100000000010011000000101000
10011111000000000000000000000000
10000100011100100000000000010000
10011100011000110000000000000100
10111000011000110000000000000010
11100000011100100001100000000000
00000100000000000000110011000110
10000100011000110000000000000000
10011100011000000000000000100000
00000011111111111111110100101000
11100001011000110101100000000010
10011100110000000000000000000000
10101000100000100000000000000000
10101000011110100000000000000000
00000100000000000000110000101010
10011100101000000000000000001010
10000100110000010000000000001000
10101000010010110000000000000000
10111101010001100000000000000010
00010000000000000000000000000011
10011100011000000000000000000001
10011100011000000000000000000000
10100100011000110000000011111111
10111100000000110000000000000000
00010000000000000000000000000111
10000100100000010000000001010000
10000100011000010000000001010000
10111101101000110000000000000000
00010011111111111111110101000111
11010100000000010001100000101000
10000100100000010000000001010000
10011111100001001111111111111111
10111101101101100000000000000000
00010000000000000000000000000110
10101000100000100000000000000000
10101000101101100000000000000000
00000100000000000000111000011001
10101000011110100000000000000000
10101000010010110000000000000000
10111100000110000000000000000000
00001100000000000000000011101101
10101000111000100000000000000000
10000110110000010000000000110100
10100101110011100000000000000001
11100011100101101110000000000000
11010100000000010111000000011100
11010100000000011111000000101000
11010100000000011110000000010000
10101011110001110000000000000000
10000101110000010000000000111100
10101000100100100000000000000000
00000111111111111111100110010111
10101000011011100000000000000000
10101000100000100000000000000000
10101000011011100000000000000000
10101011100010110000000000000000
00000100000000000000111001100101
10011111000010110000000000110000
10101000101111100000000000000000
10101000011110100000000000000000
10101000100100100000000000000000
00000100000000000000111010000000
10101010100010110000000000000000
10000100011010110000000000001100
10111100001000110000000000000000
00010000000000000000000001000001
10101000101010110000000000000000
10101000100010110000000000000000
10101000011011100000000000000000
00000100000000000000111001011000
11010100000000010101100000000100
10000100101000010000000000000100
10101000100001010000000000000000
10101000011110100000000000000000
00000100000000000000101111100000
11010100000000010101100000000100
10000101011000010000000000000100
10000100100000010000000000001000
11100000011010110010000000000100
10111100001000110000000000000000
00010000000000000000000000000110
10111101100101000000000000000000
10000100101000010000000000011100
10111100001001010000000000000000
00001100000000000000000011100110
10111101100101000000000000000000
00010000000000000000000010011110
10000100110000010000000000001000
11100010100101000011000000000100
10111100001101000000000000000000
00010000000000000000000000000110
10111101101010110000000000000000
10000100011000010000000000011100
10111100001000110000000000000000
00001100000000000000000010010110
10111101101010110000000000000000
00001100000000000000000011001011
10000100101000010000000000010000
10011110100101100000000000000001
11011000000101101100000000000000
11100100000001011011000000000000
00010000000000000000000011001101
10101011100101000000000000000000
10101000100011100000000000000000
10011100110000000000000000000000
10011100101000000000000000001010
00000100000000000000101111001110
10101000011110100000000000000000
11100100001000101111000000000000
10101001110010110000000000000000
10011100110000000000000000000000
10011100101000000000000000001010
10101000100000100000000000000000
00001100000000000000000000001100
10101000011110100000000000000000
00000100000000000000101111000101
10101010110101000000000000000000
10101000100111100000000000000000
10011100110000000000000000000000
10011100101000000000000000001010
10101000011110100000000000000000
00000100000000000000101110111111
10101000010010110000000000000000
00000011111111111111111110110111
10101011110010110000000000000000
00000100000000000000101110111011
10101010110101000000000000000000
10101000010010110000000000000000
00000011111111111111111110110010
10101011110010110000000000000000
00000011111111111111111111000110
10011101011000000000000000000001
00000011111111111111101000011111
10000101011000010000000000110100
10111100101001100000000000001110
00010000000000000000000000000011
10011110010000000000000000000001
10011110010000000000000000000000
10100110010100100000000011111111
10011100101000000000000000000000
11100010010000111001000000000011
11010100000110100010100001000100
00000011111111111111101011110110
10101000100001010000000000000000
10011110010000000000000000000001
11010100000000011001000001010000
11010100000000011001000000101000
00000011111111111111111111111000
11010100000000011001000000011100
10000100011000010000000000101000
10111100000000110000000000000000
00010011111111111111110111110100
10101000011011100000000000000000
10000100010000010000000001010000
10111101101000100000000000000000
00010011111111111111111010111010
00011000010000000000000000000001
10000100011000010000000000100000
10000100100000010000000000100100
10101000010000100110010001010000
10000100101000100000000000000000
10000100110000100000000000000100
00000100000000000010010111101011
10011100010111101111111111111111
10011100011011100000000000000001
11010100000000010001000001101000
00011000010000000000000000000001
11010100000000010101100000100000
11010100000000010110000000100100
00000100000000000010101100001001
10101000010000100110010001011000
10000100101000010000000000100000
10000100110000010000000000100100
11100000011010110000000000000100
11100000100011000000000000000100
00000100000000000010010111011110
00010101000000000000000000000000
10000100101000100000000000000000
10000100110000100000000000000100
11100000011010110000000000000100
11100000100011000000000000000100
00000100000000000001111011101000
00010101000000000000000000000000
00011000011000001111110011000000
10101000010011000000000000000000
11100001110010110001100000000000
00000011111111111111101100110000
10000101000000010000000001010000
10101000100101000000000000000000
11010100000000010010000000100000
11010100000000010010100000100100
00000011111111111111101100000110
10011101110000000000000000000010
10000100100000010000000000110100
10011111110111100000000000000001
11011000000001000010100000000000
00000011111111111111110111000100
10010001110111001111111111111111
10000100101000010000000000101100
10000100110000010000000000110000
10000100011000100000000000000000
10000100100000100000000000000100
00000100000000000010011110110101
11010100000000011001100000000100
10000110011000010000000000000100
11100000011010110000000000000100
11100000100011000000000000000100
11100000101100100000000000000100
11100000110100110000000000000100
00000100000000000010010011010010
00010101000000000000000000000000
10111101010010110000000000000000
00010000000000000000000000000110
10011100010111001111111111111111
00000011111111111111111010000000
10000110100000010000000001100000
10101011100000100000000000000000
10011100010111001111111111111111
10010000011000100000000000000000
10111100000000110000000000110000
00010011111111111111111111111100
10000111110000010000000001101000
00000011111111111111110010100011
10000100100000010000000000111100
10011100100000000000000000110001
10000100011000010000000000110100
10011111110111100000000000000001
00000011111111111111111000100011
11011000000000110010000000000000
10000100010000010000000001011100
10111100000000100000000000000000
00010000000000000000000000111110
00010101000000000000000000000000
10011100010000110000010000110011
10000110010000010000000001000000
00000011111111111111110011011110
10000110110000010000000000111000
10000100011000010000000000111000
11100010110000110001000000000010
00000011111111111111110011011010
10011100010000000000000000000000
10000111010000010000000001101100
00000011111111111111110110001001
10000111110000010000000001101000
11010100000000010111000000111100
10111101101010110000000000000000
10101000111111100000000000000000
00010000000000000000000000010010
10000111110000010000000000101000
10011100101000000000000000000001
10101000100011100000000000000000
10101000011110100000000000000000
00000100000000000000110101000001
11010100000000010011100000000100
10101000100100100000000000000000
10101000011010110000000000000000
00000100000000000000110110011101
11010100000000010101100000111100
10111101010010110000000000000000
00001100000000000000000001000001
10000100111000010000000000000100
10111100000110000000000000111001
00010000000000000000000000001001
10011100100000000000000000111001
10011111000111000000000000110001
10101001110000100000000000000000
10011111100101100000000000000001
11011000000101101100000000000000
00000011111111111111110111111010
10101000010001110000000000000000
10011100100000000000000000111001
10101001110000100000000000000000
10011111100101100000000000000001
11011000000101100010000000000000
10101000010001110000000000000000
00000011111111111111110111100100
10011100101000000000000000111001
10000100100000100000000000000100
00000100000000000000101011100101
10101000011110100000000000000000
10000100101000100000000000010000
10011100100000100000000000001100
10011100101001010000000000000010
10011100011010110000000000001100
10111000101001010000000000000010
00000100000000000000100110000011
10101010100010110000000000000000
10011100101000000000000000000001
10101000100101000000000000000000
00000100000000000000110100011100
10101000011110100000000000000000
00000011111111111111111100000111
10101000111010110000000000000000
10000100011000010000000001110100
10011100010000000000000000110110
10000110010000010000000001000000
11100000010000100001100000000010
00000011111111111111110010100000
10000110110000010000000000111000
11010100000000010111000000111100
10111100001110000000000000111001
10101000111111100000000000000000
00001111111111111111111111100000
10000111110000010000000000101000
00000011111111111111111111011001
10011111000110000000000000000001
10101000111111100000000000000000
11010100000000010111000000111100
10000111110000010000000000101000
10101001110000100000000000000000
00000011111111111111110110110101
10101000010001110000000000000000
00000011111111111111110110110000
10011111100000000000000000000001
11010100000000010111000000111100
10111100000110000000000000111001
10101000111111100000000000000000
00010011111111111111111111010001
10000111110000010000000000101000
10111101101101000000000000000000
00001111111111111111111111001000
00010101000000000000000000000000
00000011111111111111111111001000
10101001110000100000000000000000
10111100001010110000000000000000
00010011111111111111111111000101
10101001110000100000000000000000
10100100011110000000000000000001
10111100000000110000000000000000
00010011111111111111111111000001
10111100000110000000000000111001
00000011111111111111111110111011
00010101000000000000000000000000
10111100000001000000000000000100
00010011111111111111101111110110
10111101101001100000000000000000
10011100100000000000000000111100
00000011111111111111110101110001
11100000011001000001100000000010
10111100000011100000000000000000
00010011111111111111101111000111
00011000100000000000000000001111
00000011111111111111110111010111
10000111000000010000000001001100
11010111111000010001011111101100
10011000010001000000000000001100
11010111111000011010011111111000
10101010100000110000000000000000
10100100011000101111111111111111
11010111111000010111011111110000
10101001110001000000000000000000
10100100100000110000000000001000
11010111111000010100111111111100
11010111111000010000111111101000
11010111111000011001011111110100
10111100001001000000000000000000
00010000000000000000000001000100
10011100001000011111111111101000
10101000010000100000100000000000
10000100011011100000000000000100
10111101010000110000000000000000
00001100000000000000000010011001
11011100000011100001000000001100
10000101011011100000000000101000
10111100000010110000000000000000
00010000000000000000000001110011
10100100010000101111111111111111
10011100011000000000000000000000
10100100101000100001000000000000
10000110010101000000000000000000
10100100101001011111111111111111
11100100000001010001100000000000
00010000000000000000000010010100
11010100000101000001100000000000
10000100101011100000000001010000
10100100010000100000000000000100
10111100000000100000000000000000
00010000000000000000000000001010
10011100110000000000000000000000
10000100011011100000000000110000
10000100010011100000000000000100
10111100000000110000000000000000
00010000000000000000000000000101
11100000101001010001000000000010
10000100010011100000000000111100
11100000101001010001000000000010
10011100110000000000000000000000
10000100100011100000000000011100
01001000000000000101100000000000
10101000011101000000000000000000
10111100001010111111111111111111
00001100000000000000000001100010
10011100011000001111011111111111
10011000010011100000000000001100
10011100101000000000000000000000
11100000010000100001100000000011
10000100100011100000000000010000
10100100011000100001000000000000
11011100000011100001000000001100
11010100000011100010100000000100
11100100001000110010100000000000
00010000000000000000000001101111
11010100000011100010000000000000
10000100100011100000000000110000
10111100000001000000000000000000
00010000000000000000000001001011
11010100000101001001000000000000
10011100010011100000000001000000
11100100000001000001000000000000
00010000000000000000000000000101
10011100101000000000000000000000
00000100000000000000001000110101
10101000011101000000000000000000
10011100101000000000000000000000
11010100000011100010100000110000
10011100001000010000000000011000
10101001011001010000000000000000
10000101001000011111111111111100
10000100001000011111111111101000
10000100010000011111111111101100
10000101110000011111111111110000
10000110010000011111111111110100
01000100000000000100100000000000
10000110100000011111111111111000
10000110010011100000000000010000
10111100000100100000000000000000
00010000000000000000000000110110
10100100011000110000000000000011
10000100010011100000000000000000
10111100001000110000000000000000
11010100000011101001000000000000
11100000010000101001000000000010
00010000000000000000000000000011
10011100011000000000000000000000
10000100011011100000000000010100
10111101101000100000000000000000
00001100000000000000000000000111
11010100000011100001100000001000
00000000000000000000000000101011
10011101011000000000000000000000
10111101010000100000000000000000
00001100000000000000000000101000
10011101011000000000000000000000
10101000110000100000000000000000
10101000101100100000000000000000
10000101011011100000000000100100
10000100100011100000000000011100
01001000000000000101100000000000
10101000011101000000000000000000
10111101010010110000000000000000
11100000010000100101100000000010
00010011111111111111111111110101
11100010010100100101100000000000
10010100010011100000000000001100
10101000010000100000000001000000
10011101011000001111111111111111
11011100000011100001000000001100
10011100001000010000000000011000
10000101001000011111111111111100
10000100001000011111111111101000
10000100010000011111111111101100
10000101110000011111111111110000
10000110010000011111111111110100
01000100000000000100100000000000
10000110100000011111111111111000
10000100010101000000000000000000
10111100001000100000000000000000
00001100000000000000000000111100
10101100011000100000000000011101
11100000100000000001100000000010
11100000011001000001100000000100
10111101011000110000000000000000
00010000000000000000000000000111
10101100010000100000000000010110
11100000011000000001000000000010
11100000010000110001000000000100
10111101100000100000000000000000
00010000000000000000000000110101
00010101000000000000000000000000
11010100000101001001000000000000
10011101011000000000000000000000
10011100001000010000000000011000
10000101001000011111111111111100
10000100001000011111111111101000
10000100010000011111111111101100
10000101110000011111111111110000
10000110010000011111111111110100
01000100000000000100100000000000
10000110100000011111111111111000
10000100100101000000000000000000
10111100010001000000000000011101
00010011111111111111111111011010
00011000010000000010000001000000
10101000010000100000000000000001
11100000010000100010000001001000
10100100010000100000000000000001
10101100010000100000000000000001
10111100001000100000000000000000
00010011111111111111111111010011
10011100101000001111011111111111
10011000011011100000000000001100
10000100110011100000000000010000
11100000011000110010100000000011
11010100000011100001000000000100
10100100101000110001000000000000
11011100000011100001100000001100
10111100001001010000000000000000
00001111111111111111111110011000
11010100000011100011000000000000
10111100000001000000000000000000
00001111111111111111111110010101
00010101000000000000000000000000
00000011111111111111111110010011
11010100000011100101100001010000
10000100011011100000000000111100
10111101010000110000000000000000
00010011111111111111111101100111
10011101011000000000000000000000
00000011111111111111111111011100
10011100001000010000000000011000
10011100110000000000000000000001
10000100100011100000000000011100
01001000000000000101100000000000
10101000011101000000000000000000
10111100001010111111111111111111
00001111111111111111111111000100
10101000101010110000000000000000
10010100010011100000000000001100
00000011111111111111111101100111
10000101011011100000000000101000
10010100010011100000000000001100
10101000010000100000000001000000
00000011111111111111111110110101
11011100000011100001000000001100
11010111111000010001011111111000
11010111111000010100111111111100
11010111111000010000111111110100
10111100000000110000000000000000
10011100001000011111111111110000
00010000000000000000000000000110
10101000010000110000000000000000
10000100101000110000000000111000
10111100001001010000000000000000
00001100000000000000000000001101
00010101000000000000000000000000
10011000011001000000000000001100
10111100000000110000000000000000
00010000000000000000000000000100
10011101011000000000000000000000
00000111111111111111111100110011
10101000011000100000000000000000
10011100001000010000000000010000
10000101001000011111111111111100
10000100001000011111111111110100
01000100000000000100100000000000
10000100010000011111111111111000
00000100000000000000000100011001
11010100000000010010000000000000
00000011111111111111111111110011
10000100100000010000000000000000
11010111111000010100111111111100
11010111111000010000111111111000
10111100001000110000000000000000
00001100000000000000000000001100
10011100001000011111111111110100
00000100000000000000010001001110
11010100000000010001100000000000
10000100011000010000000000000000
10101000100000110000000000000000
00000111111111111111111111011101
10101000011010110000000000000000
10011100001000010000000000001100
10000101001000011111111111111100
01000100000000000100100000000000
10000100001000011111111111111000
00011000011000000000000000000001
00011000100000000000000000000000
10101000011000110110001000111000
10101000100001001011100000111100
00000100000000000000010000001011
10000100011000110000000000000000
10011100001000010000000000001100
10000101001000011111111111111100
01000100000000000100100000000000
10000100001000011111111111111000
11010111111000010000111111111100
10011100001000011111111111111100
10011101011000000000000000000000
10011100001000010000000000000100
01000100000000000100100000000000
10000100001000011111111111111100
00011000100000000000000000000001
11010111111000010100111111111100
11010111111000010000111111111000
10101000100001000001010000101100
00000100000000000000001111111011
10011100001000011111111111111000
10011100001000010000000000001000
10000101001000011111111111111100
01000100000000000100100000000000
10000100001000011111111111111000
00011000100000000000000000000000
11010111111000011010011111100100
10101000100001001011100100100000
10101010100000110000000000000000
11010111111000010100111111111100
11010111111000010001011111011000
11010111111000010111011111011100
11010111111000011001011111100000
11010111111000011011011111101000
11010111111000011100011111101100
11010111111000011101011111110000
11010111111000011110011111110100
11010111111000011111011111111000
11010111111000010000111111010100
10011100010000000000000000000000
11010100000101000010000000111100
10011100011000110000001011101100
10011100100000000000000000000011
10000101110101000000000000000100
10011100110000000000000000000100
11010100000101000001001011100000
11010100000101000010001011100100
11010100000101000001101011101000
10011100001000011111111111010100
10101000100000100000000000000000
10011100011011100000000001011100
11010100000011100001000000000000
11010100000011100001000000000100
11010100000011100001000000001000
11011100000011100011000000001100
11010100000011100001000001100100
11011100000011100001000000001110
11010100000011100001000000010000
11010100000011100001000000010100
11010100000011100001000000011000
10011100101000000000000000001000
00011011100000000000000000000000
00011011010000000000000000000000
00011011000000000000000000000000
00000100000000000000100011100000
00011010110000000000000000000000
10101011100111001111100100110000
10101011010110101111100110110000
10101011000110001111101001000000
10101010110101101111101010101000
10000110010101000000000000001000
10011111110000000000000000000001
10011100110000000000000000001001
11010100000011101110000000100000
11010100000011101101000000100100
11010100000011101100000000101000
11010100000011101011000000101100
11010100000011100111000000011100
10101000100000100000000000000000
10011100011100100000000001011100
11010100000100100001000000000000
11010100000100100001000000000100
11010100000100100001000000001000
11011100000100100011000000001100
11010100000100100001000001100100
11011100000100101111000000001110
11010100000100100001000000010000
11010100000100100001000000010100
11010100000100100001000000011000
00000100000000000000100011000111
10011100101000000000000000001000
10011100011000000000000000010010
10000101110101000000000000001100
10011100110000000000000000000010
11010100000100101110000000100000
11010100000100101101000000100100
11010100000100101100000000101000
11010100000100101011000000101100
11010100000100101001000000011100
11010100000011100001000000000000
11010100000011100001000000000100
11010100000011100001000000001000
11011100000011100001100000001100
11010100000011100001000001100100
11010100000011100001000000010000
11010100000011100001000000010100
11010100000011100001000000011000
11011100000011100011000000001110
10101000100000100000000000000000
10011100011011100000000001011100
00000100000000000000100010110010
10011100101000000000000000001000
11010100000011101110000000100000
11010100000011101101000000100100
11010100000011101100000000101000
11010100000011101011000000101100
11010100000011100111000000011100
11010100000101001111000000111000
10011100001000010000000000101100
10000101001000011111111111111100
10000100001000011111111111010100
10000100010000011111111111011000
10000101110000011111111111011100
10000110010000011111111111100000
10000110100000011111111111100100
10000110110000011111111111101000
10000111000000011111111111101100
10000111010000011111111111110000
10000111100000011111111111110100
01000100000000000100100000000000
10000111110000011111111111111000
11010111111000010000111111111100
10011100001000011111111111111100
10011101011000000000000000000000
10011100001000010000000000000100
01000100000000000100100000000000
10000100001000011111111111111100
11010111111000010001011111110000
11010111111000010111011111110100
10011100010001001111111111111111
10011101110000000000000001101000
11010111111000011001011111111000
11100001110000100111001100000110
11010111111000010100111111111100
11010111111000010000111111101100
10101010010001000000000000000000
10011100001000011111111111101100
00000100000000000000010011000101
10011100100011100000000001110100
10111100000010110000000000000000
00010000000000000000000000001001
10101000010010110000000000000000
10011100011010110000000000001100
10011100100000000000000000000000
11010100000010111001000000000100
11010100000010110010000000000000
11010100000010110001100000001000
00000100000000000000100010000011
10011100101011100000000001101000
10011100001000010000000000010100
10101001011000100000000000000000
10000101001000011111111111111100
10000100001000011111111111101100
10000100010000011111111111110000
10000101110000011111111111110100
01000100000000000100100000000000
10000110010000011111111111111000
11010111111000010001011111110000
00011000010000000000000000000001
11010111111000010111011111110100
10101000010000100110001000111000
11010111111000011001011111111000
10000101110000100000000000000000
11010111111000010100111111111100
10000100010011100000000000111000
11010111111000010000111111101100
10111100001000100000000000000000
10011100001000011111111111101100
00010000000000000000000000000100
10101010010000110000000000000000
00000111111111111111111101100101
10101000011011100000000000000000
10011101110011100000001011100000
10000100100011100000000000000100
10011100100001001111111111111111
10111101100001000000000000000000
00010000000000000000000000010001
10000100010011100000000000001000
10011000011000100000000000001100
10111100000000110000000000000000
00010000000000000000000000010011
00010101000000000000000000000000
00000000000000000000000000000110
10011100011000100000000001110100
10011000101000111111111110011000
10111100000001010000000000000000
00010000000000000000000000001101
00010101000000000000000000000000
10011100100001001111111111111111
10011100010000111111111111110100
10111100001001001111111111111111
00010011111111111111111111111001
10011100011000110000000001101000
10000100010011100000000000000000
10111100001000100000000000000000
00001100000000000000000000100001
10011100100000000000000000000100
00000011111111111111111111101000
10101001110000100000000000000000
10011100011000001111111111111111
10011100101000000000000000001000
11011100000000100001100000001110
10011100011000000000000000000001
11011100000000100001100000001100
10011100011000000000000000000000
11010100000000100001100001100100
11010100000000100001100000000000
11010100000000100001100000001000
11010100000000100001100000000100
11010100000000100001100000010000
11010100000000100001100000010100
11010100000000100001100000011000
10101000100000110000000000000000
00000100000000000000100001000001
10011100011000100000000001011100
10011100011000000000000000000000
10101001011000100000000000000000
11010100000000100001100000110000
11010100000000100001100000110100
11010100000000100001100001000100
11010100000000100001100001001000
10011100001000010000000000010100
10000101001000011111111111111100
10000100001000011111111111101100
10000100010000011111111111110000
10000101110000011111111111110100
01000100000000000100100000000000
10000110010000011111111111111000
00000111111111111111111110011011
10101000011100100000000000000000
10111100000010110000000000000000
00010000000000000000000000000100
11010100000011100101100000000000
00000011111111111111111111000100
10101001110010110000000000000000
10011100010000000000000000001100
00000011111111111111111111110001
11010100000100100001000000000000
00011000011000000000000000000001
00011000100000000000000000000001
10101000011000110110001000111000
11010111111000010100111111111100
11010111111000010000111111111000
10101000100001000001010000101100
10011100001000011111111111111000
00000100000000000000001100001111
10000100011000110000000000000000
10011100001000010000000000001000
10000101001000011111111111111100
01000100000000000100100000000000
10000100001000011111111111111000
10000100100000110000000000111000
11010111111000010100111111111100
11010111111000010000111111111000
10111100001001000000000000000000
00010000000000000000000000000100
10011100001000011111111111111000
00000111111111111111111100001110
00010101000000000000000000000000
10011100001000010000000000001000
10000101001000011111111111111100
01000100000000000100100000000000
10000100001000011111111111111000
11010111111000010000111111111100
10011100001000011111111111111100
10011100001000010000000000000100
01000100000000000100100000000000
10000100001000011111111111111100
11010111111000010000111111111100
10011100001000011111111111111100
10011100001000010000000000000100
01000100000000000100100000000000
10000100001000011111111111111100
11010111111000010000111111111100
10011100001000011111111111111100
10011100001000010000000000000100
01000100000000000100100000000000
10000100001000011111111111111100
11010111111000010000111111111100
10011100001000011111111111111100
10011100001000010000000000000100
01000100000000000100100000000000
10000100001000011111111111111100
11010111111000010100111111111100
11010111111000010000111111111000
00000100000000000000001100011100
10011100001000011111111111111000
00011000100000000000000000000000
10101000011010110000000000000000
00000100000000000000001010101101
10101000100001001011101011110000
10011100001000010000000000001000
10000101001000011111111111111100
01000100000000000100100000000000
10000100001000011111111111111000
11010111111000010100111111111100
11010111111000010000111111111000
00000100000000000000001100010000
10011100001000011111111111111000
00011000100000000000000000000000
10101000011010110000000000000000
00000100000000000000001010100001
10101000100001001011100100001000
10011100001000010000000000001000
10000101001000011111111111111100
01000100000000000100100000000000
10000100001000011111111111111000
11010111111000011010011111111000
00011010100000000000000000000001
11010111111000010001011111101100
11010111111000010111011111110000
11010111111000011001011111110100
11010111111000010100111111111100
11010111111000010000111111101000
10011100001000011111111111101000
10101010100101001001000110011100
10101000010001000000000000000000
00000100000000000000100000110011
10101010010000110000000000000000
10000100011101000000000000001000
10000101110000110000000000000100
10011100011000001111111111111100
11100001110011100001100000000011
10011100011000001111000000000000
11100000010011100001000000000010
10011100010000100000111111101111
11100000010000100001100000000011
11100000010000100001100000000000
10111101010000100000111111111111
00001100000000000000000000001001
10101000011100100000000000000000
00000100000000000001100110110110
10011100100000000000000000000000
10000100011101000000000000001000
11100000011000110111000000000000
11100100001010110001100000000000
00001100000000000000000000001101
11100000100000000001000000000010
00000100000000000000100001001000
10101000011100100000000000000000
10011100001000010000000000011000
10011101011000000000000000000000
10000101001000011111111111111100
10000100001000011111111111101000
10000100010000011111111111101100
10000101110000011111111111110000
10000110010000011111111111110100
01000100000000000100100000000000
10000110100000011111111111111000
00000100000000000001100110100100
10101000011100100000000000000000
10111100001010111111111111111111
00001100000000000000000000010101
00011000100000000000000000000001
11100001110011100001000000000010
10101000100001001001100111110100
10000100101101000000000000001000
10000100011001000000000000000000
10101001110011100000000000000001
11100000010000110001000000000010
11010100000001010111000000000100
10101000011100100000000000000000
00000100000000000000100000110000
11010100000001000001000000000000
10011100001000010000000000011000
10011101011000000000000000000001
10000101001000011111111111111100
10000100001000011111111111101000
10000100010000011111111111101100
10000101110000011111111111110000
10000110010000011111111111110100
01000100000000000100100000000000
10000110100000011111111111111000
10101000011100100000000000000000
00000100000000000001100110001011
10011100100000000000000000000000
10000100011101000000000000001000
11100000010010110001100000000010
10111101101000100000000000001111
00010011111111111111111111010111
00011000100000000000000000000001
10101000010000100000000000000001
10101000100001001001000110010100
11010100000000110001000000000100
10000100100001000000000000000000
00011000010000000000000000000001
11100001011010110010000000000010
10101000010000101001100111110100
00000011111111111111111111001110
11010100000000100101100000000000
11010111111000010001011111111000
11010111111000010100111111111100
11010111111000010000111111110100
10111100000001000000000000000000
10011100001000011111111111110000
00010000000000000000000001000010
10101000010000110000000000000000
00000100000000000000011111100011
11010100000000010010000000000000
10000100100000010000000000000000
10011100101000001111111111111110
10000101000001001111111111111100
00011001011000000000000000000001
11100000011010000010100000000011
10011100110001001111111111111000
10101001011010111001000110011100
11100000111001100001100000000000
10000101100010110000000000001000
10000100101001110000000000000100
11100100001001110110000000000000
10011101100000001111111111111100
10100101000010000000000000000001
00001100000000000000000001100100
11100000101001010110000000000011
10111100001010000000000000000000
00010000000000000000000000001110
11010100000001110010100000000100
10000100100001001111111111111000
00011001000000000000000000000001
11100000110001100010000000000010
11100000011000110010000000000000
10101001000010001001000110100100
10000100100001100000000000001000
11100100000001000100000000000000
00010000000000000000000001110001
00010101000000000000000000000000
10000101000001100000000000001100
11010100000001000100000000001100
11010100000010000010000000001000
11100000100001110010100000000000
10000100100001000000000000000100
10100100100001000000000000000001
10111100000001000000000000000000
00010000000000000000000001000001
11100000100001100001100000000000
10101000101000110000000000000001
11010100000001100010100000000100
11010100000001000001100000000000
10111100010000110000000111111111
00010000000000000000000000011011
10111000101000110000000001001001
10111000011000110000000001000011
00011001100000000000000000000001
10011100111000000000000000000001
10111000100000110000000000000011
10111000011000110000000010000010
10101001100011001001000110011100
10011100100001000000000000001000
11100000011001110001100000001000
10000100101010110000000000000100
11100000100001000110000000000000
11100000011000110010100000000100
10011100111001001111111111111000
10000100101001000000000000000000
11010100000001100011100000001100
11010100000001100010100000001000
11010100000010110001100000000100
11010100000001000011000000000000
11010100000001010011000000001100
00000100000000000000011111001111
10101000011000100000000000000000
10011100001000010000000000010000
10000101001000011111111111111100
10000100001000011111111111110100
01000100000000000100100000000000
10000100010000011111111111111000
10111100010001010000000000000100
00010000000000000000000001010110
10111100010001010000000000010100
10111000101000110000000001000110
10011100100001010000000000111001
10011100101001010000000000111000
11100000100001000010000000000000
00011000111000000000000000000001
10111000100001000000000000000010
10101000111001111001000110011100
11100000100001000011100000000000
10011100111001001111111111111000
10000100100001000000000000000000
11100100001001110010000000000000
00001100000000000000000001001111
10111000101001010000000010000010
10000100101001000000000000000100
10011101000000001111111111111100
11100000101001010100000000000011
11100100100000110010100000000000
00001100000000000000000000000110
00010101000000000000000000000000
10000100100001000000000000001000
11100100001001110010000000000000
00010011111111111111111111111000
00010101000000000000000000000000
10000100111001000000000000001100
11010100000001100011100000001100
11010100000001100010000000001000
11010100000001110011000000001000
00000011111111111111111111011011
11010100000001000011000000001100
00011001100000000000000000000001
10000100100001110000000000001000
10101001100011001001000110100100
11100100000001000110000000000000
00010000000000000000000001000000
11100000011000110010100000000000
10000100111001110000000000001100
10101000101000110000000000000001
11010100000001000011100000001100
11010100000001110010000000001000
11100000100001100001100000000000
11010100000001100010100000000100
00000011111111111111111110111000
11010100000001000001100000000000
10111100001010000000000000000000
00010000000000000000000000001001
11100000011000110010100000000000
10000100100001001111111111111000
11100000110001100010000000000010
11100000011000110010000000000000
10000100101001100000000000001000
10000100100001100000000000001100
11010100000001010010000000001100
11010100000001000010100000001000
00011000100000000000000000000001
10101000101000110000000000000001
10101000100001001001000110011000
11010100000001100010100000000100
10000100100001000000000000000000
11100100011000110010000000000000
00001111111111111111111110111011
11010100000010110011000000001000
00011000100000000000000000000001
10101000011000100000000000000000
10101000100001001001101000100100
00000111111111111111111100011110
10000100100001000000000000000000
00000011111111111111111110110100
00010101000000000000000000000000
11100000100001110010100000000000
10000100100001000000000000000100
10100100100001000000000000000001
10111100000001000000000000000000
00001100000000000000000000111010
11100000100001100001100000000000
10000100100001110000000000001100
10000101000001110000000000001000
11100000011001010001100000000000
11010100000010000010000000001100
10101000101000110000000000000001
11010100000001000100000000001000
11100000100001100001100000000000
11010100000001100010100000000100
00000011111111111111111110100100
11010100000001000001100000000000
00010000000000000000000000010110
10111100010001010000000001010100
10011100100001010000000001011100
10011100101001010000000001011011
00000011111111111111111110101100
11100000100001000010000000000000
10011100100000000000000000000001
10000100011010110000000000000100
11100000101001000010100000001000
10101000100001110000000000000000
11100000011001010001100000000100
00000011111111111111111110111001
11010100000010110001100000000100
10101000111000110000000000000001
11010100000010110011000000010100
11010100000010110011000000010000
11100000101001100001100000000000
11010100000001100010000000001100
11010100000001100010000000001000
11010100000001100011100000000100
00000011111111111111111110001110
11010100000001010001100000000000
00010000000000000000000000000111
10111100010001010000000101010100
10111000101000110000000001001100
10011100100001010000000001101111
10011100101001010000000001101110
00000011111111111111111110010101
11100000100001000010000000000000
00010000000000000000000000000111
10111100010001010000010101010100
10111000101000110000000001001111
10011100100001010000000001111000
10011100101001010000000001110111
00000011111111111111111110001110
11100000100001000010000000000000
00010000000000000000000000000111
00010101000000000000000000000000
10111000101000110000000001010010
10011100100001010000000001111101
10011100101001010000000001111100
00000011111111111111111110000111
11100000100001000010000000000000
10011100100000000000000011111110
00000011111111111111111110000100
10011100101000000000000001111110
10101000101000110000000000000001
11010100000001100010100000000100
00000011111111111111111101110010
11010100000001000001100000000000
11010111111000011011011111101000
10101010110000110000000000000000
10000100011001010000000000001000
11010111111000010001011111011000
11010111111000011101011111110000
11010111111000010100111111111100
11010111111000010000111111010100
11010111111000010111011111011100
11010111111000011001011111100000
11010111111000011010011111100100
11010111111000011100011111101100
11010111111000011110011111110100
11010111111000011111011111111000
10111100001000110000000000000000
10011100001000011111111111001100
10101011010001010000000000000000
00001100000000000000000000101010
10101000010001000000000000000000
10010100110001000000000000001100
10100100011001100000000000001000
10111100000000110000000000000000
00010000000000000000000000110011
00010101000000000000000000000000
10000100011001000000000000010000
10111100001000110000000000000000
00001100000000000000000000101111
10100101110001100000000000000010
10100101110011101111111111111111
10111100000011100000000000000000
00010000000000000000000000110111
10000110010110100000000000000000
10011110100000000000000000000000
00011011000000000111111111111111
10101001110101000000000000000000
10101011000110001111110000000000
10111100000011100000000000000000
10101000101101000000000000000000
10101000011101100000000000000000
00010000000000000000000001110011
10101000110011100000000000000000
00011000100000000111111111111111
10101000100001001111110000000000
11100100101011100010000000000000
00010000000000000000000000000011
00010101000000000000000000000000
10101000110110000000000000000000
10000101011000100000000000100100
01001000000000000101100000000000
10000100100000100000000000011100
10111101101010110000000000000000
00010000000000000000000001111110
11100010100101000101100000000000
10000100011110100000000000001000
11100001110011100101100000000010
11100001011000110101100000000010
10111100001010110000000000000000
00010011111111111111111111101011
11010100000110100101100000001000
10011101011000000000000000000000
10011100001000010000000000110100
10000101001000011111111111111100
10000100001000011111111111010100
10000100010000011111111111011000
10000101110000011111111111011100
10000110010000011111111111100000
10000110100000011111111111100100
10000110110000011111111111101000
10000111000000011111111111101100
10000111010000011111111111110000
10000111100000011111111111110100
01000100000000000100100000000000
10000111110000011111111111111000
10101000100000100000000000000000
00000111111111111111001110100101
10101000011101100000000000000000
10111100001010110000000000000000
00010000000000000000000100100001
00010101000000000000000000000000
10010100110000100000000000001100
10100101110001100000000000000010
10100101110011101111111111111111
10111100000011100000000000000000
00001111111111111111111111001101
10000110010110100000000000000000
10100111100001100000000000000001
10111100000111000000000000000000
00010000000000000000000001011111
10101010100111000000000000000000
10101001000011100000000000000000
10101011110011100000000000000000
10101010100011100000000000000000
10111100000101000000000000000000
00010000000000000000000000111000
10111100001010000000000000000000
00001100000000000000000010110111
10101000101101000000000000000000
11100100101011101010000000000000
00010000000000000000000000000011
10101011000011100000000000000000
10101011000101000000000000000000
10000100100000100000000000010000
10000100011000100000000000000000
10000100110000100000000000010100
10000100111000100000000000001000
11100100010000110010000000000000
10101011100110000000000000000000
11100000111001100011100000000000
00010000000000000000000000000011
10011100100000000000000000000001
10011100100000000000000000000000
10100100100001000000000011111111
10111100000001000000000000000000
00010000000000000000000000001001
11100101010110000011100000000000
00010000000000000000000000000011
10011100100000000000000000000001
10011100100000000000000000000000
10100100100001000000000011111111
10111100000001000000000000000000
00001100000000000000000011010011
10101000101001110000000000000000
11100101100110000011000000000000
00010000000000000000000010000010
10101000101110000000000000000000
10000101011000100000000000100100
10000100100000100000000000011100
10101000101111100000000000000000
11010100000000010100000000000000
01001000000000000101100000000000
10101000011101100000000000000000
10111101010010110000000000000000
10101011100010110000000000000000
00001100000000000000000000101100
10000101000000010000000000000000
11100001110011101110000000000010
10111100001011100000000000000000
00001100000000000000000010000010
10101000100000100000000000000000
10000100011110100000000000001000
11100011110111101110000000000000
11100000011000111110000000000010
11100010100101001110000000000010
10111100001000110000000000000000
00001111111111111111111110101011
11010100000110100001100000001000
10111100000101000000000000000000
00001111111111111111111111001100
10111100001010000000000000000000
10000111110100100000000000000000
10000110100100100000000000000100
10011101000000000000000000000000
00000011111111111111111111000100
10011110010100100000000000001000
10000110100100100000000000000000
10000101110100100000000000000100
00000011111111111111111110001000
10011110010100100000000000001000
00011000011000000111111111111111
10101000011000111111111111111111
11100100101101000001100000000000
00010000000000000000000000000101
10101000011101000000000000000000
00011000100000000000000000000001
10101000100001000110010001110000
10000100011001000000000000000000
00000100000000000001101000011011
10101000100111100000000000000000
11100000110010111111001100000110
10101000101111000000000000000000
10000101011000100000000000100100
10000100100000100000000000011100
01001000000000000101100000000000
10101000011101100000000000000000
10111101010010110000000000000000
00010000000000000000000000100000
00010101000000000000000000000000
10011000011000100000000000001100
10101000011000110000000001000000
10011101011000001111111111111111
00000011111111111111111110001000
11011100000000100001100000001100
10111100000101000000000000000000
00010000000000000000000000100010
00010101000000000000000000000000
10100100011001100000001000000000
10111100000000110000000000000000
00010000000000000000000000100010
10000101110000100000000000001000
11100100100101000111000000000000
00010000000000000000000001010100
10101011110011100000000000000000
10100100011001100000010010000000
10111100001000110000000000000000
00010000000000000000000001011101
00010101000000000000000000000000
10000100011000100000000000000000
10101000101111100000000000000000
00000100000000000000010110001101
10101000100111000000000000000000
10000101011000100000000000001000
10000100011000100000000000000000
11100001110010110111000000000010
11100011110000111111000000000000
11010100000000100111000000001000
11010100000000101111000000000000
10101001011101000000000000000000
10000100011110100000000000001000
11100011100111000101100000000000
11100000011000110101100000000010
11100010100101000101100000000010
10111100000000110000000000000000
00010011111111111111111101100111
11010100000110100001100000001000
10111100000101000000000000000000
00001111111111111111111111100010
10010100110000100000000000001100
10000111100100100000000000000000
10000110100100100000000000000100
00000011111111111111111111011011
10011110010100100000000000001000
10000100011000100000000000000000
10000100100000100000000000010000
11100100010000110010000000000000
00010000000000000000000000000110
11100100101011101010000000000000
10000111110000100000000000010100
11100100011101001111000000000000
00010011111111111111111110111010
11100100101011101010000000000000
00010000000000000000000000000011
10101000100111000000000000000000
10101001110101000000000000000000
00000100000000000000010101101010
10101000101011100000000000000000
10000100011000100000000000001000
10000100100000100000000000000000
11100000011000110111000000000010
11100000100001000111000000000000
11010100000000100001100000001000
10111100000000110000000000000000
00010000000000000000000000000100
11010100000000100010000000000000
00000011111111111111111111011100
10101001011011100000000000000000
10101000100000100000000000000000
00000111111111111111110001111100
10101000011101100000000000000000
10111100001010110000000000000000
00010011111111111111111110111000
00010101000000000000000000000000
00000011111111111111111111010100
10101001011011100000000000000000
10101000100111100000000000000000
00000100000000000000010101010101
11010100000000010100000000000000
10000100011000100000000000001000
10000100100000100000000000000000
11100000011000111100000000000010
11100001110011101110000000000010
11100011000001001100000000000000
11010100000000100001100000001000
11010100000000101100000000000000
10111100001011100000000000000000
00010011111111111111111110000011
10000101000000010000000000000000
10101000100000100000000000000000
00000111111111111111110001100111
10101000011101100000000000000000
10111100000010110000000000000000
00001111111111111111111110100011
10101001000011100000000000000000
00000011111111111111111101111100
10000100011110100000000000001000
10101001110101000000000000000000
10000100011000100000000000000000
00000011111111111111111110110001
10101011110101000000000000000000
10011100100000000000000000001010
00000100000000000000010010010010
10101000011111100000000000000000
10111100000010110000000000000000
00010000000000000000000001010001
10011101011010110000000000000001
10011101000000000000000000000001
00000011111111111111111101000100
11100001110010111111000000000010
10000100011000100000000000010100
10000100100000100000000000010000
11100001110000110001100000000000
10000111110000100000000000000000
11100000011011100001100000000000
11100011110111100010000000000010
10111001110000110000000001011111
10011100111111100000000000000001
11100000011011100001100000000000
11100000111001111010000000000000
10111001110000110000000010000001
11100100101001110111000000000000
00010000000000000000000000000100
10101000101011100000000000000000
10101001110001110000000000000000
10101000101001110000000000000000
10100100110001100000010000000000
10111100000001100000000000000000
00010000000000000000000000101100
00010101000000000000000000000000
10101000100001010000000000000000
00000100000000000000000111000000
10101000011101100000000000000000
10111100001010110000000000000000
00001100000000000000000000111001
10101011000010110000000000000000
10000100100000100000000000010000
10101000011010110000000000000000
00000100000000000000010011000001
10101000101111100000000000000000
10010100011000100000000000001100
10011100100000001111101101111111
11100000011000110010000000000011
10101000011000110000000010000000
11011100000000100001100000001100
11100000011110001111000000000000
11100011110011101111000000000010
11010100000000100111000000010100
11010100000000101111000000001000
11010100000000101100000000010000
11010100000000100001100000000000
10101001110101000000000000000000
00000011111111111111111101111100
10101011110101000000000000000000
10101000100111100000000000000000
11010100000000010100000000000000
00000100000000000000010100000110
11010100000000010011100000000100
10000100111000010000000000000100
10000100101000100000000000000000
10101000100000100000000000000000
11100000101001010011100000000000
10101000011101100000000000000000
11010100000000100010100000000000
00000111111111111111110000011101
11010100000000010011100000000100
10111100000010110000000000000000
10000100111000010000000000000100
00001111111111111111111101011000
10000101000000010000000000000000
00000011111111111111111100101100
10101011100001110000000000000000
00000100000000000000101011100011
10101000011101100000000000000000
10111100001010110000000000000000
00010011111111111111111111100010
10101011000010110000000000000000
10000100100000100000000000010000
00000111111111111111110111001001
10101000011101100000000000000000
10011000011000100000000000001100
10011100100000001111111101111111
11100000011000110010000000000011
10011100100000000000000000001100
00000011111111111111111101001001
11010100000101100010000000000000
10011101110101000000000000000001
00000011111111111111111011110101
10011101000000000000000000000001
00000011111111111111111011001110
10011101011000001111111111111111
10011100100000000000000000001100
10011000011000100000000000001100
00000011111111111111111101000000
11010100000101100010000000000000
11010111111000011010011111110000
10011110100000110000001011100000
11010111111000011011011111110100
11010111111000010100111111111100
11010111111000010000111111100000
11010111111000010001011111100100
11010111111000010111011111101000
11010111111000011001011111101100
11010111111000011100011111111000
10111100000101000000000000000000
10011100001000011111111111100000
00010000000000000000000000101001
10101010110001000000000000000000
10011111000000000000000000000000
10000101110101000000000000000100
10011101110011101111111111111111
10111101100011100000000000000000
00010000000000000000000000010100
10000110010101000000000000001000
10011100010100100000000000001100
10011110010100100000000000001110
10010100011000100000000000000000
10111100101000110000000000000001
10011101110011101111111111111111
00010000000000000000000000001001
10011100011000101111111111110100
10011000100100100000000000000000
10111100000001001111111111111111
00010000000000000000000000000110
10111100001011101111111111111111
01001000000000001011000000000000
00010101000000000000000000000000
11100011000110000101100000000100
10111100001011101111111111111111
10011100010000100000000001101000
00010011111111111111111111110010
10011110010100100000000001101000
10000110100101000000000000000000
10111100001101000000000000000000
00010011111111111111111111100111
00010101000000000000000000000000
10011100001000010000000000100000
10101001011110000000000000000000
10000101001000011111111111111100
10000100001000011111111111100000
10000100010000011111111111100100
10000101110000011111111111101000
10000110010000011111111111101100
10000110100000011111111111110000
10000110110000011111111111110100
01000100000000000100100000000000
10000111000000011111111111111000
00000011111111111111111111110101
10101011000101000000000000000000
11010111111000011001011111101100
10011110010000110000001011100000
11010111111000011010011111110000
11010111111000011100011111111000
11010111111000010100111111111100
11010111111000010000111111100000
11010111111000010001011111100100
11010111111000010111011111101000
11010111111000011011011111110100
10111100000100100000000000000000
10011100001000011111111111100000
10101011000000110000000000000000
00010000000000000000000000100111
10101010100001000000000000000000
10011110110000000000000000000000
10000101110100100000000000000100
10011101110011101111111111111111
10111101100011100000000000000000
00010000000000000000000000010010
10000100010100100000000000001000
10011100010000100000000000001100
10010100011000100000000000000000
10111100101000110000000000000001
10011101110011101111111111111111
00010000000000000000000000001001
10011100100000101111111111110100
10011000101000100000000000000010
10111100000001011111111111111111
00010000000000000000000000000101
10101000011110000000000000000000
01001000000000001010000000000000
00010101000000000000000000000000
11100010110101100101100000000100
10111100001011101111111111111111
00010011111111111111111111110011
10011100010000100000000001101000
10000110010100100000000000000000
10111100001100100000000000000000
00010011111111111111111111101001
00010101000000000000000000000000
10011100001000010000000000100000
10101001011101100000000000000000
10000101001000011111111111111100
10000100001000011111111111100000
10000100010000011111111111100100
10000101110000011111111111101000
10000110010000011111111111101100
10000110100000011111111111110000
10000110110000011111111111110100
01000100000000000100100000000000
10000111000000011111111111111000
00000011111111111111111111110101
10101010110100100000000000000000
00000000000000000001011101001110
00010101000000000000000000000000
11010111111000010000111111111100
10011100001000011111111111111100
10011101011000110000000011110000
10011100001000010000000000000100
01000100000000000100100000000000
10000100001000011111111111111100
11010111111000010100111111111100
11010111111000010000111111111000
00000111111111111111111111110110
10011100001000011111111111111000
10000101011010110000000000110100
10111100000010110000000000000000
00010000000000000000000000000111
00010101000000000000000000000000
10011100001000010000000000001000
10011101011010110000000011110000
10000101001000011111111111111100
01000100000000000100100000000000
10000100001000011111111111111000
10011100001000010000000000001000
00011001011000000000000000000001
10000101001000011111111111111100
10101001011010111001000000101000
10000100001000011111111111111000
01000100000000000100100000000000
10011101011010110000000011110000
11010111111000010100111111111100
11010111111000010000111111111000
00000111111111111111111111100010
10011100001000011111111111111000
10000101011010110000000000110100
10111100000010110000000000000000
00010000000000000000000000000111
00010101000000000000000000000000
10011100001000010000000000001000
10011101011010110000000011110000
10000101001000011111111111111100
01000100000000000100100000000000
10000100001000011111111111111000
10011100001000010000000000001000
00011001011000000000000000000001
10000101001000011111111111111100
10101001011010111001000000101000
10000100001000011111111111111000
01000100000000000100100000000000
10011101011010110000000011110000
11010111111000010001011111111000
11010111111000010100111111111100
11010111111000010000111111110100
10111100000001010000000000000000
10011100001000011111111111110100
00010000000000000000000000001001
10101000010001010000000000000000
00011000100000000000000000000001
10101000011001010000000000000000
00000100000000000000101111111110
10101000100001000110010001110110
10111100000010110000000000000000
00001100000000000000000000001001
10101000011000100000000000000000
00011001011000000000000000000001
10101001011010110110010001110100
10011100001000010000000000001100
10000101001000011111111111111100
10000100001000011111111111110100
01000100000000000100100000000000
10000100010000011111111111111000
00011000100000000000000000000001
00000100000000000000101111110001
10101000100001000110010001110100
10111100000010110000000000000000
00010011111111111111111111110110
00011001011000000000000000000001
00011000100000000000000000000001
10101000011000100000000000000000
00000100000000000000101111101010
10101000100001000110001000111101
10111100001010110000000000000000
00001111111111111111111111101110
10011101011000000000000000000000
00000011111111111111111111101111
10011100001000010000000000001100
11010111111000010100111111111100
11010111111000010000111111111000
00000111111111111111111110101010
10011100001000011111111111111000
10000100011010110000000000110100
10111100000000110000000000000000
00010000000000000000000000000111
00010101000000000000000000000000
10010001011000110000000100101000
10011100001000010000000000001000
10000101001000011111111111111100
01000100000000000100100000000000
10000100001000011111111111111000
00011000011000000000000000000001
10101000011000111001000000101000
10010001011000110000000100101000
10011100001000010000000000001000
10000101001000011111111111111100
01000100000000000100100000000000
10000100001000011111111111111000
11010111111000010000111111111100
10011100001000011111111111111100
10000101011000110000000011101100
10011100001000010000000000000100
01000100000000000100100000000000
10000100001000011111111111111100
11010111111000010100111111111100
11010111111000010000111111111000
00000111111111111111111110010000
10011100001000011111111111111000
10000100011010110000000000110100
10111100000000110000000000000000
00010000000000000000000000000111
00010101000000000000000000000000
10000101011000110000000011101100
10011100001000010000000000001000
10000101001000011111111111111100
01000100000000000100100000000000
10000100001000011111111111111000
00011000011000000000000000000001
10101000011000111001000000101000
10000101011000110000000011101100
10011100001000010000000000001000
10000101001000011111111111111100
01000100000000000100100000000000
10000100001000011111111111111000
11010111111000010100111111111100
11010111111000010000111111111000
10011100001000011111111111110000
11010100000000010001100000000100
00000111111111111111111101111010
11010100000000010010000000000000
10000100100000010000000000000000
10000100011000010000000000000100
10101000101001000000000000000000
10101000100000110000000000000000
00000111111111111111111110100100
10101000011010110000000000000000
10011100001000010000000000010000
10000101001000011111111111111100
01000100000000000100100000000000
10000100001000011111111111111000
11010111111000010001011111110100
10101000010001000000000000000000
10011000100001000000000000001110
11010111111000010111011111111000
11010111111000010100111111111100
11010111111000010000111111110000
10111101011001000000000000000000
10011100001000011111111110100100
00001100000000000000000000011001
10101001110001010000000000000000
10011100101000010000000000000100
00000100000000000001010000011010
11010100000000010011000000000000
10111101100010110000000000000000
00010000000000000000000000010011
10000100110000010000000000000000
10000100011000010000000000001000
10011101011000000000100000000000
10100100011000111111000000000000
10101100011000110010000000000000
11100000010000000001100000000010
11100000011000100001100000000100
10101100011000111111111111111111
10111000011000110000000001011111
11010100000001100001100000000000
10011100010000000000010000000000
11010100000011100001000000000000
10011100001000010000000001011100
10000101001000011111111111111100
10000100001000011111111111110000
10000100010000011111111111110100
01000100000000000100100000000000
10000101110000011111111111111000
10010101011000100000000000001100
10100101011010110000000010000000
10011100010000000000000000000000
10100101011010111111111111111111
11100100001010110001000000000000
00001111111111111111111111110011
11010100000001100001000000000000
10011100010000000000000001000000
10011101011000000000000000000000
11010100000011100001000000000000
10011100001000010000000001011100
10000101001000011111111111111100
10000100001000011111111111110000
10000100010000011111111111110100
01000100000000000100100000000000
10000101110000011111111111111000
10010100101001000000000000001100
10100100101001010000000000000010
11010111111000010001011111110000
11010111111000010111011111110100
11010111111000010100111111111100
11010111111000010000111111101100
11010111111000011001011111111000
10111100000001010000000000000000
10011100001000011111111111100100
10101000010001000000000000000000
00010000000000000000000000001110
10101001110000110000000000000000
10011100011001000000000001000011
11010100000001000001100000000000
11010100000001000001100000010000
10011100011000000000000000000001
11010100000001000001100000010100
10011100001000010000000000011100
10000101001000011111111111111100
10000100001000011111111111101100
10000100010000011111111111110000
10000101110000011111111111110100
01000100000000000100100000000000
10000110010000011111111111111000
10011100110000010000000000000100
00000111111111111111111110110110
10101000101000010000000000000000
10101000011011100000000000000000
10000100100000010000000000000000
00000100000000000000000000110101
10101010010010110000000000000000
10111100001010110000000000000000
00001100000000000000000000100011
10011000011000100000000000001100
00011000100000000000000000000000
10101000011000110000000010000000
10101000100001001011100100100000
11010100000011100010000000111100
10000100100000010000000000000000
11011100000000100001100000001100
11010100000000100010000000010100
10000100100000010000000000000100
11010100000000100101100000000000
10111100000001000000000000000000
00001100000000000000000000001011
11010100000000100101100000010000
11100000011000111001000000000100
11011100000000100001100000001100
10011100001000010000000000011100
10000101001000011111111111111100
10000100001000011111111111101100
10000100010000011111111111110000
10000101110000011111111111110100
01000100000000000100100000000000
10000110010000011111111111111000
10011000100000100000000000001110
00000100000000000001001111010100
10101000011011100000000000000000
10111100001010110000000000000000
00001100000000000000000000010101
10011100100000001111111111111100
10010100011000100000000000001100
11100000011000110010000000000011
10101000011000110000000000000001
10111000011000110000000000010000
00000011111111111111111111101101
10111000011000110000000010010000
10100100100000110000001000000000
10111100001001000000000000000000
00010011111111111111111111001100
10011100100000001111111111111100
11100000011000110010000000000011
10011100100000100000000001000011
10101000011000110000000000000010
11010100000000100010000000000000
11011100000000100001100000001100
10011100011000000000000000000001
11010100000000100010000000010000
00000011111111111111111111000011
11010100000000100001100000010100
00000011111111111111111111011110
10011000011000100000000000001100
11010111111000010111011111011100
10011101110001000000000000001011
11010111111000011001011111100000
11010111111000010100111111111100
11010111111000010000111111010100
11010111111000010001011111011000
11010111111000011010011111100100
11010111111000011011011111101000
11010111111000011100011111101100
11010111111000011101011111110000
11010111111000011110011111110100
11010111111000011111011111111000
10111100101011100000000000010110
10011100001000011111111111010100
00010000000000000000000010100011
10101010010000110000000000000000
10011100010000001111111111111000
11100001110011100001000000000011
10111000011011100000000001011111
10111100001000110000000000000000
00010000000000000000000011001000
11100100010001000111000000000000
00010000000000000000000000000011
10011100010000000000000000000001
10101000010000110000000000000000
10100100010000100000000011111111
10111100000000100000000000000000
00001100000000000000000011000010
10011100010000000000000000001100
00000100000000000000010000000101
10101000011100100000000000000000
10111100010011100000000111110111
00001100000000000000001001010111
10111000010011100000000001001001
10111100000000100000000000000000
00010000000000000000000010111101
10011100111000000000000001000000
10111100010000100000000000000100
00010000000000000000000011110000
10111100010000100000000000010100
10111000010011100000000001000110
10011100111000100000000000111001
10011100110000100000000000111000
11100000010001110011100000000000
00011001000000000000000000000001
10111000010000100000000000000010
10101001000010001001000110011100
11100000010000100100000000000000
10011100101000101111111111111000
10000100010000100000000000000100
11100100000001010001000000000000
00010000000000000000000000011000
10011100100000001111111111111100
10000100011000100000000000000100
11100000011000110010000000000011
11100000100000110111000000000010
10111101010001000000000000001111
00010000000000000000000010101010
10111101011001000000000000000000
00001100000000000000000000001100
00010101000000000000000000000000
00000000000000000000000010101001
11100000011000100001100000000000
10000100011000100000000000000100
11100000011000110100000000000011
11100000100000110111000000000010
10111101101001000000000000001111
00001100000000000000000010100000
10111101100001000000000000000000
00001100000000000000000010100000
00010101000000000000000000000000
10000100010000100000000000001100
11100100001001010001000000000000
00010011111111111111111111110110
10011101000000001111111111111100
10101000101001110000000000000000
00011010100000000000000000000001
10101010100101001001000110011100
10000100010101000000000000010000
10011101011101000000000000001000
11100100001000100101100000000000
00001100000000000000000100111010
10011100100000001111111111111100
10000100011000100000000000000100
11100000011000110010000000000011
11100000100000110111000000000010
10111101101001000000000000001111
00001100000000000000000011101011
10111101100001000000000000000000
11010100000101000101100000010100
00001100000000000000000010010111
11010100000101000101100000010000
10111100010000110000000111111111
00010000000000000000000011000011
10111000110000110000000001001001
10111000011000110000000001000011
10011100111000000000000000000001
10000100100101000000000000000100
10111000110000110000000000000011
10111000011000110000000010000010
10011100110001100000000000001000
11100000011001110001100000001000
00011000111000000000000000000001
10101000111001111001000110011100
11100000011000110010000000000100
11100000110001100011100000000000
10000100100001100000000000000000
10011100111001101111111111111000
11010100000000100010000000001000
11010100000000100011100000001100
11010100000101000001100000000100
11010100000001100001000000000000
11010100000001000001000000001100
10111000010001010000000010000010
10011100110000000000000000000001
11100000110001100001000000001000
11100100010001100001100000000000
00010000000000000000000010000100
11100000010001100001100000000011
10111100001000100000000000000000
00010000000000000000000000001111
10111001000001010000000000000011
10011100010000001111111111111100
11100000110001100011000000000000
11100000101001010001000000000011
11100000010001100001100000000011
10111100001000100000000000000000
00010000000000000000000000000111
10011100101001010000000000000100
11100000110001100011000000000000
11100000010001100001100000000011
10111100000000100000000000000000
00010011111111111111111111111101
10011100101001010000000000000100
10111001000001010000000000000011
00011000011000000000000000000001
10101001101001010000000000000000
10011101000010000000000000001000
10101000011000111001000110011100
11100001000010000001100000000000
10011101100010001111111111111000
10011101000010000000000000000100
10011100111010001111111111110100
10000100010010000000000000000000
11100100000000100011100000000000
00010000000000000000000000011001
10011100100000001111111111111100
10000100011000100000000000000100
11100000011000110010000000000011
11100000100000110111000000000010
10111101010001000000000000001111
00010000000000000000000011111100
10111101011001000000000000000000
00001100000000000000000000001101
11100000100000100001100000000000
00000000000000000000000100000010
10000100110000100000000000001100
10011100100000001111111111111100
10000100011000100000000000000100
11100000011000110010000000000011
11100000100000110111000000000010
10111101101001000000000000001111
00001100000000000000000011110001
10111101100001000000000000000000
00001100000000000000000011110111
00010101000000000000000000000000
10000100010000100000000000001100
11100100001000100011100000000000
00010011111111111111111111110101
00010101000000000000000000000000
10011101101011010000000000000001
10100100010011010000000000000011
10111100001000100000000000000000
00010011111111111111111111100001
10011101000010000000000000001000
00000000000000000000000100000111
10100100010001010000000000000011
10111100010001000000000000010000
00010000000000000000000000101011
10011100010000000000000000001100
00000100000000000000001101101110
10011101110000000000000000010000
10011100011000000000000000000110
10011100101000000000000000000010
00011000100000000000000000000001
10111000011000110000000000000010
10101000100001001001000110011100
11100000011000110010000000000000
10000100010000110000000000000100
10011100100000111111111111111000
11100100001000100010000000000000
00001100000000000000000011001110
00010101000000000000000000000000
10000100100000100000000000000100
10011100101000001111111111111100
10000100011000100000000000001100
11100000100001000010100000000011
10000100110000100000000000001000
11100000100000100010000000000000
11010100000001100001100000001100
10000100101001000000000000000100
11010100000000110011000000001000
10101000101001010000000000000001
10101000011100100000000000000000
00000100000000000000001110000000
11010100000001000010100000000100
10011101011000100000000000001000
10011100001000010000000000101100
10000101001000011111111111111100
10000100001000011111111111010100
10000100010000011111111111011000
10000101110000011111111111011100
10000110010000011111111111100000
10000110100000011111111111100100
10000110110000011111111111101000
10000111000000011111111111101100
10000111010000011111111111110000
10000111100000011111111111110100
01000100000000000100100000000000
10000111110000011111111111111000
10011100010000000000000000001100
10011101011000000000000000000000
00000011111111111111111111110001
11010100000100100001000000000000
10011100010000000000000010000000
00000011111111111111111101001011
10011100110000000000000000111111
00000011111111111111111101101001
10101000101001100000000000000000
11100000011000100001100000000000
10000100101000100000000000001100
10000100100000110000000000000100
10000100110000100000000000001000
10101000100001000000000000000001
11010100000001100010100000001100
11010100000001010011000000001000
11010100000000110010000000000100
00000100000000000000001101011111
10101000011100100000000000000000
00000011111111111111111111100000
10011101011000100000000000001000
11100000100000100001100000000000
10101000011100100000000000000000
10000100101001000000000000000100
10101000101001010000000000000001
00000100000000000000001101010111
11010100000001000010100000000100
00000011111111111111111111011000
10011101011000100000000000001000
10000100010101000000000000001000
10011100101000001111111111111100
10000100011000100000000000000100
10011100100000000000000000000001
11100011000000110010100000000011
11100100100110000111000000000000
00010000000000000000000000000011
11100000011110000111000000000010
10011100100000000000000000000000
10100100100001000000000011111111
10111100001001000000000000000000
00010000000000000000000001001101
10111101101000110000000000001111
00001100000000000000000010100100
10011100101000000000000000000001
10100100101001010000000011111111
10111100000001010000000000000000
00001100000000000000000001001000
00011011100000000000000000000001
10101000100011100000000000000001
11100001110000100111000000000000
11010100000000100010000000000100
10101000011000110000000000000001
11010100000101000111000000001000
11010100000011100001100000000100
00000100000000000000001100111010
10101000011100100000000000000000
00000011111111111111111110111011
10011101011000100000000000001000
00001100000000000000000010010001
10011100111000100000000001011100
10111100010000100000000001010100
00010000000000000000000100000111
10111100010000100000000101010100
10111000010011100000000001001100
10011100111000100000000001101111
10011100110000100000000001101110
00000011111111111111111100001110
11100000010001110011100000000000
10111100010001100000000000000100
00001100000000000000000010001011
10111100010001100000000000010100
00010000000000000000000100011011
10111100010001100000000001010100
10011100100001100000000001011100
10011100110001100000000001011011
11100000100001000010000000000000
00011001000000000000000000000001
10111000100001000000000000000010
10101001000010001001000110011100
11100000100001000100000000000000
10011100111001001111111111111000
10000100100001000000000000000000
11100100001001110010000000000000
00001100000000000000000011111011
10111000110001100000000010000010
10000100110001000000000000000100
10011101000000001111111111111100
11100000110001100100000000000011
11100100100000110011000000000000
00001100000000000000000000000110
00010101000000000000000000000000
10000100100001000000000000001000
11100100001001110010000000000000
00010011111111111111111111111000
00010101000000000000000000000000
10000100111001000000000000001100
10000100011101000000000000000100
11010100000000100011100000001100
11010100000000100010000000001000
11010100000001110001000000001000
00000011111111111111111100110001
11010100000001000001000000001100
10101000011011100000000000000001
11100001110000100111000000000000
11010100000000100001100000000100
10101000101001000000000000000001
11010100000101000111000000010100
11010100000101000111000000010000
11100000011011100010000000000000
11010100000011100101100000001100
11010100000011100101100000001000
11010100000011100010100000000100
11010100000000110010000000000000
00000100000000000000001011111111
10101000011100100000000000000000
00000011111111111111111110000000
10011101011000100000000000001000
00011011100000000000000000000001
00011000100000000000000000000001
10101011100111001001000110010100
10101000100001001001101000100100
10000100011111000000000000000000
10000110110001000000000000000000
10111100001000111111111111111111
00001100000000000000000011100000
11100010110011101011000000000000
10011110110101100001000000001111
10011100110000001111000000000000
11100010110101100011000000000011
10101000100101100000000000000000
00000100000000000001010001010101
10101000011100100000000000000000
10111100001010111111111111111111
00001100000000000000000011100100
10101011010010110000000000000000
00011001000000000000000000000001
10101001000010001001000110011100
11100000100000100100000000000101
11100000101000000010000000000010
11100000100001010010000000000100
10111101011001000000000000000000
00010000000000000000000001101101
11100000011000101100000000000000
11100100010000110101100000000000
00010000000000000000000000000011
10011100100000000000000000000001
10011100100000000000000000000000
10100100100001000000000011111111
10111100000001000000000000000000
00010000000000000000000001100110
00011011110000000000000000000001
10000100010101000000000000001000
10011100011000001111111111111100
10000100101000100000000000000100
11100000101001010001100000000011
11100000011001010111000000000010
10111101101000110000000000001111
00010000000000000000000000000011
10011100100000000000000000000001
10011100100000000000000000000000
10100100100001000000000011111111
10111100001001000000000000000000
00010000000000000000000000001001
11100100010011100010100000000000
00010000000000000000000000000011
10011100101000000000000000000001
10101000101001000000000000000000
10100100101001010000000011111111
10111100000001010000000000000000
00010011111111111111111110001000
10101000100011100000000000000001
00000100000000000000001011000101
10101000011100100000000000000000
00000011111111111111111101000110
10011101011000000000000000000000
00000011111111111111111011100110
10000100011101000000000000000100
10000100010000110000000000001100
11100100000000110001000000000000
00010011111111111111111010111101
10011100101001010000000000000010
00000011111111111111111100110001
10000100100000100000000000000100
10101000110011100000000000000001
10000100011000100000000000001100
10000100101000100000000000001000
11010100000000100011000000000100
11010100000001010001100000001100
11100001110000100111000000000000
00000011111111111111111110101100
11010100000000110010100000001000
11100000100000100001100000000000
10000100110000100000000000001100
10000100101001000000000000000100
10000100111000100000000000001000
10101000101001010000000000000001
10101000011100100000000000000000
11010100000001000010100000000100
11010100000001110011000000001100
00000100000000000000001010101001
11010100000001100011100000001000
00000011111111111111111100101010
10011101011000100000000000001000
10011100110000100000000001011011
00000011111111111111111010000100
11100000010001110011100000000000
00000011111111111111111101011110
10101000101001000000000000000000
10111000110000110000000001000110
10011100100001100000000000111001
10011100110001100000000000111000
00000011111111111111111101111001
11100000100001000010000000000000
10000100010011000000000000001000
11100100000000100110000000000000
00001100000000000000000011000010
00010101000000000000000000000000
10100100010001010000000000000011
10011101100011001111111111111000
10111100001000100000000000000000
00010011111111111111111111111001
10011100101001011111111111111111
10000100010101000000000000000100
10101100011001101111111111111111
11100000010000110001000000000011
11010100000101000001000000000100
11100000110001100011000000000000
11100000011000000011000000000010
11100000011000110011000000000100
10111101011000110000000000000000
00010011111111111111111100110111
11100100101001100001000000000000
00010000000000000000000000000011
10011100011000000000000000000001
10011100011000000000000000000000
10100100011000110000000011111111
10111100000000110000000000000000
00010011111111111111111100110000
00010101000000000000000000000000
11100000011001100001000000000011
10111100001000110000000000000000
00010011111111111111111010111001
10101000101011010000000000000000
11100000110001100011000000000000
11100000011001100001000000000011
10111100000000110000000000000000
00010011111111111111111111111101
10011100101001010000000000000100
00000011111111111111111010110011
10111001000001010000000000000011
00011011110000000000000000000001
11100100001000111101000000000000
10101011110111101001100111110100
10000100100111100000000000000000
11100000100101100010000000000000
00001100000000000000000001101111
11010100000111100010000000000000
10000100101111000000000000000000
10111100001001011111111111111111
00001100000000000000000001111111
11100000011110100001100000000010
11100000100000110010000000000000
11010100000111100010000000000000
10100100011110100000000000000111
10111100000000110000000000000000
00010000000000000000000000000110
10011100101000000001000000000000
11100011010110100001100000000010
10011100101000000001000000001000
10011111010110100000000000001000
11100000101001010001100000000010
11100000100110101011000000000000
10101000011100100000000000000000
10100100100001000000111111111111
11100010110001010010000000000010
00000100000000000001001111000100
10101000100101100000000000000000
10111100000010111111111111111111
00010000000000000000000001110000
10011100011000000000000000000001
11100000011010111101000000000010
11100000011000111011000000000000
10101000011000110000000000000001
10000100100111100000000000000000
00011000101000000000000000000001
11100000100101100010000000000000
10101000101001011001000110011100
11010100000101001101000000001000
11010100000110100001100000000100
11100100000000100010100000000000
00010000000000000000000000010001
11010100000111100010000000000000
10111100010110000000000000001111
00001100000000000000000000100110
10011100110000001111111111111000
10000100101000100000000000000100
10011100011110001111111111110100
10100100101001010000000000000001
11100000011000110011000000000011
10011100111000000000000000000101
11100000101001010001100000000100
11100000110000100001100000000000
11010100000000100010100000000100
11010100000001100011100000000100
10111100101000110000000000001111
00001100000000000000000001001010
11010100000001100011100000001000
00011000010000000000000000000001
10101000010000101001101000100000
10000100011000100000000000000000
11100100101001000001100000000000
00010000000000000000000000000011
00011000011000000000000000000001
11010100000000100010000000000000
10101000011000111001101000011100
10000100010000110000000000000000
11100100010001000001000000000000
00001100000000000000000000100001
10000100010101000000000000001000
10000100101000100000000000000100
10011101000000001111111111111100
11010100000000110010000000000000
00000011111111111111111101011001
11100000101001010100000000000011
00010000000000000000000000010001
10111100010000100000010101010100
10111000010011100000000001001111
10011100111000100000000001111000
10011100110000100000000001110111
00000011111111111111111000000111
11100000010001110011100000000000
10011100010000000000000000000001
00000011111111111111111101011111
11010100000110100001000000000100
10011100100000000000000000000001
10000100011101000000000000000100
11100000110001000011000000001000
10101000100001110000000000000000
11100000011001100001100000000100
00000011111111111111111100001110
11010100000101000001100000000100
00010000000000000000000000100010
00010101000000000000000000000000
10111000010011100000000001010010
10011100111000100000000001111101
10011100110000100000000001111100
00000011111111111111110111110110
11100000010001110011100000000000
00000011111111111111111100100101
10011110110101100000000000010000
10000100101000100000000000000100
10011100111000001111111111111100
00000011111111111111111100111011
11100000101001010011100000000011
00010000000000000000000000100110
10111100010001100000000101010100
10111000110000110000000001001100
10011100100001100000000001101111
10011100110001100000000001101110
00000011111111111111111011100101
11100000100001000010000000000000
10000100010101000000000000001000
10011100111000001111111111111100
10000100101000100000000000000100
00000011111111111111111100101111
11100000101001010011100000000011
10100100101000110000111111111111
10111100001001010000000000000000
00010011111111111111111110010001
00010101000000000000000000000000
11100000010110001011000000000000
10000100011101000000000000001000
10101000010000100000000000000001
00000011111111111111111110111110
11010100000000110001000000000100
10011100010000000000000011111110
10011100111000000000000001111111
00000011111111111111110111010111
10011100110000000000000001111110
10011100100000100000000000001000
00011000010000000000000000000001
10101000011100100000000000000000
00000111111111111111100111011110
10101000010000101001100111110100
00000011111111111111111110110011
10000100100000100000000000000000
00011000011000000000000000000001
10101000011000111001000110010100
00000011111111111111111110000011
11010100000000111101000000000000
00000011111111111111111110010101
10011110110000000000000000000000
00010000000000000000000000000111
10111100010001100000010101010100
10111000110000110000000001001111
10011100100001100000000001111000
10011100110001100000000001110111
00000011111111111111111010111111
11100000100001000010000000000000
00010000000000000000000000000111
00010101000000000000000000000000
10111000110000110000000001010010
10011100100001100000000001111101
10011100110001100000000001111100
00000011111111111111111010111000
11100000100001000010000000000000
10011100100000000000000011111110
00000011111111111111111010110101
10011100110000000000000001111110
00000011111111111111111101001001
10000100010101000000000000000100
10111000101011100000000001000011
10011100011001010000000000000001
00000011111111111111111000111111
11100000011000110001100000000000
11010111111000010100111111111100
11010111111000010000111111111000
10011100001000011111111111100100
11010100000000010001100000010000
11010100000000010010000000001100
11010100000000010010100000001000
11010100000000010011000000000100
00000111111111111111110001101001
11010100000000010011100000000000
10000101000010110000000000110100
10000100011000010000000000010000
10111100000010000000000000000000
10000100100000010000000000001100
10000100101000010000000000001000
10000100110000010000000000000100
00010000000000000000000000001001
10000100111000010000000000000000
10000101011010000000000011100100
01001000000000000101100000000000
00010101000000000000000000000000
10011100001000010000000000011100
10000101001000011111111111111100
01000100000000000100100000000000
10000100001000011111111111111000
00011001000000000000000000000001
10101001000010001001000000101000
10000101011010000000000011100100
01001000000000000101100000000000
00010101000000000000000000000000
10011100001000010000000000011100
10000101001000011111111111111100
01000100000000000100100000000000
10000100001000011111111111111000
11010111111000010000111111111100
10111100001001000000000000000000
00001100000000000000000000010000
10011100001000011111111111111000
10111100000001010000000000000000
00010000000000000000000000010000
00010101000000000000000000000000
10111100000001100000000000000000
00010000000000000000000000000111
10011101011000001111111111111110
10001100011001010000000000000000
11010100000001000001100000000000
10001100101001010000000000000000
11100000101000000010100000000010
10111001011001010000000001011111
10011100001000010000000000001000
01000100000000000100100000000000
10000100001000011111111111111100
10111100000001010000000000000000
00001111111111111111111111110100
10101000100000010000000000000000
10011100001000010000000000001000
10101001011001010000000000000000
01000100000000000100100000000000
10000100001000011111111111111100
10100100110000110000000000000011
11010111111000010000111111111000
11010111111000010001011111111100
10111100000001100000000000000000
10011100001000011111111111111000
00010000000000000000000001001100
10100100110001000000000011111111
10111100000001010000000000000000
00010000000000000000000000100111
10011101011001011111111111111111
10001100101000110000000000000000
11100100000001010011000000000000
00001100000000000000000000001100
10011100011000110000000000000001
10011100011000111111111111111111
00000000000000000000000000100110
10011100001000010000000000001000
00010000000000000000000000011111
00010101000000000000000000000000
10001100101000110000000000000000
11100100000001010011000000000000
00010000000000000000000000011111
10011101011010111111111111111111
10011100011000110000000000000001
10100100101000110000000000000011
10111100001001010000000000000000
00010011111111111111111111110111
10111100000010110000000000000000
10111100101010110000000000000011
00001100000000000000000000011100
10111100000010110000000000000000
00010000000000000000000000010001
00010101000000000000000000000000
10001100100000110000000000000000
11100100000001000011000000000000
00010000000000000000000000010001
10011100101000110000000000000001
00000000000000000000000000000110
11100000100000110101100000000000
10001100011001011111111111111111
11100100000000110011000000000000
00010000000000000000000000000111
00010101000000000000000000000000
11100100001001000010100000000000
10101001011001010000000000000000
00010011111111111111111111111010
10011100101001010000000000000001
10011101011000000000000000000000
10011100001000010000000000001000
10000100001000011111111111111000
01000100000000000100100000000000
10000100010000011111111111111100
10011100001000010000000000001000
10101001011000110000000000000000
10000100001000011111111111111000
01000100000000000100100000000000
10000100010000011111111111111100
10100100100001000000000011111111
10111000101001000000000000001000
11100000100001010010000000000100
10111000111001000000000000010000
11100000111001000011100000000100
10000100100000110000000000000000
00011000010000001111111011111110
11100000100001110010000000000101
10101000010000101111111011111111
11100000101001000001000000000000
10101100100001001111111111111111
00011000010000001000000010000000
11100000100001010010000000000011
10101000010000101000000010000000
11100000100001000001000000000011
10111100001001000000000000000000
00010011111111111111111111011000
00010101000000000000000000000000
10011101011010111111111111111100
10111100010010110000000000000011
00010011111111111111111111110001
10011100011000110000000000000100
00000011111111111111111111010000
10111100000010110000000000000000
00000011111111111111111111001011
10101001011001010000000000000000
11010111111000010000111111111000
11010111111000010001011111111100
10111100101001010000000000001111
00010000000000000000000001001100
10011100001000011111111111111000
11100000110001000001100000000100
10100100110001100000000000000011
10111100001001100000000000000000
00010000000000000000000000111011
10101000110000110000000000000000
10011111001001011111111111110000
10011100110001000000000000000100
10111011001110010000000001000100
10011110011000110000000000000100
10011110001001000000000000001000
10111001011110010000000000000100
10011101111000110000000000001000
10011101101001000000000000001100
10011101011010110000000000010100
10011101100000110000000000001100
11100001011001000101100000000000
10101001000001000000000000000000
10101000111000110000000000000000
10000110111010000000000000000000
10000110101001100000000000000000
11010100000001111011100000000000
10000110111100010000000000000000
11010100000100111010100000000000
10011100110001100000000000010000
10000110101011010000000000000000
11010100000011111011100000000000
11010100000011001010100000000000
11100100001001100101100000000000
10011100111001110000000000010000
10011101000010000000000000010000
10011110011100110000000000010000
10011110001100010000000000010000
10011101111011110000000000010000
10011101101011010000000000010000
00010011111111111111111111110000
10011101100011000000000000010000
10011100111110010000000000000001
10100101011001010000000000001111
10111000111001110000000000000100
10111100101010110000000000000011
11100000110000110011100000000000
00010000000000000000000000100111
11100000100001000011100000000000
10101001100001100000000000000000
10101001000001000000000000000000
10101000111010110000000000000000
10000101101010000000000000000000
10011100111001111111111111111100
11010100000011000110100000000000
10111100010001110000000000000011
10011101100011000000000000000100
00010011111111111111111111111011
10011101000010000000000000000100
10011100111010111111111111111100
10011100010000001111111111111100
10100100101001010000000000000011
11100000111001110001000000000011
10111100001001010000000000000000
10011100111001110000000000000100
11100000110001100011100000000000
00001100000000000000000000001001
11100000100001000011100000000000
11100000101001100010100000000000
10001100010001000000000000000000
10011100110001100000000000000001
11011011111001100001011111111111
11100100001001100010100000000000
00010011111111111111111111111100
10011100100001000000000000000001
10011100001000010000000000001000
10101001011000110000000000000000
10000100001000011111111111111000
01000100000000000100100000000000
10000100010000011111111111111100
10101000110000110000000000000000
10111100001001010000000000000000
00010011111111111111111111110010
00010101000000000000000000000000
00000011111111111111111111111000
10011100001000010000000000001000
00000011111111111111111111111011
10101000101010110000000000000000
11010111111000010000111111111000
11010111111000010001011111111100
11100100101000110010000000000000
00010000000000000000000000010101
10011100001000011111111111111000
11100000110001000010100000000000
11100100011000110011000000000000
00010000000000000000000000010010
10111100101001010000000000001111
11100000100000110010100000000000
10111100001001010000000000000000
00001100000000000000000000001000
11100000101001000010100000000010
10011100110001101111111111111111
10001100010001100000000000000000
10011100100001001111111111111111
11100100001001010010000000000000
00010011111111111111111111111100
11011000000001000001000000000000
10011100001000010000000000001000
10101001011000110000000000000000
10000100001000011111111111111000
01000100000000000100100000000000
10000100010000011111111111111100
10111100101001010000000000001111
00001100000000000000000000010010
11100000110001000001100000000100
10101000110000110000000000000000
10111100000001010000000000000000
00010011111111111111111111110110
00010101000000000000000000000000
11100000101001100010100000000000
10001100010001000000000000000000
10011100110001100000000000000001
11011011111001100001011111111111
11100100001001100010100000000000
00010011111111111111111111111100
10011100100001000000000000000001
10011100001000010000000000001000
10101001011000110000000000000000
10000100001000011111111111111000
01000100000000000100100000000000
10000100010000011111111111111100
10100100110001100000000000000011
10111100001001100000000000000000
00010011111111111111111111110010
10101000110000110000000000000000
10011110111001011111111111110000
10011100110001000000000000000100
10111010111101110000000001000100
10011110011000110000000000000100
10011110001001000000000000001000
10111010101101110000000000000100
10011101111000110000000000001000
10011101101001000000000000001100
10011110101101010000000000010100
10011101100000110000000000001100
11100010101001001010100000000000
10101001000001000000000000000000
10101000111000110000000000000000
10000101011010000000000000000000
10011100110001100000000000010000
11010100000001110101100000000000
11100100001001101010100000000000
10000101011001101111111111110000
10011101000010000000000000010000
11010100000100110101100000000000
10011100111001110000000000010000
10000101011100010000000000000000
10011110011100110000000000010000
11010100000011110101100000000000
10011110001100010000000000010000
10000101011011010000000000000000
10011101111011110000000000010000
11010100000011000101100000000000
10011101101011010000000000010000
00010011111111111111111111110000
10011101100011000000000000010000
10011100111101110000000000000001
10100101101001010000000000001111
10111000111001110000000000000100
10111100101011010000000000000011
11100000110000110011100000000000
00010000000000000000000000010100
11100000100001000011100000000000
10101001100001100000000000000000
10101001000001000000000000000000
10101000111011010000000000000000
10000101011010000000000000000000
10011100111001111111111111111100
11010100000011000101100000000000
10111100010001110000000000000011
10011101100011000000000000000100
00010011111111111111111111111011
10011101000010000000000000000100
10011100111011011111111111111100
10011100010000001111111111111100
10100100101001010000000000000011
11100000111001110001000000000011
10011100111001110000000000000100
11100000110001100011100000000000
00000011111111111111111110110111
11100000100001000011100000000000
00000011111111111111111110110101
10101000101011010000000000000000
10100100110000110000000000000011
11010111111000010000111111111000
11010111111000010001011111111100
10111100000001100000000000000000
00010000000000000000000001010100
10011100001000011111111111111000
10111100001001010000000000000000
00001100000000000000000001001100
10011100101001011111111111111111
10111001101001000000000000011000
10101000111000110000000000000000
10101000110000110000000000000000
00000000000000000000000000000101
10111001101011010000000010011000
10111100000001010000000000000000
00010000000000000000000001000100
10101000101011000000000000000000
10011100110001100000000000000001
11011000000001110110100000000000
10100101000001100000000000000011
10011101100001011111111111111111
10111100001010000000000000000000
00010011111111111111111111111000
10011100111001110000000000000001
10111100010001010000000000000011
00001100000000000000000000110000
10111100001001010000000000000000
10100100111001000000000011111111
10111100101001010000000000001111
10111001000001110000000000001000
11100001000010000011100000000100
10111000111010000000000000010000
00010000000000000000000000011011
11100000111010000011100000000100
10011110001001011111111111110000
10011101000001100000000000000100
10111010001100010000000001000100
10011101111001100000000000001000
10011101101001100000000000001100
10111001011100010000000000000100
10101001100001100000000000000000
10011101011010110000000000010100
11100001011001100101100000000000
11010100000011000011100000000000
11010100000010000011100000000000
10011101000010000000000000010000
11010100000011110011100000000000
11010100000011010011100000000000
11100100001010000101100000000000
10011101100011000000000000010000
10011101111011110000000000010000
00010011111111111111111111111000
10011101101011010000000000010000
10011110001100010000000000000001
10100100101001010000000000001111
10111010001100010000000000000100
10111100101001010000000000000011
00010000000000000000000000001111
11100000110001101000100000000000
10101001100001100000000000000000
10101001000001010000000000000000
10011101000010001111111111111100
11010100000011000011100000000000
10111100010010000000000000000011
00010011111111111111111111111101
10011101100011000000000000000100
10011100111001011111111111111100
10011100010000001111111111111100
10100100101001010000000000000011
11100000111001110001000000000011
10011100111001110000000000000100
11100000110001100011100000000000
10111100001001010000000000000000
00001100000000000000000000001010
00010101000000000000000000000000
10111000100001000000000000011000
11100000101001100010100000000000
10111000100001000000000010011000
11011000000001100010000000000000
10011100110001100000000000000001
11100100001001010011000000000000
00010011111111111111111111111101
00010101000000000000000000000000
10011100001000010000000000001000
10101001011000110000000000000000
10000100001000011111111111111000
01000100000000000100100000000000
10000100010000011111111111111100
00000011111111111111111111000000
10101000110000110000000000000000
11010111111000010001011111110000
00011000010000000000000000000001
11010111111000010111011111110100
11010111111000011001011111111000
11010111111000010100111111111100
11010111111000010000111111101100
10011100001000011111111111101100
10101000010000101001101000101100
00000100000000000001001000101111
10101001110000110000000000000000
10000100011000100000000000000000
11100100001011100001100000000000
00001100000000000000000000001100
10101010010010110000000000000000
10000100100000100000000000000000
10111100001001000000000000000000
00010011111111111111111111111110
00011000011000000000000000000001
10101000101011100000000000000000
00000100000000000001001001001011
10101000011000111001101000101100
10111100001010110000000000000000
00010011111111111111111111111000
00010101000000000000000000000000
00011000010000000000000000000001
10101000010000101001101000101000
10000100011000100000000000000000
10111100000000110000000000000000
00001100000000000000000000000100
00011000011000000000000000000001
10101000011000111001101000110000
11010100000000111001000000000000
10000100011000100000000000000000
10011100011000110000000000000001
11010100000000100001100000000000
10011100001000010000000000010100
10000101001000011111111111111100
10000100001000011111111111101100
10000100010000011111111111110000
10000101110000011111111111110100
01000100000000000100100000000000
10000110010000011111111111111000
00011000011000000000000000000001
11010111111000010100111111111100
10101000011000111001101000101000
11010111111000010000111111111000
10000100100000110000000000000000
10011100001000011111111111111000
10011100100001001111111111111111
11010100000000110010000000000000
10000100100000110000000000000000
10111100001001000000000000000000
00010000000000000000000000001001
00011000011000000000000000000001
00011000101000000000000000000001
10101000011000111001101000110000
10101000101001011001101000101100
10000100011000110000000000000000
11010100000001010010000000000000
00000100000000000001001000001010
00010101000000000000000000000000
10011100001000010000000000001000
10000101001000011111111111111100
01000100000000000100100000000000
10000100001000011111111111111000
11010111111000010111011111111000
10101001110001000000000000000000
10000100100000110000000001001100
11010111111000010001011111110100
11010111111000010100111111111100
11010111111000010000111111110000
10111100001001000000000000000000
10011100001000011111111111110000
00001100000000000000000000010011
10101000010000110000000000000000
10111000011011100000000000000010
11100000011001000001100000000000
10000101011000110000000000000000
10111100000010110000000000000000
00010000000000000000000000010110
10011100100000000000000000000001
10000100010010110000000000000000
11010100000000110001000000000000
10011100010000000000000000000000
11010100000010110001000000010000
11010100000010110001000000001100
10011100001000010000000000010000
10000101001000011111111111111100
10000100001000011111111111110000
10000100010000011111111111110100
01000100000000000100100000000000
10000101110000011111111111111000
10011100100000000000000000000100
00000100000000000000110011000100
10011100101000000000000000100001
11010100000000100101100001001100
10111100001010110000000000000000
00010011111111111111111111101010
10101000100010110000000000000000
00000011111111111111111111110011
10011101011000000000000000000000
10101000011000100000000000000000
11100000010001000111000000001000
10011100101000100000000000000101
00000100000000000000110010111001
10111000101001010000000000000010
10111100000010110000000000000000
00010011111111111111111111111000
00010101000000000000000000000000
11010100000010110111000000000100
00000011111111111111111111100101
11010100000010110001000000001000
11010111111000010000111111111100
10111100000001000000000000000000
00010000000000000000000000001001
10011100001000011111111111111100
10000100101001000000000000000100
10000100110000110000000001001100
10111000011001010000000000000010
11100000011001100001100000000000
10000100101000110000000000000000
11010100000001000010100000000000
11010100000000110010000000000000
10011100001000010000000000000100
01000100000000000100100000000000
10000100001000011111111111111100
11010111111000010001011111101100
11010111111000010111011111110000
11010111111000011001011111110100
11010111111000010100111111111100
11010111111000010000111111101000
11010111111000011010011111111000
10101001110001000000000000000000
10011100001000011111111111100100
10101010010000110000000000000000
10000100010001000000000000010000
10011101000001000000000000010100
10011101011000000000000000000000
10000100100010000000000000000000
10011101011010110000000000000001
10100100011001001111111111111111
10111000100001000000000001010000
11100000011000110010101100000110
11100000100001000010101100000110
11100000110000110011000000000000
10011101000010000000000000000100
10111000111001100000000001010000
10100100011001101111111111111111
11100101010000100101100000000000
11100000100001000011100000000000
10111000111001000000000000010000
10111000110001000000000001010000
11100000011001110001100000000000
00010011111111111111111111110001
11010111111010000001111111111100
10111100000001100000000000000000
00010000000000000000000000001100
00010101000000000000000000000000
10000100011011100000000000001000
11100101100000100001100000000000
00001100000000000000000000010001
10101000011100100000000000000000
10011100011000100000000000000101
10011100010000100000000000000001
10111000011000110000000000000010
11100000011011100001100000000000
11010100000000110011000000000000
11010100000011100001000000010000
10011100001000010000000000011100
10101001011011100000000000000000
10000101001000011111111111111100
10000100001000011111111111101000
10000100010000011111111111101100
10000101110000011111111111110000
10000110010000011111111111110100
01000100000000000100100000000000
10000110100000011111111111111000
10000100100011100000000000000100
10011100100001000000000000000001
00000111111111111111111110001110
11010100000000010011000000000000
10000100101011100000000000010000
10011100100011100000000000001100
10011100101001010000000000000010
10011100011010110000000000001100
10111000101001010000000000000010
00000111111111111111111000101100
10101010100010110000000000000000
10000100011011100000000000000100
10000100100100100000000001001100
10111000011000110000000000000010
10000100110000010000000000000000
11100000011001000001100000000000
10000100100000110000000000000000
11010100000011100010000000000000
11010100000000110111000000000000
00000011111111111111111111011110
10101001110101000000000000000000
11010111111000010001011111100100
11010111111000010111011111101000
11010111111000011001011111101100
11010111111000011010011111110000
11010111111000011011011111110100
11010111111000010100111111111100
11010111111000010000111111100000
11010111111000011100011111111000
10101010010000110000000000000000
10011100001000011111111111100000
10101000010001000000000000000000
10011100011001100000000000001000
10011100100000000000000000001001
10101010100001100000000000000000
10101010110001010000000000000000
00000100000000000001001011010110
10101001110001110000000000000000
10111101101010110000000000000001
00010000000000000000000000111000
10011100011000000000000000000001
10011100100000000000000000000000
11100000011000110001100000000000
11100101010010110001100000000000
00010011111111111111111111111110
10011100100001000000000000000001
00000111111111111111111101100010
10101000011100100000000000000000
10011100011000000000000000000001
11010100000010110111000000010100
10111101101101100000000000001001
00010000000000000000000000101001
11010100000010110001100000010000
10011111000000100000000000001001
11100000010000101011000000000000
10101001110110000000000000000000
10010000110011100000000000000000
10011100101000000000000000001010
10011100110001101111111111010000
10101000100010110000000000000000
10101000011100100000000000000000
00000111111111111111111110010000
10011101110011100000000000000001
11100100001011100001000000000000
00010011111111111111111111111000
00010101000000000000000000000000
11100000010110001011000000000000
10011100010000101111111111111000
11100101101101001011000000000000
00010000000000000000000000001101
11100001110101001011000000000010
11100001110000100111000000000000
10010000110000100000000000000000
10011100101000000000000000001010
10011100110001101111111111010000
10101000100010110000000000000000
10101000011100100000000000000000
00000111111111111111111110000000
10011100010000100000000000000001
11100100001000100111000000000000
00010011111111111111111111111000
00010101000000000000000000000000
10011100001000010000000000100000
10000101001000011111111111111100
10000100001000011111111111100000
10000100010000011111111111100100
10000101110000011111111111101000
10000110010000011111111111101100
10000110100000011111111111110000
10000110110000011111111111110100
01000100000000000100100000000000
10000111000000011111111111111000
10011100010000100000000000001010
00000011111111111111111111100111
10011110110000000000000000001001
00000011111111111111111111001111
10011100100000000000000000000000
11010111111000010001011111111100
00011000010000001111111111111111
10011100100000000000000000000000
11100000101000110001000000000011
11010111111000010000111111111000
11100100001001010010000000000000
00010000000000000000000000000100
10011100001000011111111111111000
10111000011000110000000000010000
10011100100000000000000000010000
00011000010000001111111100000000
11100000101000110001000000000011
10111100001001010000000000000000
00010000000000000000000000000100
00011000010000001111000000000000
10111000011000110000000000001000
10011100100001000000000000001000
11100000101000110001000000000011
10111100001001010000000000000000
00010000000000000000000000000100
00011000010000001100000000000000
10111000011000110000000000000100
10011100100001000000000000000100
11100000101000110001000000000011
10111100001001010000000000000000
00010000000000000000000000000101
10111101100000110000000000000000
10111000011000110000000000000010
10011100100001000000000000000010
10111101100000110000000000000000
00010000000000000000000000010000
00010101000000000000000000000000
00011000010000000100000000000000
11100000011000110001000000000011
10111100000000110000000000000000
00001100000000000000000000000110
10011101011000000000000000100000
10011100001000010000000000001000
10000100001000011111111111111000
01000100000000000100100000000000
10000100010000011111111111111100
10011100001000010000000000001000
10011101011001000000000000000001
10000100001000011111111111111000
01000100000000000100100000000000
10000100010000011111111111111100
10011100001000010000000000001000
10101001011001000000000000000000
10000100001000011111111111111000
01000100000000000100100000000000
10000100010000011111111111111100
10000100100000110000000000000000
11010111111000010000111111111100
10100100101001000000000000000111
10111100000001010000000000000000
00010000000000000000000000001111
10011100001000011111111111111100
10100100101001000000000000000001
10011101011000000000000000000000
11100100001001010101100000000000
00010000000000000000000000000111
10100100101001000000000000000010
11100100000001010101100000000000
00001100000000000000000000101101
10011101011000000000000000000010
10111000100001000000000001000010
11010100000000110010000000000000
10011100001000010000000000000100
01000100000000000100100000000000
10000100001000011111111111111100
10100100110001001111111111111111
10111100001001100000000000000000
00010000000000000000000000000101
10100100110001000000000011111111
10111000100001000000000001010000
10011100101000000000000000010000
10100100110001000000000011111111
10111100001001100000000000000000
00010000000000000000000000000101
10100100110001000000000000001111
10111000100001000000000001001000
10011100101001010000000000001000
10100100110001000000000000001111
10111100001001100000000000000000
00010000000000000000000000000101
10100100110001000000000000000011
10111000100001000000000001000100
10011100101001010000000000000100
10100100110001000000000000000011
10111100001001100000000000000000
00010000000000000000000000000101
10100100110001000000000000000001
10111000100001000000000001000010
10011100101001010000000000000010
10100100110001000000000000000001
10111100001001100000000000000000
00010000000000000000000000000111
00010101000000000000000000000000
10111000100001000000000001000001
10111100000001000000000000000000
00010011111111111111111111011111
10011101011000000000000000100000
10011100101001010000000000000001
10011100001000010000000000000100
10101001011001010000000000000000
11010100000000110010000000000000
01000100000000000100100000000000
10000100001000011111111111111100
10111000100001000000000001000001
10011100001000010000000000000100
10011101011000000000000000000001
11010100000000110010000000000000
01000100000000000100100000000000
10000100001000011111111111111100
11010111111000010100111111111100
11010111111000010001011111111000
11010111111000010000111111110100
10101000010001000000000000000000
10011100001000011111111111110100
00000111111111111111111010111000
10011100100000000000000000000001
10011100100000000000000000000001
11010100000010110001000000010100
11010100000010110010000000010000
10011100001000010000000000001100
10000101001000011111111111111100
10000100001000011111111111110100
01000100000000000100100000000000
10000100010000011111111111111000
11010111111000011001011111110100
11010111111000011010011111111000
10000110010001000000000000010000
10000110100001010000000000010000
11010111111000010111011111110000
11010111111000010100111111111100
11010111111000010000111111101000
11010111111000010001011111101100
11100101011100101010000000000000
10011100001000011111111111100100
00010000000000000000000000001000
10101001110001000000000000000000
10101000100100100000000000000000
10101000010011100000000000000000
10101010010101000000000000000000
10101001110001010000000000000000
10101010100001000000000000000000
10101000101000100000000000000000
11100000010100101010000000000000
10000100110011100000000000001000
11100101101000100011000000000000
00010000000000000000000000000011
10000100100011100000000000000100
10011100100001000000000000000001
00000111111111111111111010010110
11010100000000010010100000000000
10111001101000100000000000000010
10011101111010110000000000010100
10000100101000010000000000000000
11100001101011110110100000000000
11100100100011110110100000000000
00001100000000000000000000000111
10101000011011110000000000000000
10011100100000000000000000000000
10011100011000110000000000000100
11100100010011010001100000000000
00010011111111111111111111111110
11010111111000110010011111111100
10111010001101000000000000000010
10011100101001010000000000010100
10111001100100100000000000000010
11100010001001011000100000000000
10011110011011100000000000010100
11100100100001011000100000000000
00001100000000000000000001001001
11100001100100110110000000000000
10000111001001010000000000000000
10100111011110011111111111111111
10111100000110110000000000000000
00010000000000000000000000011101
10011100111000000000000000000000
10101001000011110000000000000000
10101010101100110000000000000000
10000100100101010000000000000000
10000100011010000000000000000000
10100100110001001111111111111111
10111000100001000000000001010000
11100000110001101101101100000110
11100000100001001101101100000110
10100110111000111111111111111111
10111000011000110000000001010000
11100000110001101011100000000000
10011110101101010000000000000100
11100000110001100011100000000000
11100000011001000001100000000000
10111000111001100000000001010000
10100100110001101111111111111111
10101010111010000000000000000000
11100000011000110011100000000000
10011101000010000000000000000100
10111000100000110000000000010000
11100100010011001010100000000000
10111000111000110000000001010000
11100000110001000011000000000100
00010011111111111111111111101011
11010111111010000011011111111100
11010100000101110011100000000100
10000111001001010000000000000000
10111011001110010000000001010000
10111100000110010000000000000000
00010000000000000000000000100001
10101011011011110000000000000000
10000100011011110000000000000000
10101010101100110000000000000000
10101010111011110000000000000000
10101001000000110000000000000000
00000000000000000000000000000011
10011100111000000000000000000000
10101011011111010000000000000000
10000100110101010000000000000000
10111001000010000000000001010000
10100100110001101111111111111111
10100100100000111111111111111111
11100000110001101100101100000110
11100000110001100100000000000000
10011110111101110000000000000100
11100000110001100011100000000000
10011110101101010000000000000100
10111000011001100000000000010000
10011111101110110000000000000100
10111000110001100000000001010000
11100000100000110010000000000100
11100100010011001010100000000000
11010111111101110010011111111100
10010100011101011111111111111100
11100000011000111100101100000110
10000101000111010000000000000000
10100100100010001111111111111111
11100000011000110010000000000000
11100000011000110011000000000000
00010011111111111111111111101010
10111000111000110000000001010000
11010100000110110001100000000100
10011100101001010000000000000100
11100100010100010010100000000000
00010011111111111111111110111011
10011101111011110000000000000100
10111101010000100000000000000000
00001100000000000000000000010000
00010101000000000000000000000000
10000100011011011111111111111100
10111100001000110000000000000000
00001100000000000000000000001000
10011101101011011111111111111100
00000000000000000000000000001011
11010100000010110001000000010000
10000100011011010000000000000000
10111100000000110000000000000000
00001100000000000000000000000110
00010101000000000000000000000000
10011100010000101111111111111111
10111100000000100000000000000000
00001111111111111111111111111010
10011101101011011111111111111100
11010100000010110001000000010000
10011100001000010000000000011100
10000101001000011111111111111100
10000100001000011111111111101000
10000100010000011111111111101100
10000101110000011111111111110000
10000110010000011111111111110100
01000100000000000100100000000000
10000110100000011111111111111000
11010111111000010001011111101100
10101000010001010000000000000000
10100100101001010000000000000011
11010111111000011001011111110100
11010111111000011010011111111000
11010111111000010100111111111100
11010111111000010000111111101000
11010111111000010111011111110000
10111100000001010000000000000000
10011100001000011111111111101000
10101010100000110000000000000000
00001100000000000000000001000001
10101010010001000000000000000000
10111000010000100000000010000010
10111100000000100000000000000000
00010000000000000000000000101001
00010101000000000000000000000000
10000101110101000000000001001000
10111100001011100000000000000000
00001100000000000000000001000011
10101000011101000000000000000000
10100100011000100000000000000001
10111100000000110000000000000000
00001100000000000000000000001111
00010101000000000000000000000000
10111000010000100000000010000001
10111100000000100000000000000000
00010000000000000000000000011101
00010101000000000000000000000000
10000101011011100000000000000000
10111100001010110000000000000000
00001100000000000000000000100010
00010101000000000000000000000000
10101001110010110000000000000000
10100100011000100000000000000001
10111100000000110000000000000000
00010011111111111111111111110101
00010101000000000000000000000000
10101000101011100000000000000000
10101000100100100000000000000000
00000111111111111111111101001001
10101000011101000000000000000000
10111100000100100000000000000000
00010000000000000000000000011111
00010101000000000000000000000000
10000100011100100000000000000100
10000100100101000000000001001100
10111000011000110000000000000010
10111000010000100000000010000001
11100000011001000001100000000000
10111100000000100000000000000000
10000100100000110000000000000000
11010100000100100010000000000000
11010100000000111001000000000000
00001111111111111111111111100111
10101010010010110000000000000000
10011100001000010000000000011000
10101001011100100000000000000000
10000101001000011111111111111100
10000100001000011111111111101000
10000100010000011111111111101100
10000101110000011111111111110000
10000110010000011111111111110100
01000100000000000100100000000000
10000110100000011111111111111000
10101000101011100000000000000000
10101000100011100000000000000000
00000111111111111111111100101110
10101000011101000000000000000000
10011100111000000000000000000000
11010100000011100101100000000000
11010100000010110011100000000000
00000011111111111111111111011010
10101001110010110000000000000000
00000011111111111111111111001111
10101010010010110000000000000000
10011100101001011111111111111111
00011000111000000000000000000001
10111000101001010000000000000010
10101000111001110110010010010000
10011100110000000000000000000000
11100000101001010011100000000000
00000111111111111111111000001010
10000100101001010000000000000000
00000011111111111111111110111001
10101010010010110000000000000000
00000111111111111111110111001001
10011100100000000000000000000001
10011100011000000000001001110001
10101001110010110000000000000000
11010100000010110001100000010100
10011100011000000000000000000001
11010100000010110001100000010000
10011100011000000000000000000000
11010100000101000101100001001000
00000011111111111111111110110110
11010100000010110001100000000000
11010111111000011011011111111000
10111010110001010000000010000101
11010111111000011010011111110100
10000110100001000000000000010000
11010111111000010001011111101000
11100010100101101010000000000000
10000100110001000000000000001000
10011100010101000000000000000001
11010111111000010111011111101100
11010111111000011001011111110000
11010111111000010100111111111100
11010111111000010000111111100100
11100101101000100011000000000000
10101001110001000000000000000000
10011100001000011111111111100000
10101010010000110000000000000000
00010000000000000000000000000110
10000100100001000000000000000100
11100000110001100011000000000000
11100101010000100011000000000000
00010011111111111111111111111110
10011100100001000000000000000001
10101000011100100000000000000000
00000111111111111111110110100111
11010100000000010010100000000000
10111101101101100000000000000000
10101001100010110000000000000000
10011100011010110000000000010100
00010000000000000000000000001010
10000100101000010000000000000000
10111010110101100000000000000010
10101000100000110000000000000000
11100000011000111011000000000000
10011100110000000000000000000000
10011100100001000000000000000100
11100100001001000001100000000000
00010011111111111111111111111110
11010111111001000011011111111100
10000101000011100000000000010000
10100100101001010000000000011111
10111001000010000000000000000010
10011100100011100000000000010100
10111100000001010000000000000000
00010000000000000000000000100111
11100001000001000100000000000000
10011101011000000000000000100000
10011100110000000000000000000000
11100001011010110010100000000010
10000100111001000000000000000000
10101001101000110000000000000000
11100000111001110010100000001000
10011100011000110000000000000100
10011100100001000000000000000100
11100000110001110011000000000100
11100100010010000010000000000000
11010111111000110011011111111100
10000100110001001111111111111100
00010011111111111111111111110111
11100000110001100101100001001000
10111100000001100000000000000000
00010000000000000000000000000011
11010100000011010011000000000100
10011100010101000000000000000010
10000100011011100000000000000100
10000100100100100000000001001100
10111000011000110000000000000010
10011100010000101111111111111111
10101001011011000000000000000000
11100000011001000001100000000000
11010100000011000001000000010000
10000100010000110000000000000000
11010100000011100001000000000000
11010100000000110111000000000000
10011100001000010000000000100000
10000101001000011111111111111100
10000100001000011111111111100100
10000100010000011111111111101000
10000101110000011111111111101100
10000110010000011111111111110000
10000110100000011111111111110100
01000100000000000100100000000000
10000110110000011111111111111000
10000100101001000000000000000000
10011100100001000000000000000100
11010100000000110010100000000000
11100100010010000010000000000000
00001111111111111111111111101001
10011100011000110000000000000100
10000100101001000000000000000000
10011100100001000000000000000100
11010100000000110010100000000000
11100100010010000010000000000000
00010011111111111111111111110110
10011100011000110000000000000100
00000011111111111111111111100010
10000100011011100000000000000100
10000101011000110000000000010000
10000100101001000000000000010000
11010111111000010000111111111100
11100001011010110010100000000010
10111100001010110000000000000000
00010000000000000000000000010101
10011100001000011111111111111100
10111000110001010000000000000010
10011100011000110000000000010100
10011100100001000000000000010100
11100000101000110011000000000000
00000000000000000000000000000100
11100000100001000011000000000000
00001100000000000000000000010000
10011101011000000000000000000000
10011100101001011111111111111100
10011100100001001111111111111100
10000100111001010000000000000000
10000100110001000000000000000000
11100100000001110011000000000000
00010011111111111111111111111001
11100100100000110010100000000000
11100100100001110011000000000000
00010000000000000000000000000011
10011101011000001111111111111111
10011101011000000000000000000001
10011100001000010000000000000100
01000100000000000100100000000000
10000100001000011111111111111100
10011100001000010000000000000100
01000100000000000100100000000000
10000100001000011111111111111100
11010111111000010001011111101100
10000100110001010000000000010000
10000100010001000000000000010000
11010111111000011001011111110100
11100000010000100011000000000010
11010111111000010100111111111100
11010111111000010000111111101000
11010111111000010111011111110000
11010111111000011010011111111000
10111100001000100000000000000000
10011100001000011111111111100100
00010000000000000000000000011010
10101010010001000000000000000000
10111000110001100000000000000010
10011100010001000000000000010100
10011101011001010000000000010100
11100000100000100011000000000000
00000000000000000000000000000100
11100000110010110011000000000000
00010000000000000000000001100110
00010101000000000000000000000000
10011100100001001111111111111100
10011100110001101111111111111100
10000101000001000000000000000000
10000100111001100000000000000000
11100100000010000011100000000000
00010011111111111111111111111001
11100100011000100010000000000000
11100100011010000011100000000000
00010000000000000000000001101010
10101000100100100000000000000000
10101001110000100000000000000000
10101010010001010000000000000000
10101000010010110000000000000000
10101000101001000000000000000000
00000000000000000000000000001000
10011110100000000000000000000001
10111101100000100000000000000000
00010000000000000000000001100100
10011101110100100000000000010100
10011101110001010000000000010100
10011100010001000000000000010100
10011110100000000000000000000000
10000100100100100000000000000100
00000111111111111111110100010010
11010100000000010010100000000000
10000100101000010000000000000000
10000101101100100000000000010000
10000101100001010000000000010000
10111001111011010000000000000010
10111001100011000000000000000010
11010100000010111010000000001100
11100001111000100111100000000000
11100001100011100110000000000000
10011100111010110000000000010100
10011100011000000000000000000000
10000100101000100000000000000000
10000100110011100000000000000000
10100100100001011111111111111111
10100101000001101111111111111111
11100000011001000001100000000000
10111000110001100000000001010000
11100000100000110100000000000010
10111000101001010000000001010000
10111000011001000000000010010000
10100100100001001111111111111111
11100000101001010011000000000010
10011101110011100000000000000100
11100000011001010001100000000000
10011100110001110000000000000100
10111000101000110000000000010000
11100100010011000111000000000000
10011100010000100000000000000100
11100000100001010010000000000100
10111000011000110000000010010000
11010100000001110010000000000000
10101001000001100000000000000000
00010011111111111111111111101011
10101000111001100000000000000000
11100100101011110001000000000000
00010000000000000000000000011001
10111100001001000000000000000000
10101001100000100000000000000000
10000100101011000000000000000000
10011100110001100000000000000100
10100100100001011111111111111111
10111000111001010000000001010000
11100000011001000001100000000000
10011101100011000000000000000100
10111000101000110000000010010000
10100100100000111111111111111111
11100100010011110110000000000000
11100000011001110010100000000000
10111000101000110000000000010000
10111000011000110000000010010000
11100000100001010010000000000100
00010011111111111111111111110011
11010111111001100010011111111100
10101100010000101111111111111111
11100001111000100111100000000000
10011100010000001111111111111100
11100001111011110001000000000011
10011101111011110000000000000100
11100001000010000111100000000000
10111100001001000000000000000000
00010000000000000000000000000111
10011100010010001111111111111100
10011100010000101111111111111100
10000100011000100000000000000000
10111100000000110000000000000000
00010011111111111111111111111101
10011101101011011111111111111111
11010100000010110110100000010000
10011100001000010000000000011100
10000101001000011111111111111100
10000100001000011111111111101000
10000100010000011111111111101100
10000101110000011111111111110000
10000110010000011111111111110100
01000100000000000100100000000000
10000110100000011111111111111000
10011100010000000000000000000000
00000111111111111111110011000100
10011100100000000000000000000000
11010100000010110001000000010100
10011100010000000000000000000001
11010100000010110001000000010000
10011100001000010000000000011100
10000101001000011111111111111100
10000100001000011111111111101000
10000100010000011111111111101100
10000101110000011111111111110000
10000110010000011111111111110100
01000100000000000100100000000000
10000110100000011111111111111000
10101001110010110000000000000000
00000011111111111111111110100011
10011110100000000000000000000000
10101000100100100000000000000000
10011100010001010000000000010100
10101010010001010000000000000000
10011110100000000000000000000001
00000011111111111111111110011101
10101000101001000000000000000000
11010111111000010001011111111100
00011000010000000111111111110000
11010111111000010000111111111000
11100000011000110001000000000011
00011000010000001111110011000000
11100000011000110001000000000000
10111101101000110000000000000000
00010000000000000000000000001011
10011100001000011111111111111000
10011100100000000000000000000000
10011100001000010000000000001000
10101000110000110000000000000000
10101000111001000000000000000000
10000100001000011111111111111000
11100001011001100000000000000100
11100001100001110000000000000100
01000100000000000100100000000000
10000100010000011111111111111100
11100000011000000001100000000010
10111000011000110000000010010100
10111101010000110000000000010011
00001100000000000000000000010001
10011100101000111111111111101100
10011100100000000000000000000001
10111101010001010000000000011110
00010011111111111111111111110001
10011100011000000000000000000000
10011100110000000000000000011111
10011100001000010000000000001000
11100000101001100010100000000010
10000100001000011111111111111000
11100000100001000010100000001000
10101000110000110000000000000000
10101000111001000000000000000000
11100001011001100000000000000100
11100001100001110000000000000100
01000100000000000100100000000000
10000100010000011111111111111100
00011000101000000000000000001000
10011100001000010000000000001000
11100000011001010001100010001000
10011100100000000000000000000000
10000100001000011111111111111000
10101000110000110000000000000000
10101000111001000000000000000000
11100001011001100000000000000100
11100001100001110000000000000100
01000100000000000100100000000000
10000100010000011111111111111100
11010111111000010001011111101100
10000100010000110000000000010000
11010111111000010111011111110000
10111000010000100000000000000010
10011101110000110000000000010100
11010111111000011001011111110100
11100000010011100001000000000000
11010111111000011010011111111000
10000110010000101111111111111100
11010111111000010100111111111100
11010111111000010000111111101000
10101000011100100000000000000000
10011100001000011111111111100100
10011110100000101111111111111100
00000111111111111111110101000000
11010100000000010010000000000000
10011100101000000000000000100000
10000100100000010000000000000000
11100000011001010101100000000010
10111101010010110000000000001010
00010000000000000000000000011011
11010100000001000001100000000000
10011100011000000000000000001011
00011000110000000011111111110000
11100000011000110101100000000010
11100100011011101010000000000000
11100000101100100001100001001000
10011100100000000000000000000000
00010000000000000000000000000100
11100000101001010011000000000100
10000100100000101111111111111000
11100000100001000001100001001000
10011100011010110000000000010101
11100000011100100001100000001000
11100000011000110010000000000100
10011100001000010000000000011100
10101000100001010000000000000000
10000101001000011111111111111100
10101000101000110000000000000000
10000100001000011111111111101000
11100001011001000000000000000100
11100001100001010000000000000100
10000100010000011111111111101100
10000101110000011111111111110000
10000110010000011111111111110100
01000100000000000100100000000000
10000110100000011111111111111000
11100100011011101010000000000000
00010000000000000000000000010100
00010101000000000000000000000000
10011101011010111111111111110101
10111100000010110000000000000000
00010000000000000000000000010100
10000100011000101111111111111000
11100000110001010101100000000010
11100000101100100101100000001000
10011100111000101111111111111000
00011001000000000011111111110000
11100000100000110011000001001000
11100000101001010100000000000100
11100100100011100011100000000000
00001100000000000000000000010010
11100000101001010010000000000100
10000100010000101111111111110100
11100000011000110101100000001000
11100000110000100011000001001000
00000011111111111111111111100001
11100000011001100001100000000100
10011100011010111111111111110101
10111100001000110000000000000000
00010000000000000000000000000101
11100000010100100001100000001000
00011000010000000011111111110000
00000011111111111111111111011010
11100000101100100001000000000100
00011000100000000011111111110000
10011100011000000000000000000000
00000011111111111111111111010110
11100000101000100010000000000100
00000011111111111111111111010100
11100000011000110101100000001000
11010111111000010001011111101000
11010111111000010111011111101100
11010111111000011001011111110000
11010111111000011010011111110100
11010111111000011011011111111000
10101001110001000000000000000000
11010111111000010100111111111100
11010111111000010000111111100100
10011100100000000000000000000001
10011100001000011111111111011000
10101010100001100000000000000000
11010100000000010010100000000000
00000111111111111111110000100000
10101010010001110000000000000000
00011000011000000111111111111111
10101010110010110000000000000000
10101000011000111111111111111111
10000100101000010000000000000000
11100000010011100001100000000011
00011000011000000000000000001111
10111000010000100000000001010100
10101000011000111111111111111111
10111100001000100000000000000000
00001100000000000000000000000100
11100001110011100001100000000011
00011000011000000000000000010000
11100001110011100001100000000100
10111100000001010000000000000000
00010000000000000000000000011001
11010100000000010111000000001000
10011100011000010000000000000100
00000111111111111111110100010001
11010100000000010010100000000100
10111100000010110000000000000000
00001100000000000000000000110010
10000100011000010000000000001000
10000100100000010000000000000100
11010100000101100010000000010100
11010100000101100001100000011000
10111100000000110000000000000000
00010000000000000000000000000011
10011101110000000000000000000001
10011101110000000000000000000010
10111100000000100000000000000000
00010000000000000000000000010010
11010100000101100111000000010000
10011100010000101111101111001101
10011100011000000000000000110101
11100000010000100101100000000000
11100001011000110101100000000010
11010100000101000001000000000000
00000000000000000000000000010111
11010100000100100101100000000000
10011100011000010000000000001000
00000111111111111111110011111010
10011101110000000000000000000001
10000100011000010000000000001000
11010100000101100111000000010000
11010100000101100001100000010100
10111100000000100000000000000000
00001111111111111111111111110010
10011101011010110000000000100000
00011000011000000011111111111111
10011101011010111111101111001110
10101000011000111111111111111111
11010100000101000101100000000000
11100000010011100001100000000000
10111001110011100000000000000101
10111000010000100000000000000010
11100000010101100001000000000000
00000111111111111111110010110111
10000100011000100000000000010100
11100001011011100101100000000010
11010100000100100101100000000000
10011100001000010000000000101000
10101001011101100000000000000000
10000101001000011111111111111100
10000100001000011111111111100100
10000100010000011111111111101000
10000101110000011111111111101100
10000110010000011111111111110000
10000110100000011111111111110100
01000100000000000100100000000000
10000110110000011111111111111000
10011100100000000000000000100000
10000100101000010000000000000100
11100000100001000101100000000010
11100000100000110010000000001000
11100000011000110101100001001000
11100000100001000010100000000100
11010100000000010001100000001000
00000011111111111111111111001011
11010100000101100010000000010100
11010111111000010100111111111100
11010111111000010001011111101100
11010111111000010111011111110000
11010111111000011001011111110100
11010111111000011010011111111000
11010111111000010000111111101000
10011100001000011111111111100000
10101010010001000000000000000000
10101000100000010000000000000000
00000111111111111111111101001001
10101010100000110000000000000000
10011100100000010000000000000100
10101000011100100000000000000000
10101001110010110000000000000000
00000111111111111111111101000100
10101000010011000000000000000000
10000100011100100000000000010000
10000100101101000000000000010000
10000100100000010000000000000000
11100000101001010001100000000010
10000100011000010000000000000100
10111000101001010000000000000101
11100000100001000001100000000010
11100000011001010010000000000000
10111101101000110000000000000000
00010000000000000000000000010110
10111000100000110000000000010100
10111000011000110000000000010100
11100001110000110111000000000000
10101010010011100000000000000000
10101010011000100000000000000000
10101000110010110000000000000000
10101000111011000000000000000000
11100000011100100000000000000100
11100000100100110000000000000100
11100000101001100000000000000100
11100000110001110000000000000100
00000100000000000001001000010111
00010101000000000000000000000000
10011100001000010000000000100000
10000101001000011111111111111100
10000100001000011111111111101000
10000100010000011111111111101100
10000101110000011111111111110000
10000110010000011111111111110100
01000100000000000100100000000000
10000110100000011111111111111000
00000011111111111111111111101110
11100001011010110010000000000010
11010111111000010111011111111000
11010111111000010100111111111100
11010111111000010000111111110000
11010111111000010001011111110100
10111101010000110000000000010111
10011100001000011111111111110000
00001100000000000000000000011110
10101001110000110000000000000000
00011000010000000000000000000001
10101000010000100110010010000000
10000101011000100000000000000000
10000101100000100000000000000100
00011000100000000000000000000001
10101000010010110000000000000000
10101000011011000000000000000000
10101000100001000110010010001000
10000100101001000000000000000000
10000100110001000000000000000100
11100000100000110000000000000100
11100000011000100000000000000100
00000100000000000001011000011100
10011101110011101111111111111111
10111100001011100000000000000000
00010011111111111111111111110110
00011000100000000000000000000001
10101000010010110000000000000000
10011100001000010000000000010000
10101000100000100000000000000000
10101000101011000000000000000000
10000101001000011111111111111100
10000100001000011111111111110000
11100001011001000000000000000100
11100001100001010000000000000100
10000100010000011111111111110100
01000100000000000100100000000000
10000101110000011111111111111000
00011000010000000000000000000001
10111001110000110000000000000011
10101000010000100110010011101100
11100001110011100001000000000000
10000100010011100000000000000000
00000011111111111111111111110001
10000101100011100000000000000100
10011100100001001111111111111111
10000100111001010000000000010000
10111001011001000000000010000101
10111000111001110000000000000010
10011100100001010000000000010100
10011101011010110000000000000001
11100000111001000011100000000000
10111001011010110000000000000010
11010111111000010000111111111000
11010111111000010001011111111100
11100100011001000011100000000000
10011100001000011111111111111000
00010000000000000000000000010101
11100001011000110101100000000000
10101000110000110000000000000000
10000101000001000000000000000000
10011100100001000000000000000100
11010100000001100100000000000000
11100100010001110010000000000000
00010011111111111111111111111100
10011100110001100000000000000100
11100000100001110010100000000010
10011100010000001111111111111100
10011100100001001111111111101011
11100000100001000001000000000011
10011100100001000000000000000100
11100000011000110010000000000000
11100100010010110001100000000000
00001100000000000000000000001000
00010101000000000000000000000000
10011100010000000000000000000000
10011100011000110000000000000100
11010111111000110001011111111100
11100100010010110001100000000000
00010011111111111111111111111100
00010101000000000000000000000000
10011100001000010000000000001000
10000100001000011111111111111000
01000100000000000100100000000000
10000100010000011111111111111100
10111000110001000000000010000101
10000100101000110000000000010000
11010111111000010000111111111100
11100101011001010011000000000000
10011100001000011111111111111100
00010000000000000000000000010111
10011100011000110000000000010100
10111000100001010000000000000010
11100000100000110010000000000000
11100100011000110010000000000000
00010000000000000000000000001111
10011101011000000000000000000000
10000101011001001111111111111100
10111100001010110000000000000000
00001100000000000000000000001000
10011100100001001111111111111100
00000000000000000000000000011111
10011100001000010000000000000100
10000100101001000000000000000000
10111100001001010000000000000000
00010000000000000000000000011010
00010101000000000000000000000000
11100100100000110010000000000000
00010011111111111111111111111011
10011100100001001111111111111100
10011100001000010000000000000100
01000100000000000100100000000000
10000100001000011111111111111100
11100101010001010011000000000000
00001100000000000000000000001110
10100100101001000000000000011111
10111100001001010000000000000000
00001100000000000000000000010010
10111000100001100000000000000010
11100000100000110010000000000000
10000100111001000000000000000000
11100000110001110010100001001000
11100000101001100010100000001000
11100100001001110010100000000000
00010011111111111111111111110010
10011101011000000000000000000001
00000011111111111111111111100001
11100100011000110010000000000000
10111000100001100000000000000010
00000011111111111111111111011101
11100000100000110010000000000000
10011100001000010000000000000100
10011101011000000000000000000001
01000100000000000100100000000000
10000100001000011111111111111100
00000011111111111111111111010111
11100000100000110010000000000000
11010111111000011001011111100000
11010111111000011011011111101000
11010111111000010100111111111100
11010111111000010000111111010100
11010111111000010001011111011000
11010111111000010111011111011100
11010111111000011010011111100100
11010111111000011100011111101100
11010111111000011101011111110000
11010111111000011110011111110100
11010111111000011111011111111000
10111100001001000000000000000000
10011100001000011111111111010000
10101010110001000000000000000000
00001100000000000000000010001010
10101010010000110000000000000000
00000111111111111111101011000110
11010100000000010010100000000000
10000100101000010000000000000000
10000100100101101111111111111100
10011100010001010000000000001011
10011100011000001111111111111100
10111100101000100000000000010110
10011111000101101111111111111000
00001100000000000000000001000100
11100011010001000001100000000011
10011100110000000000000000010000
10011100111000000000000000000000
10101000010001100000000000000000
11100100100000100010100000000000
00010000000000000000000000000011
10011100011000000000000000000001
10011100011000000000000000000000
10100100011000110000000011111111
10111100001000110000000000000000
00010000000000000000000010111011
10111100000001110000000000000000
00001100000000000000000010111001
11100101011110100011000000000000
00010000000000000000000000111010
10101001110101100000000000000000
00011010100000000000000000000001
11100000111110001101000000000000
10101010100101001001000110011100
10000100011101000000000000001000
11100100000001110001100000000000
00010000000000000000000010110100
10000100011001110000000000000100
10011101011000001111111111111110
11100001000000110101100000000011
11100001000001110100000000000000
10000101000010000000000000000100
10100101000010000000000000000001
10111100000010000000000000000000
00010000000000000000000001000111
10011101011000001111111111111100
10100100100001000000000000000001
10111100000001000000000000000000
00010000000000000000000010001110
00010101000000000000000000000000
10101000100001010000000000000000
00000111111111111111011001110111
10101000011100100000000000000000
10111100001010110000000000000000
00001100000000000000000000101101
10101001110010110000000000000000
10000100011101101111111111111100
10011100101000001111111111111110
10011100100010111111111111111000
11100000011000110010100000000011
11100000011110000001100000000000
11100100001001000001100000000000
00001100000000000000000011110101
10011100101110101111111111111100
10111100010001010000000000100100
00010000000000000000000011100100
10111100101001010000000000010011
00001100000000000000000011001101
10111100010001010000000000011011
10101000010010110000000000000000
10101000011101100000000000000000
10000100100000110000000000000000
11010100000000100010000000000000
10000100100000110000000000000100
11010100000000100010000000000100
10000100011000110000000000001000
11010100000000100001100000001000
10101000100101100000000000000000
00000111111111111111001010010100
10101000011100100000000000000000
00000000000000000000000000010011
00010101000000000000000000000000
10011101000000001111111111111000
11100000010000100100000000000011
10101000110000100000000000000000
00000011111111111111111110111110
10111000111000100000000001011111
11100000011110100001000000000010
10111100101000110000000000001111
00001100000000000000000000100110
11100000100110000001000000000000
10000100010110000000000000000100
11100000011110001101000000000000
10100100010000100000000000000001
11100000101000101101000000000100
11010100000110000010100000000100
10000100010000110000000000000100
10101000010000100000000000000001
11010100000000110001000000000100
00000111111111111111101010010011
10101000011100100000000000000000
10101001011011100000000000000000
10011100001000010000000000110000
10000101001000011111111111111100
10000100001000011111111111010100
10000100010000011111111111011000
10000101110000011111111111011100
10000110010000011111111111100000
10000110100000011111111111100100
10000110110000011111111111101000
10000111000000011111111111101100
10000111010000011111111111110000
10000111100000011111111111110100
01000100000000000100100000000000
10000111110000011111111111111000
11100000011000110101100000000011
11100000011000111101000000000000
11100101011000110011000000000000
00001100000000000000000000011100
10100100100001000000000000000001
10000100100001110000000000001100
10000100101001110000000000001000
10101001110101100000000000000000
11010100000001010010000000001100
11010100000001000010100000001000
00000011111111111111111111011010
10101011010000110000000000000000
10000100101110000000000000000100
10100100101001010000000000000001
10101000110000110000000000000001
11100000010001010001000000000100
11100000101001000001100000000000
11010100000110000001000000000100
11010100000001000011000000000100
10101000011100100000000000000000
10000100010001010000000000000100
10011100100001000000000000001000
10101000010000100000000000000001
00000111111111111111001001011000
11010100000001010001000000000100
00000011111111111111111111010111
00010101000000000000000000000000
00000111111111111111011000011100
10101000100001010000000000000000
00000011111111111111111111010111
10011100001000010000000000110000
10111100000001000000000000000000
00001111111111111111111110011111
10011101000000001111111111111100
10000111100101101111111111111000
11100011100110001110000000000010
10000100100111000000000000000100
11100000100001000100000000000011
11100010100000110010000000000000
11100101011101000011000000000000
00001100000000000000000000100111
00010101000000000000000000000000
10000100011001110000000000001100
10000100100001110000000000001000
10011100101110101111111111111100
11010100000001000001100000001100
11010100000000110010000000001000
10000100011111000000000000001100
10000100100111000000000000001000
10111100010001010000000000100100
11010100000001000001100000001100
11010100000000110010000000001000
00010000000000000000000000100111
10011100011111000000000000001000
10111100101001010000000000010011
00010000000000000000000000001010
10101000100000110000000000000000
10000100100101100000000000000000
10111100010001010000000000011011
11010100000111000010000000001000
10000100100101100000000000000100
00010000000000000000000010001001
11010100000111000010000000001100
10011100100111000000000000010000
10011110110101100000000000001000
10000100101101100000000000000000
10101001110000110000000000000000
11010100000001000010100000000000
10101011010101000000000000000000
10000100011101100000000000000100
10101011000111000000000000000000
11010100000001000001100000000100
10000100011101100000000000001000
00000011111111111111111110011011
11010100000001000001100000001000
10000111100101101111111111111000
11100011100110001110000000000010
10000100100111000000000000000100
11100000100001000101100000000011
11100010100110100010000000000000
11100101100101000011000000000000
00010011111111111111111101101111
10101000100001010000000000000000
10000100011111000000000000001100
10000100100111000000000000001000
10011100101110101111111111111100
11010100000001000001100000001100
11010100000000110010000000001000
10111100010001010000000000100100
00001111111111111111111111011101
10011100011111000000000000001000
10101000100101100000000000000000
10101001110000110000000000000000
00000111111111111111100100111001
10101011010101000000000000000000
00000011111111111111111110000101
10101011000111000000000000000000
10011100010000000000000000001100
10011101011000000000000000000000
00000011111111111111111110010000
11010100000100100001000000000000
10011101000000001111111111111100
10011100111000100000000000010000
11100000011000110100000000000011
11100000011000111101000000000000
11100101011000110011100000000000
00010000000000000000000000111011
10100100100001000000000000000001
10111100000001000000000000000000
00001111111111111111111101010010
10011101011000001111111111111100
10000111100101101111111111111000
11100011100110001110000000000010
10000100100111000000000000000100
11100000100001000101100000000011
11100011110001000001100000000000
11100101101001111111000000000000
00001111111111111111111111011010
00010101000000000000000000000000
10000100011111000000000000001100
10000100100111000000000000001000
10011100101110101111111111111100
11010100000001000001100000001100
11010100000000110010000000001000
10111100010001010000000000100100
00010000000000000000000001100000
10011101110111000000000000001000
10111100101001010000000000010011
00010000000000000000000000001010
10101000011011100000000000000000
10000100011101100000000000000000
10111100010001010000000000011011
11010100000111000001100000001000
10000100011101100000000000000100
00010000000000000000000001011100
11010100000111000001100000001100
10011100011111000000000000010000
10011110110101100000000000001000
10000100100101100000000000000000
11010100000000110010000000000000
10000100100101100000000000000100
11010100000000110010000000000100
10000100100101100000000000001000
11010100000000110010000000001000
11100000011111100001000000000010
11100000100111000001000000000000
10101000011000110000000000000001
11010100000101000010000000001000
11010100000001000001100000000100
10101000011100100000000000000000
10000100100111000000000000000100
10100100100001000000000000000001
11100000010001000001000000000100
00000111111111111111100111101010
11010100000111000001000000000100
00000011111111111111111101011000
10101001011011100000000000000000
10000100010101100000000000000000
11010100000010110001000000000000
10000100010101100000000000000100
00010000000000000000000000010111
11010100000010110001000000000100
10011100010010110000000000001000
00000011111111111111111100110001
10011100011101100000000000001000
11100000011000110001000000000010
11100011000110000001000000000000
10101000011000110000000000000001
11010100000101001100000000001000
11010100000110000001100000000100
10101000011100100000000000000000
10000100100101101111111111111100
10100100100001000000000000000001
11100000010001000001000000000100
00000111111111111111100111010101
11010111111101100001011111111100
00000011111111111111111101000011
10101001011101100000000000000000
10101000100101100000000000000000
00000111111111111111100011100011
10101000011010110000000000000000
00000011111111111111111100100110
10101000100101100000000000000000
10000100010101100000000000001000
10111100000001010000000000100100
11010100000010110001000000001000
10000100010101100000000000001100
00010000000000000000000000010100
11010100000010110001000000001100
10011100010010110000000000010000
00000011111111111111111100010110
10011100011101100000000000010000
10000100011010111111111111111100
10011101000000001111111111111100
10101001110101100000000000000000
11100000011000110100000000000011
00000011111111111111111100100000
11100011010110100001100000000000
10000100100101100000000000001000
10111100000001010000000000100100
11010100000111000010000000010000
10000100100101100000000000001100
00010000000000000000000000001100
11010100000111000010000000010100
10011100100111000000000000011000
00000011111111111111111101110100
10011110110101100000000000010000
10000100011101100000000000010000
10011100010010110000000000011000
11010100000010110001100000010000
10011100011101100000000000011000
10000100100101100000000000010100
00000011111111111111111100000000
11010100000010110010000000010100
10000100101101100000000000010000
10011100100111000000000000100000
11010100000111000010100000011000
10011110110101100000000000011000
10000100101101101111111111111100
00000011111111111111111101100110
11010100000111000010100000011100
10101000100101100000000000000000
00000111111111111111100010111000
10101000011011100000000000000000
00000011111111111111111110110001
11100000011111100001000000000010
10000100011101100000000000001000
10111100000001010000000000100100
11010100000111000001100000010000
10000100011101100000000000001100
00010000000000000000000000000101
11010100000111000001100000010100
10011100011111000000000000011000
00000011111111111111111110100001
10011110110101100000000000010000
10000100100101100000000000010000
10011100011111000000000000100000
11010100000111000010000000011000
10011110110101100000000000011000
10000100100101101111111111111100
00000011111111111111111110011010
11010100000111000010000000011100
11010111111000010001011111111000
10101000010001000000000000000000
10011000100001000000000000001110
11010111111000010100111111111100
11010111111000010000111111110100
00000100000000000000100100100101
10011100001000011111111111110100
10111101100010110000000000000000
00010000000000000000000000001010
10011100100000001110111111111111
10000100011000100000000001010000
11100000011000110101100000000000
11010100000000100001100001010000
10011100001000010000000000001100
10000101001000011111111111111100
10000100001000011111111111110100
01000100000000000100100000000000
10000100010000011111111111111000
10010100011000100000000000001100
11100000011000110010000000000011
11011100000000100001100000001100
10011100001000010000000000001100
10000101001000011111111111111100
10000100001000011111111111110100
01000100000000000100100000000000
10000100010000011111111111111000
11010111111000010000111111111100
10011100001000011111111111111100
10011101011000000000000000000000
10011100001000010000000000000100
01000100000000000100100000000000
10000100001000011111111111111100
11010111111000010001011111101100
10101000010001000000000000000000
10011000100001000000000000001100
10100100111001000000000100000000
11010111111000010111011111110000
11010111111000011001011111110100
11010111111000011010011111111000
11010111111000010100111111111100
11010111111000010000111111101000
10111100000001110000000000000000
10011100001000011111111111101000
10101001110000110000000000000000
10101010010001010000000000000000
00010000000000000000000000000111
10101010100001100000000000000000
10011000100000100000000000001110
10011100110000000000000000000010
00000100000000000000100011100110
10011100101000000000000000000000
10011000100000100000000000001100
10011100101000001110111111111111
10101000110101000000000000000000
11100000011001000010100000000011
10011000100000100000000000001110
11011100000000100001100000001100
10101000101100100000000000000000
00000100000000000000100001100110
10101000011011100000000000000000
10011100001000010000000000011000
10000101001000011111111111111100
10000100001000011111111111101000
10000100010000011111111111101100
10000101110000011111111111110000
10000110010000011111111111110100
01000100000000000100100000000000
10000110100000011111111111111000
11010111111000010001011111111000
10101000010001000000000000000000
10011000100001000000000000001110
11010111111000010100111111111100
11010111111000010000111111110100
00000100000000000000100011001110
10011100001000011111111111110100
10111100001010111111111111111111
00001100000000000000000000001010
10010100011000100000000000001100
10101000011000110001000000000000
11010100000000100101100001010000
11011100000000100001100000001100
10011100001000010000000000001100
10000101001000011111111111111100
10000100001000011111111111110100
01000100000000000100100000000000
10000100010000011111111111111000
10011100100000001110111111111111
11100000011000110010000000000011
11011100000000100001100000001100
10011100001000010000000000001100
10000101001000011111111111111100
10000100001000011111111111110100
01000100000000000100100000000000
10000100010000011111111111111000
10011000100001000000000000001110
11010111111000010100111111111100
11010111111000010000111111111000
00000100000000000000100001101011
10011100001000011111111111111000
10011100001000010000000000001000
10000101001000011111111111111100
01000100000000000100100000000000
10000100001000011111111111111000
11100001011000110010000000000100
11010111111000010000111111111000
10100101011010110000000000000011
11010111111000010001011111111100
10111100001010110000000000000000
00010000000000000000000000100100
10011100001000011111111111111000
10000100101001000000000000000000
10000100110000110000000000000000
11100100001001010011000000000000
00010000000000000000000000011111
00011000010000001111111011111110
10101000010000101111111011111111
11100000110001010001000000000000
10101100101001011111111111111111
00011000010000001000000010000000
11100000101001100010100000000011
10101000010000101000000010000000
11100000101001010001000000000011
10111100001001010000000000000000
00001100000000000000000000001011
10011100011000110000000000000100
10011100011000111111111111111100
00000000000000000000000000100100
10011100001000010000000000001000
00011000010000001000000010000000
10101000010000101000000010000000
11100000101001010001000000000011
10111100001001010000000000000000
00010000000000000000000000100001
10011100011000110000000000000100
10011100100001000000000000000100
00011000010000001111111011111110
10000100110000110000000000000000
10000101000001000000000000000000
10101000010000101111111011111111
10101100101001101111111111111111
11100000111001100001000000000000
11100100000001100100000000000000
00010011111111111111111111110010
11100000101001110010100000000011
10010001011000110000000000000000
10111100000010110000000000000000
00001100000000000000000000001000
00010101000000000000000000000000
00000000000000000000000000001100
10001100011001000000000000000000
10010001011000110000000000000000
10111100000010110000000000000000
00010000000000000000000000000111
10011100100001000000000000000001
10010000101001000000000000000000
11100100000001010101100000000000
00010011111111111111111111111010
10011100011000110000000000000001
10100101011010110000000011111111
10001100011001000000000000000000
11100001011010110001100000000010
10011100001000010000000000001000
10000100001000011111111111111000
01000100000000000100100000000000
10000100010000011111111111111100
10011100001000010000000000001000
10011101011000000000000000000000
10000100001000011111111111111000
01000100000000000100100000000000
10000100010000011111111111111100
11010111111000010001011111011100
10000100010001000000000001100100
11010111111000011010011111101000
10100100010000100010000000000000
11010111111000011011011111101100
11010111111000011100011111110000
11010111111000010100111111111100
11010111111000010000111111011000
11010111111000010111011111100000
11010111111000011001011111100100
11010111111000011101011111110100
11010111111000011110011111111000
10111100000000100000000000000000
10011100001000011111111111011000
10101010100001000000000000000000
10101010110000110000000000000000
00010000000000000000000000110011
10101011000001010000000000000000
10000100011001010000000000001000
10000111010001010000000000000000
10111100001000110000000000000000
00001100000000000000000000101100
10011111100110100000000000000100
10000110010111000000000000000000
10011101110000000000000000000000
10111010010100100000000001000010
11100100001100100111000000000000
00010000000000000000000000000111
10000100010110100000000000000000
00000000000000000000000000011110
10111010010100100000000000000010
11100100001100100111000000000000
00001100000000000000000000011001
00010101000000000000000000000000
10000100100000100000000000000000
10101000101101000000000000000000
10101000011101100000000000000000
00000100000000000000011010101111
10011101110011100000000000000001
10111100000010111111111111111111
00001111111111111111111111110111
10011100010000100000000000000100
10011100010000000000000000000000
11010100000110000001000000001000
11010100000110000001000000000100
10011100001000010000000000101000
10000101001000011111111111111100
10000100001000011111111111011000
10000100010000011111111111011100
10000101110000011111111111100000
10000110010000011111111111100100
10000110100000011111111111101000
10000110110000011111111111101100
10000111000000011111111111110000
10000111010000011111111111110100
01000100000000000100100000000000
10000111100000011111111111111000
10000100011110000000000000001000
10111010010100100000000000000010
10011111010110100000000000001000
10011111100111000000000000001000
11100000011000111001000000000010
10111100001000110000000000000000
00010011111111111111111111011000
11010100000110000001100000001000
00000011111111111111111111101001
10011101011000000000000000000000
00000111111111111111000101100101
10011100010000000000000000000000
00000011111111111111111111100111
11010100000110000001000000001000
10000101011001010000000000001000
11010111111000010100111111111100
11010111111000010000111111111000
10111100001010110000000000000000
00001100000000000000000000001000
10011100001000011111111111111000
00000111111111111111111110110011
00010101000000000000000000000000
10011100001000010000000000001000
10000101001000011111111111111100
01000100000000000100100000000000
10000100001000011111111111111000
10011100001000010000000000001000
11010100000001010101100000000100
10000101001000011111111111111100
01000100000000000100100000000000
10000100001000011111111111111000
11010111111000010111011111011100
11010111111000011011011111101000
11010111111000011100011111101100
11010111111000010100111111111100
11010111111000010000111111010100
11010111111000010001011111011000
11010111111000011001011111100000
11010111111000011010011111100100
11010111111000011101011111110000
11010111111000011110011111110100
11010111111000011111011111111000
10011100001000011111111100110100
10111100000000110000000000000000
11010100000000010011000000011100
10101010110000110000000000000000
10101001110001000000000000000000
00010000000000000000000000000110
10101011000001010000000000000000
10000100010000110000000000111000
10111100001000100000000000000000
00001100000000000000000010001110
00010101000000000000000000000000
10011000011011100000000000001100
10100100010000111111111111111111
10100100100000100010000000000000
10111100001001000000000000000000
00010000000000000000000000001000
10011100101000001101111111111111
10000100100011100000000001100100
10101000010000110010000000000000
11100000011001000010100000000011
11011100000011100001000000001100
11010100000011100001100001100100
10100100010000101111111111111111
10100100011000100000000000001000
10111100000000110000000000000000
00010000000000000000000001011110
10101000100011100000000000000000
10000100011011100000000000010000
10111100001000110000000000000000
00001100000000000000000001011010
10100100010000100000000000011010
10111100001000100000000000001010
00001100000000000000000001100001
10011101000000010000000001011111
10011100010000000000000000000000
11010100000000010100000000011000
10011111110000010000000001100000
11010100000000010001000000110100
11010100000000010001000000110000
11010100000000010001000000100000
10000100010000010000000000011000
11010100000000011111000000101100
11100000010111100001000000000010
10101000111111100000000000000000
11010100000000010001000000100100
10010000010110000000000000000000
10101100011000100000000000100101
10100100011000110000000011111111
10111100000000110000000000000000
00010000000000000000000000100111
10101010010110000000000000000000
10100100010000100000000011111111
10111100000000100000000000000000
00001100000000000000000000001010
10011110010100100000000000000001
10011110010100101111111111111111
00000000000000000000000000100001
10010000010100100000000000000000
10100100010000100000000011111111
10111100001000100000000000000000
00001100000000000000000000001001
11100000010100101100000000000010
10011110010100100000000000000001
10010000010100100000000000000000
10100100011000100000000011111111
10111100000000110000000000000000
00001111111111111111111111111000
10101100010000100000000000100101
11100000010100101100000000000010
10111100000000100000000000000000
00010000000000000000000000010010
10000100100000010000000000110100
10000100011000010000000000110000
11100000100000100010000000000000
10011100011000110000000000000001
11010100000001111100000000000000
11010100000001110001000000000100
11010100000000010010000000110100
10111101010000110000000000000111
00001100000000000000000000100000
11010100000000010001100000110000
10111100001001000000000000000000
00010000000000000000001111000011
10000101000000010000000000100000
11010100000000010010000000110000
11100001000010000001000000000000
10101000111111100000000000000000
11010100000000010100000000100000
10010000010100100000000000000000
10111100000000100000000000000000
00010000000000000000010001000011
10011100101000000000000000000000
10011100010000000000000000000000
10011110010100100000000000000001
11011000000000010001000000101001
10101001101001010000000000000000
10011100110000001111111111111111
10101000010001010000000000000000
10101011100001010000000000000000
10010000100100100000000000000000
10011111000100100000000000000001
10011100011001001111111111100000
10111100010000110000000001011000
00010000000000000000001000010001
00011001000000000000000000000001
10111000011000110000000000000010
10101001000010000110010110110100
11100000011000110100000000000000
10000100011000110000000000000000
01000100000000000001100000000000
00010101000000000000000000000000
10011100111001110000000000001000
10000101000000010000000000100000
11100001000010000001000000000000
00000011111111111111111111100110
11010100000000010100000000100000
10101011100111000000000000010000
00000011111111111111111111101110
10101010010110000000000000000000
00000111111111111110010010111100
10101000011101100000000000000000
10111100000010110000000000000000
00001100000000000000010000010011
00010101000000000000000000000000
10010100010011100000000000001100
10100100010000100000000000011010
10111100001000100000000000001010
00010011111111111111111110100011
10011101000000010000000001011111
10011000010011100000000000001110
10111101100000100000000000000000
00010011111111111111111110011111
10011101000000010000000001011111
10000100110000010000000000011100
10101000101110000000000000000000
10101000100011100000000000000000
00000100000000000000010010001000
10101000011101100000000000000000
10011100001000010000000011001100
10000101001000011111111111111100
10000100001000011111111111010100
10000100010000011111111111011000
10000101110000011111111111011100
10000110010000011111111111100000
10000110100000011111111111100100
10000110110000011111111111101000
10000111000000011111111111101100
10000111010000011111111111110000
10000111100000011111111111110100
01000100000000000100100000000000
10000111110000011111111111111000
00000111111111111110111101001110
00010101000000000000000000000000
00000011111111111111111101110011
10011000011011100000000000001100
10000101000000010000000000011100
10000100010010000000000000000000
10011101000010000000000000000100
10111101011000100000000000000000
00010011111111111111111111010110
11010100000000010100000000011100
11100000010000000001000000000010
10101011100111000000000000000100
00000011111111111111111111000000
10101010010110000000000000000000
10011101000000000000000000110000
10011100011000000000000001111000
10011100100000000000000000000000
11011000000000010100000000101010
11011000000000010001100000101011
10000101000000010000000000011100
11011000000000010010000000101001
10111101100001100000000000000000
10011101011010000000000000000100
00010000000000000000001111100101
10000100011010000000000000000000
11100000100000000001100000000010
10011100101000001111111101111111
11100000100001000001100000000100
11100001111111000010100000000011
11010100000000010101100000011100
10111101100001000000000000000000
00010000000000000000001110100011
10101011100011110000000000000010
11100000101000000011000000000010
11100000101001010011000000000100
10111000101001010000000001011111
10111100001001010000000000000000
00010000000000000000001110011110
00011001011000000000000000000001
10011100110000000000000000000000
10101010010111100000000000000000
10101011010001100000000000000000
11100101011001101101000000000000
00010000000000000000000000000011
10101010100001100000000000000000
10101010100110100000000000000000
10111100000001010000000000000000
00010000000000000000000000000100
10100110101111000000000000000010
10011110100101000000000000000001
10100110101111000000000000000010
10111100000101010000000000000000
00010000000000000000000000000011
10100110011111000000000010000100
10011110100101000000000000000010
10111100000100110000000000000000
00001100000000000000000111111010
10000100101000010000000000110000
11100001101000101010000000000010
10111101010011010000000000000000
00001100000000000000000111110110
10111101010011010000000000010000
00001100000000000000001111100111
10000100011000010000000000110100
00011010001000000000000000000001
10000101011000010000000000110000
10101010001100010110011100101000
00000000000000000000000000001001
10011110111000000000000000010000
10011100101010110000000000000010
10011100111001110000000000001000
10101001011001000000000000000000
10011101101011011111111111110000
10111101010011010000000000010000
00001100000000000000000000010010
00010101000000000000000000000000
10011100100010110000000000000001
10011100011000110000000000010000
11010100000001111000100000000000
11010100000001111011100000000100
11010100000000010001100000110100
10111101010001000000000000000111
00001111111111111111111111110011
11010100000000010010000000110000
10111100001000110000000000000000
00010000000000000000000111000110
10101001011000110000000000000000
10011101101011011111111111110000
10111101010011010000000000010000
10011100101000000000000000000001
00010011111111111111111111110010
10101000111111100000000000000000
11100000011011010001100000000000
11010100000001111000100000000000
11010100000001110110100000000100
11010100000000010001100000110100
10111101010001010000000000000111
00010000000000000000001010011101
11010100000000010010100000110000
10010000100000010000000000101001
10111100000001000000000000000000
10011100111001110000000000001000
00001100000000000000000111010010
10011101011001010000000000000001
10111100000101010000000000000000
00010000000000000000000111100001
10111100001100110000000010000000
10011100011000110000000000000010
10011101000000010000000000101010
10011100100000000000000000000010
11010100000001110100000000000000
11010100000001110010000000000100
11010100000000010001100000110100
10111101010010110000000000000111
00001100000000000000001010100100
11010100000000010101100000110000
10111100001000110000000000000000
00010000000000000000001100100011
10111100001100110000000010000000
10011101011000000000000000000001
10101000101000110000000000000000
00010000000000000000000111010011
10101000111111100000000000000000
11100010001000101010000000000010
10111101101100010000000000000000
00010000000000000000000111001111
10111101101100010000000000010000
00010000000000000000001111000010
00010101000000000000000000000000
00011001101000000000000000000001
10011110101000000000000000010000
00000000000000000000000000001001
10101001101011010110011100011000
10011110011001010000000000000010
10011100111001110000000000001000
10101000101001000000000000000000
10011110001100011111111111110000
10111101010100010000000000010000
00001100000000000000000000010010
00010101000000000000000000000000
10011100100001010000000000000001
10011100011000110000000000010000
11010100000001110110100000000000
11010100000001111010100000000100
11010100000000010001100000110100
10111101010001000000000000000111
00001111111111111111111111110011
11010100000000010010000000110000
10111100001000110000000000000000
00010000000000000000001001010110
10011110011000000000000000000001
10011110001100011111111111110000
10111101010100010000000000010000
10101000101000110000000000000000
00010011111111111111111111110010
10101000111111100000000000000000
11100000011000111000100000000000
11010100000001110110100000000000
11010100000001111000100000000100
11010100000000010001100000110100
10111101010100110000000000000111
00010000000000000000001100000110
11010100000000011001100000110000
11100000110001101101000000000010
10011100111001110000000000001000
10111101101001100000000000000000
10011101011100110000000000000001
00001100000000000000000110101001
10101000101100110000000000000000
11100000011110100001100000000000
11010100000001111001000000000000
11010100000001111101000000000100
11010100000000010001100000110100
10111101010010110000000000000111
00001100000000000000000111001111
11010100000000010101100000110000
10111100001000110000000000000000
00010000000000000000001010111110
10100101111111000000000000000100
10111100001011110000000000000000
00001100000000000000000000000110
11010100000000010001100000110000
11100010010000101010000000000010
10111101010100100000000000000000
00010000000000000000000111001110
10101000111111100000000000000000
11100101011000101010000000000000
00010000000000000000000000000011
10000101000000010000000000100000
10101000010101000000000000000000
11100001000010000001000000000000
11010100000000010100000000100000
10011100010000000000000000000000
10101000111111100000000000000000
00000011111111111111111011010100
11010100000000010001000000110000
10011100101000000000000000000001
10011101101000000000000000101011
00000011111111111111111100000110
10101010010110000000000000000000
10101011100111000000000010000000
00000011111111111111111100000011
10101010010110000000000000000000
10101001011110000000000000000000
10011100010000000000000000000000
10011100011001001111111111010000
11100000010000100001000000000000
10010000100010110000000000000000
10111001011000100000000000000010
10011111000110000000000000000001
11100000010000100101100000000000
11100000010000110001000000000000
10011100011001001111111111010000
10111100101000110000000000001001
00010011111111111111111111111000
10101001011110000000000000000000
00000011111111111111111011110111
10011100011001001111111111100000
10111100000001010000000000000000
00001100000000000000001101111011
00010101000000000000000000000000
10101011100111000000000000010000
10100100011111000000000000010000
10111100000000110000000000000000
00010000000000000000001010011000
10100100011111000000000001000000
10000101000000010000000000011100
10011110100010000000000000000100
10000111010010000000000000000000
10111101100110100000000000000000
00010000000000000000001011110101
10111101100001100000000000000000
00010000000000000000001101111100
11100000011000001101000000000010
10011100100000001111111101111111
11100000011000111101000000000100
10111101100000110000000000000000
00010000000000000000001101110111
11100011100111000010000000000011
11100000011000000011000000000010
11100000011000110011000000000100
10111101100000110000000000000000
00010000000000000000001101110010
00010101000000000000000000000000
10010000101000010000000000101001
00000011111111111111111100110010
11010100000000011010000000011100
10111100000001010000000000000000
00001100000000000000001101101010
00010101000000000000000000000000
10101011100111000000000000010000
10100100100111000000000000010000
10111100000001000000000000000000
00001100000000000000000011110111
10011100011000000000000000000000
10100100011111000000000001000000
10111100000000110000000000000000
00010000000000000000001000110110
10000101000000010000000000011100
11011000000000010010000000101001
10000100011010000000000000000000
10111101011001100000000000000000
10011101011010000000000000000100
00001100000000000000000011111110
10100100011000111111111111111111
11100000100000000001100000000010
10011101000000001111111101111111
11100000100001000001100000000100
10111101100001000000000000000000
00010000000000000000000011111000
11100011100111000100000000000011
11100000100000000011000000000010
11100000100001000011000000000100
10111101011001000000000000000000
00001100000000000000000011110011
11010100000000010101100000011100
10100100011111000000000000000001
10111100001000110000000000000000
00010000000000000000001000110101
00010101000000000000000000000000
10101000101000110000000000000000
10101010010111100000000000000000
00000011111111111111111100010000
10101011010000110000000000000000
10111100000001010000000000000000
00001100000000000000001101000011
00010101000000000000000000000000
10101011100111000000000000010000
10100100101111000000000000010000
10111100000001010000000000000000
00001100000000000000001000101111
10000101000000010000000000011100
10100100011111000000000001000000
10111100000000110000000000000000
00010000000000000000000111111110
10111101100001100000000000000000
10000101000000010000000000011100
11011000000000010010100000101001
10000111010010000000000000000000
10111101011001100000000000000000
10011110100010000000000000000100
00001100000000000000001000000010
10100111010110101111111111111111
11100000011000001101000000000010
10011101000000001111111101111111
11100000011000111101000000000100
10111101100000110000000000000000
00010000000000000000000111111011
11100011100111000100000000000011
11100000011000000011000000000010
11100000011000110011000000000100
10111000011000110000000001011111
10111100001000110000000000000000
00010000000000000000000111110101
10101000101000110000000000000000
00000011111111111111111011101100
11010100000000011010000000011100
10111100000001010000000000000000
00001100000000000000001100100000
00010101000000000000000000000000
10100100011111000000000000010000
00011001011000000000000000000001
10111100000000110000000000000000
00010000000000000000000001111111
10101001011010110110001001001110
10000101000000010000000000011100
10000100011010000000000000000000
10011101000010000000000000000100
11010100000000010100000000011100
10100100101111000000000000000001
10111100001001010000000000000000
00001100000000000000001000010100
10111101100001100000000000000000
10111100001000110000000000000000
00010000000000000000001001101010
10011101000000000000000000000000
10111101100001100000000000000000
00010000000000000000000000000111
11011000000000010001100000101001
10011101000000001111111101111111
10111100001001100000000000000000
10101000101001100000000000000000
00001111111111111111111011010001
11100011100111000100000000000011
10101010010111100000000000000000
10100100100000110000000000001111
10111000011000110000000001000100
11100000100010110010000000000000
10011110010100101111111111111111
10001100100001000000000000000000
10111100001000110000000000000000
00010011111111111111111111111010
11011000000100100010000000000000
11100011010111101001000000000010
00000011111111111111111011001000
10101000101000110000000000000000
10000101000000010000000000011100
10011110100000000000000000000001
10000100011010000000000000000000
10011101000010000000000000000100
11011000000000010001100000111000
10011100011000000000000000000000
11010100000000010100000000011100
11011000000000010001100000101001
10101011010101000000000000000000
10011110010000010000000000111000
00000011111111111111111011000100
10011100110000000000000000000000
10111100000001010000000000000000
00010011111111111111111101101110
10100100011111000000000000010000
00000011111111111111111101101100
11011000000000010110100000101001
10000101000000010000000000011100
10011100011000000000000000000000
10000110010010000000000000000000
11011000000000010001100000101001
10111100001100100000000000000000
00001100000000000000001010110011
10011101000010000000000000000100
10111101100001100000000000000000
00010000000000000000001010010010
10011100100000000000000000000000
10101000101001100000000000000000
10101000011100100000000000000000
11010100000000010011000000000000
11010100000000010011100000010000
00000111111111111111010011010011
11010100000000010100000000010100
10111100000010110000000000000000
10000100110000010000000000000000
10000100111000010000000000010000
00010000000000000000001010111101
10000101000000010000000000010100
11100011010010111001000000000010
10010000101000010000000000101001
11010100000000010100000000011100
00000011111111111111111010011101
10011100110000000000000000000000
10111100000001010000000000000000
00010011111111111111111110010001
10100100101111000000000000010000
00000011111111111111111110001111
11011000000000010110100000101001
10010000100110000000000000000000
10111100000001000000000000101010
00010000000000000000001010110110
10011110010110000000000000000001
10011100011001001111111111010000
10101010001100100000000000000000
10111100101000110000000000001001
10101011000100100000000000000000
00001111111111111111111000110010
10011100110000000000000000000000
11100000110001100011000000000000
10010000100100010000000000000000
10111001011001100000000000000010
10011111000100010000000000000001
11100000110001100101100000000000
11100000110001100001100000000000
10011100011001001111111111010000
10111100101000110000000000001001
00010011111111111111111111111000
10101010001110000000000000000000
10111101011001100000000000000000
00010011111111111111111000100110
10011100011001001111111111100000
00000011111111111111111000100100
10011100110000001111111111111111
10111100000011010000000000000000
00001111111111111111111000110000
00010101000000000000000000000000
10011100101000000000000000000001
10011101101000000000000000100000
00000011111111111111111000011010
10101010010110000000000000000000
10101011100111000000000000000001
00000011111111111111111000010111
10101010010110000000000000000000
10101011100111000000000001000000
00000011111111111111111000010100
10101010010110000000000000000000
10111100000001010000000000000000
00001100000000000000001010011111
00010101000000000000000000000000
10100100011111000000000000010000
00011001011000000000000000000001
10111100000000110000000000000000
00001111111111111111111110000101
10101001011010110110001001011111
10000101000000010000000000011100
10100100011111000000000001000000
10011101000010000000000000000100
10111100000000110000000000000000
10000100011010001111111111111100
00010011111111111111111110000010
11010100000000010100000000011100
00000011111111111111111110000000
10100100011000111111111111111111
10111100000001010000000000000000
00001100000000000000001010001100
00010101000000000000000000000000
10100100010111000000000000010000
10111100000000100000000000000000
00001100000000000000000000011110
10000101000000010000000000011100
10100101111111000000000001000000
10111100000011110000000000000000
00010000000000000000000000011010
00010101000000000000000000000000
10000100010010000000000000000000
10011101000010000000000000000100
11010100000000010100000000011100
10000101000000010000000000100000
00000011111111111111110110111100
11011100000000100100000000000000
10111100000001010000000000000000
00010011111111111111111100011111
10100100100111000000000000010000
00000011111111111111111100011101
11011000000000010110100000101001
10111100000001010000000000000000
00001100000000000000001001111010
00010101000000000000000000000000
10111100000001000000000000000000
00010000000000000000001000100001
10011110100000000000000000000001
10011101000000000000000000000000
11011000000000010010000000111000
11011000000000010100000000101001
10101011010101000000000000000000
10011110010000010000000000111000
00000011111111111111111001000110
10011100110000000000000000000000
10000100010010000000000000000000
10011101000010000000000000000100
11010100000000010100000000011100
10000101000000010000000000100000
00000011111111111111110110100100
11010100000000100100000000000000
10000101000000010000000000011100
11011000000000010001100000101001
10111101011001100000000000000000
10011101011010000000000000000100
00001100000000000000000000001101
10000100011010000000000000000000
11100000100000000001100000000010
10011100101000001111111101111111
11100000100001000001100000000100
10111101100001000000000000000000
00010000000000000000000000000111
11100011100111000010100000000011
11100000100000000011000000000010
11100000100001000011000000000100
10111101100001000000000000000000
00001100000000000000000101000100
00010101000000000000000000000000
10101000101111100000000000000000
10100100100000110000000000000111
10111000011000110000000001000011
10011100100001000000000000110000
10011100101001011111111111111111
10111100001000110000000000000000
00010011111111111111111111111011
11011000000001010010000000000000
10101100100001000000000000110000
10100100100001000000000011111111
10111100000001000000000000000000
00010000000000000000000111110001
10100100100111000000000000000001
10111100001001000000000000000000
00001100000000000000000111101110
10011100100000000000000000110000
10011110010001011111111111111111
11100011010111101001000000000010
11011011111001010010011111111111
11010100000000010101100000011100
00000011111111111111111000010001
10101000101000110000000000000000
10011100101000010000000000101100
10101000100011100000000000000000
10101000011101100000000000000000
11010100000000010011000000000000
11010100000000010110100000001000
11010100000000011000100000000100
11010100000000011001100000010000
11010100000000011010100000001100
00000111111111111111110011100011
11010100000000011011100000010100
10111100001010110000000000000000
10000100110000010000000000000000
10000101101000010000000000001000
10000110001000010000000000000100
10000110011000010000000000010000
10000110101000010000000000001100
00010000000000000000000010011011
10000110111000010000000000010100
10000101011000010000000000110000
10000100011000010000000000110100
10011100101010110000000000000001
00000011111111111111111000011000
10101000111111100000000000000000
10000100011000010000000000110100
10011101011001010000000000000001
10010000100000010000000000101001
10111100000001000000000000000000
00010011111111111111111000110011
10111100000101010000000000000000
10011100011000110000000000000001
10011100100000010000000000101001
10011100101000000000000000000001
11010100000001110010000000000000
11010100000001110010100000000100
11010100000000010001100000110100
10111101010010110000000000000111
00001100000000000000000011001011
11010100000000010101100000110000
10111100001000110000000000000000
00010000000000000000000101000101
10111100001101010000000000000000
00010000000000000000000011001100
00010101000000000000000000000000
10101000101000110000000000000000
10011101011000000000000000000001
10101000111111100000000000000000
10111100001100110000000010000000
00001111111111111111111000110010
11100010001000101010000000000010
11100000110001101101000000000010
10111101101001100000000000000000
00010011111111111111111001011011
00010101000000000000000000000000
00011001101000000000000000000001
10111101101001100000000000010000
00010000000000000000000000011011
10101001101011010110011100011000
00000000000000000000000000001001
10011110001000000000000000010000
10011101011001010000000000000010
10011100111001110000000000001000
10101000101001000000000000000000
10011100110001101111111111110000
10111101010001100000000000010000
00001100000000000000000000010010
00010101000000000000000000000000
10011100100001010000000000000001
10011100011000110000000000010000
11010100000001110110100000000000
11010100000001111000100000000100
11010100000000010001100000110100
10111101010001000000000000000111
00001111111111111111111111110011
11010100000000010010000000110000
10111100001000110000000000000000
00010000000000000000000001100111
10011101011000000000000000000001
10011100110001101111111111110000
10111101010001100000000000010000
10101000101000110000000000000000
00010011111111111111111111110010
10101000111111100000000000000000
11100000011000110011000000000000
11010100000001110110100000000000
11010100000001110011000000000100
11010100000000010001100000110100
10111101010010110000000000000111
00010000000000000000000010101000
11010100000000010101100000110000
10011100111001110000000000001000
10011101011010110000000000000001
11100000011110100001100000000000
11010100000001111001000000000000
11010100000001111101000000000100
11010100000000010001100000110100
10111101010010110000000000000111
00010011111111111111111000110101
11010100000000010101100000110000
10011100111001110000000000001000
10100101111111000000000000000100
10111100000011110000000000000000
00010000000000000000000000111000
11100101011000101010000000000000
11100010010000101010000000000010
10111101101100100000000000000000
00010000000000000000000000110100
11100101011000101010000000000000
10111101010100100000000000010000
00001100000000000000000110110101
00010101000000000000000000000000
00011010001000000000000000000001
10000100101000010000000000110000
10101010001100010110011100101000
00000000000000000000000000001001
10011111010000000000000000010000
10011100110001010000000000000010
10011100111001110000000000001000
10101000101001000000000000000000
10011110010100101111111111110000
10111101010100100000000000010000
00001100000000000000000000010010
00010101000000000000000000000000
10011100100001010000000000000001
10011100011000110000000000010000
11010100000001111000100000000000
11010100000001111101000000000100
11010100000000010001100000110100
10111101010001000000000000000111
00001111111111111111111111110011
11010100000000010010000000110000
10111100001000110000000000000000
00010000000000000000000001000000
10011100110000000000000000000001
10011110010100101111111111110000
10111101010100100000000000010000
10101000101000110000000000000000
00010011111111111111111111110010
10101000111111100000000000000000
11100000011000111001000000000000
11010100000001111000100000000000
11010100000001111001000000000100
11010100000000010001100000110100
10111101101001100000000000000111
00010000000000000000000000001101
11010100000000010011000000110000
10111100001000110000000000000000
00001111111111111111111000001110
11100101011000101010000000000000
10011100101000010000000000101100
10101000100011100000000000000000
00000111111111111111110001010101
10101000011101100000000000000000
10111100001010110000000000000000
00010000000000000000000000010010
00010101000000000000000000000000
10000100011000010000000000110100
11100101011000101010000000000000
00010000000000000000000000000011
10000101000000010000000000100000
10101000010101000000000000000000
10111100001000110000000000000000
11100001000010000001000000000000
00001111111111111111111000000011
11010100000000010100000000100000
10011100101000010000000000101100
10101000100011100000000000000000
00000111111111111111110001000101
10101000011101100000000000000000
10111100001010110000000000000000
00001111111111111111110111111101
10011100010000000000000000000000
10010100010011100000000000001100
10100100010000100000000001000000
10111100001000100000000000000000
00010000000000000000000100101101
00010101000000000000000000000000
00000011111111111111110100101000
10000101011000010000000000100000
10011100101000010000000000101100
10101000100011100000000000000000
10101000011101100000000000000000
11010100000000010011000000000000
11010100000000010110100000001000
00000111111111111111110000110100
11010100000000011000100000000100
10111100001010110000000000000000
10000100110000010000000000000000
10000101101000010000000000001000
00010011111111111111111111101111
10000110001000010000000000000100
10000100101000010000000000110000
10000100011000010000000000110100
10011101011001010000000000000001
00000011111111111111111101111101
10101000111111100000000000000000
10011100101000010000000000101100
10101000100011100000000000000000
10101000011101100000000000000000
00000111111111111111110000100101
11010100000000011000100000000100
10111100001010110000000000000000
00010011111111111111111111100010
10000110001000010000000000000100
10000100101000010000000000110000
10000100011000010000000000110100
10011100110001010000000000000001
00000011111111111111111110101000
10101000111111100000000000000000
10011100101000010000000000101100
10101000100011100000000000000000
10101000011101100000000000000000
11010100000000010011000000000000
11010100000000010110100000001000
11010100000000011000100000000100
00000111111111111111110000010101
11010100000000011010100000001100
10111100001010110000000000000000
10000100110000010000000000000000
10000101101000010000000000001000
10000110001000010000000000000100
00010011111111111111111111001111
10000110101000010000000000001100
10000100101000010000000000110000
10000100011000010000000000110100
10011110011001010000000000000001
00000011111111111111110110001100
10101000111111100000000000000000
10111100001000110000000000000000
00010000000000000000000011100110
10010000100000010000000000101001
10111100001001000000000000000000
00001100000000000000000000001100
10111100001101010000000000000000
10011101011000000000000000000001
10011100011000010000000000101001
11010100000000010101100001100100
11010100000000010001100001100000
10101000111111100000000000000000
10101000011010110000000000000000
10101000101010110000000000000000
10011100111001110000000000001000
00000011111111111111110101011100
10011101011010110000000000000001
00001100000000000000000011101010
00010101000000000000000000000000
10011100011000000000000000000010
10011100100000010000000000101010
11010100000000010001100001100100
11010100000000010010000001100000
10011101011000000000000000000001
10101000111111100000000000000000
10101000101010110000000000000000
10011100111001110000000000001000
00000011111111111111111100110001
10011101011010110000000000000001
10111100001000110000000000000000
00010000000000000000000010010010
10011100100000000000000000000001
10101000011110100000000000000000
11010100000000011001000001100000
11010100000000011101000001100100
11010100000000011101000000110100
11010100000000010010000000110000
00000011111111111111111101011011
10101000111111100000000000000000
11011000000000010001100000101001
10011110100010000000000000000100
00010000000000000000000100000011
10000111010010000000000000000000
11100000011000001101000000000010
10011100100000001111111101111111
11100000011000111101000000000100
10111101100000110000000000000000
00001111111111111111111000001001
11100011100111000010000000000011
10011100101000000000000000000000
10111100010110100000000000001001
00010000000000000000000010010101
10011100011110100000000000110000
11010100000000011010000000011100
10000111010000010000000000100100
11011000000000010001100001011111
00000011111111111111110011110101
10011110010000010000000001011111
11011000000000010001100000101001
10111101100001100000000000000000
10011101011010000000000000000100
00010011111111111111111011001011
10000100011010000000000000000000
11100000100000000011000000000010
10011100101000001111111101111111
11100000100001000011000000000100
10111101100001000000000000000000
00010011111111111111111011000101
11100011100111000010100000000011
11100000100000000001100000000010
11100000100001000001100000000100
10111101100001000000000000000000
00010011111111111111111011000000
00010101000000000000000000000000
10100100011111000000000000000001
10111100001000110000000000000000
00001111111111111111110111001111
11010100000000010101100000011100
10011100101000000000000000110000
10000111010000010000000000100100
11011000000000010010100001011111
10011110010000010000000001011111
00000011111111111111110011011011
10011100101000000000000000000000
10011100101000000000000000000000
11011000000000010010100000101001
10111101011001100000000000000000
10011110100010000000000000000100
00001111111111111111111111011001
10000111010010000000000000000000
11100000011000001101000000000010
10011100101000001111111101111111
11100000011000111101000000000100
10111101100000110000000000000000
00001111111111111111110111011010
11100011100111000010100000000011
00000011111111111111111111010010
10011100101000000000000000000000
00010011111111111111110111111001
11011000000000010010100000101001
11100000100000000011000000000010
10011100101000001111111101111111
11100000100001000011000000000100
10111101100001000000000000000000
00010011111111111111110111110011
11100011100111000010100000000011
11100000101000000001100000000010
11100000101001010001100000000100
10111000101001010000000001011111
10111100001001010000000000000000
00001111111111111111110010111100
10101010010111100000000000000000
00000011111111111111110111101101
10100100100000110000000000001111
10011100101000010000000000101100
10101000100011100000000000000000
00000111111111111111101110010101
10101000011101100000000000000000
10111100001010110000000000000000
00010011111111111111111101010010
10101000111111100000000000000000
00000011111111111111111100001000
10000100011000010000000000110100
10000101000000010000000000011100
10111100000000110000000000000000
00010000000000000000000001101001
10011110100010000000000000000100
00000011111111111111110101101001
10011011010010000000000000000010
10011100101000010000000000101100
10101000100011100000000000000000
00000111111111111111101110000110
10101000011101100000000000000000
10111100001010110000000000000000
00010011111111111111111101000011
10101000111111100000000000000000
00000011111111111111110001010101
10000101000000010000000000100000
10011100101000010000000000101100
10101000100011100000000000000000
10101000011101100000000000000000
11010100000000010011000000000000
11010100000000011001100000010000
00000111111111111111101101111010
11010100000000011010100000001100
10111100001010110000000000000000
10000100110000010000000000000000
10000110011000010000000000010000
00010011111111111111111100110101
10000110101000010000000000001100
10000100101000010000000000110000
10000100011000010000000000110100
10011101011001010000000000000001
00000011111111111111110011010010
10101000111111100000000000000000
10011100101000010000000000101100
10101000100011100000000000000000
10101000011101100000000000000000
11010100000000010011000000000000
00000111111111111111101101101010
11010100000000011001100000010000
10111100001010110000000000000000
10000100110000010000000000000000
00010011111111111111111100100110
10000110011000010000000000010000
10000100101000010000000000110000
10000100011000010000000000110100
10011101011001010000000000000001
00000011111111111111111010100100
10101000111111100000000000000000
10111100001000110000000000000000
00010000000000000000000001110000
10011101011000000000000000000001
10101000101000110000000000000000
00000011111111111111111010100001
10101000111111100000000000000000
10011100101000010000000000101100
10101000100011100000000000000000
00000111111111111111101101010111
10101000011101100000000000000000
10111100001010110000000000000000
00010011111111111111111100010100
10000101011000010000000000110000
10000100011000010000000000110100
10011101011010110000000000000001
00000011111111111111110011110011
10101000111111100000000000000000
10011100101000000000000000110000
11011000000000010010100000101010
11011000000000010010000000101011
10111101011001100000000000000000
00001100000000000000000001101111
11011000000000010100000000101001
10011100100000001111111101111111
11100001111111000010000000000011
00000011111111111111110110011000
10101011100011110000000000000010
00011001011000000000000000000001
00000011111111111111110110010101
10101001011010110110001001011111
10101010010111100000000000000000
10101000011110100000000000000000
10011100100000000000000000001010
11010100000000010010100000010100
11010100000000010011000000000000
11010100000000010011100000010000
00000100000000000000011110111100
10011110010100101111111111111111
10011101011010110000000000110000
10101000011110100000000000000000
10011100100000000000000000001010
00000100000000000000011101011111
11011000000100100101100000000000
10111100001010110000000000000000
10101011010010110000000000000000
10000100101000010000000000010100
10000100110000010000000000000000
00010011111111111111111111110000
10000100111000010000000000010000
11100011010111101001000000000010
00000011111111111111110001010001
11010100000000011010000000011100
10011100101000000000000000101101
11011000000000010010100000101001
00010000000000000000000001011101
11100011010000001101000000000010
10011101000000001111111101111111
10011100101000000000000000101101
00000011111111111111111101001110
11100011100111000100000000000011
00000011111111111111110100000010
10000111010010000000000000000000
10011100101000010000000000101100
10101000100011100000000000000000
10101000011101100000000000000000
11010100000000010011000000000000
11010100000000011001100000010000
00000111111111111111101100011100
11010100000000011010100000001100
10111100001010110000000000000000
10000100110000010000000000000000
10000110011000010000000000010000
00010011111111111111111011010111
10000110101000010000000000001100
10000100101000010000000000110000
10000100011000010000000000110100
10011101011001010000000000000001
00000011111111111111111001000000
10101000111111100000000000000000
00000011111111111111101111111101
10011101011000001111111111111111
10101000101000110000000000000000
10011101011000000000000000000001
00000011111111111111111001010010
10101000111111100000000000000000
11010100000000010101100000011100
00011001011000000000000000000001
10101011100111000000000000000010
00000011111111111111110101011001
10101001011010110110001001011111
11100011010111100010100000000010
10101010010001010000000000000000
11010100000000010101100000011100
00000011111111111111110000100110
10011100101000000000000000000000
10000100010000010000000000110100
10111100001000100000000000000000
00001111111111111111111010111110
10011100101000010000000000101100
10101000100011100000000000000000
00000111111111111111101011111011
10101000011101100000000000000000
00000011111111111111111010111010
10010100010011100000000000001100
10101000011100100000000000000000
11010100000000010011100000010000
00000111111111111101011100001111
11010100000000010100000000011100
10010000101000010000000000101001
10101011010010110000000000000000
10011100110000000000000000000000
00000011111111111111110000010100
10000100111000010000000000010000
10011100101000010000000000101100
10101000100011100000000000000000
10101000011101100000000000000000
00000111111111111111101011101011
11010100000000010011000000000000
10111100001010110000000000000000
00010011111111111111111010101000
10000100110000010000000000000000
10000100101000010000000000110000
10000100011000010000000000110100
10011101011001010000000000000001
00000011111111111111111000101001
10101000111111100000000000000000
00011010001000000000000000000001
10011100101001010000000000000001
00000011111111111111110000110101
10101010001100010110011100101000
00000011111111111111111100000110
10101000101000110000000000000000
00000011111111111111110100101101
10101011100111000000000000000010
10111100101001100000000000000110
00010000000000000000000000000100
10111101011001100000000000000000
10011100110000000000000000000110
10111101011001100000000000000000
10101011010001100000000000000000
00001100000000000000000000010111
10101010100001100000000000000000
00011010010000000000000000000001
11010100000000010100000000011100
10101010010100100110001001110000
00000011111111111111101111111010
10011100110000000000000000000000
00000011111111111111111011110101
10011100101000000000000000101101
00011010001000000000000000000001
10000100110000010000000000110000
10101010001100010110011100101000
00000011111111111111111001100110
10011100110001100000000000000001
00011001101000000000000000000001
10101010011010110000000000000000
00000011111111111111110001011001
10101001101011010110011100011000
10101011010001100000000000000000
10010000101000010000000000101001
11010100000000010100000000011100
00000011111111111111101111100010
10101000110010110000000000000000
00000011111111111111111111101011
10011110100000000000000000000000
10000101000000010000000000011100
10101011000100100000000000000000
10000100110010000000000000000000
10011100011010000000000000000100
10111101100001100000000000000000
00001111111111111111101110001101
11010100000000010001100000011100
10011100110000001111111111111111
00000011111111111111101101111000
10101010010110000000000000000000
00000011111111111111110010000111
11011000000000010110100000101001
00000011111111111111110101110110
11011000000000010110100000101001
00000011111111111111110101100011
11011000000000010110100000101001
00000011111111111111110110001000
11011000000000010110100000101001
00000011111111111111110011100010
11011000000000010110100000101001
00000011111111111111110010111111
11011000000000010110100000101001
00000011111111111111110010011000
11011000000000010110100000101001
00000011111111111111111011001011
10010000101000010000000000101001
11010111111000010100111111111100
11010111111000010000111111111000
10011100001000011111111111101100
11010100000000010001100000001000
11010100000000010010000000000100
00000111111111111110111000100001
11010100000000010010100000000000
10000100101000010000000000000000
10000100100000010000000000000100
10000100011000010000000000001000
10101000110001010000000000000000
10101000101001000000000000000000
10101000100000110000000000000000
00000111111111111111101011101011
10101000011010110000000000000000
10011100001000010000000000010100
10000101001000011111111111111100
01000100000000000100100000000000
10000100001000011111111111111000
10010100111001000000000000001100
11010111111000010001011111110000
11010111111000010111011111110100
10101000010001000000000000000000
10000101110001000000000001100100
10011100100000001111111111111101
11010111111000011001011111111000
11100000111001110010000000000011
11010111111000010100111111111100
11010111111000010000111111101100
10011100001000011111101110000100
10011101000000000000010000000000
11011100000000010011100000001100
10010100111000100000000000001110
10011101011000010000000001101000
10000101101000100000000000011100
10000101100000100000000000100100
11011100000000010011100000001110
10101000100000010000000000000000
10011100111000000000000000000000
11010100000000010111000001100100
10101010010000110000000000000000
11010100000000010110100000011100
11010100000000010110000000100100
11010100000000010101100000000000
11010100000000010101100000010000
11010100000000010100000000001000
11010100000000010100000000010100
00000111111111111111101011001001
11010100000000010011100000011000
10111101100010110000000000000000
00010000000000000000000000001000
10101001110010110000000000000000
10101000100000010000000000000000
00000111111111111110100110000100
10101000011100100000000000000000
10111100000010110000000000000000
00001100000000000000000000010010
00010101000000000000000000000000
10010100011000010000000000001100
10100100011000110000000001000000
10111100000000110000000000000000
00010000000000000000000000000101
00010101000000000000000000000000
10010100011000100000000000001100
10101000011000110000000001000000
11011100000000100001100000001100
10011100001000010000010001111100
10101001011011100000000000000000
10000101001000011111111111111100
10000100001000011111111111101100
10000100010000011111111111110000
10000101110000011111111111110100
01000100000000000100100000000000
10000110010000011111111111111000
00000011111111111111111111110000
10011101110000001111111111111111
11010111111000010100111111111100
11010111111000010000111111111000
10011100001000011111111111101000
11010100000000010001100000001100
11010100000000010010000000001000
11010100000000010010100000000100
00000111111111111110110111010100
11010100000000010011000000000000
10000100111010110000000000110100
10000100011000010000000000001100
10111100000001110000000000000000
10000100100000010000000000001000
10000100101000010000000000000100
00010000000000000000000000001001
10000100110000010000000000000000
10000101011001110000000011100000
01001000000000000101100000000000
00010101000000000000000000000000
10011100001000010000000000011000
10000101001000011111111111111100
01000100000000000100100000000000
10000100001000011111111111111000
00011000111000000000000000000001
10101000111001111001000000101000
10000101011001110000000011100000
01001000000000000101100000000000
00010101000000000000000000000000
10011100001000010000000000011000
10000101001000011111111111111100
01000100000000000100100000000000
10000100001000011111111111111000
11010111111000010000111111111100
10111100000001000000000000000000
00010000000000000000000000001010
10011100001000011111111111111100
10111100101001010000000011111111
00001100000000000000000000001011
10011101011000001111111111111111
11011000000001000010100000000000
10011101011000000000000000000001
10011100001000010000000000000100
01000100000000000100100000000000
10000100001000011111111111111100
10011100001000010000000000000100
10101001011001000000000000000000
01000100000000000100100000000000
10000100001000011111111111111100
10011100100000000000000010001010
00000011111111111111111111111000
11010100000000110010000000000000
11100000100001000010101100000110
11010111111000010001011111111000
11010111111000010100111111111100
11010111111000010000111111110100
00000111111111111110111010111001
10011100001000011111111111110100
10111100000010110000000000000000
00010000000000000000000000011101
10101000010010110000000000000000
10011100011000001111111111111100
10000100101010111111111111111100
11100000101001010001100000000011
11100000101001010001100000000000
10111100010001010000000000100100
00010000000000000000000000011100
10111100101001010000000000010011
00010000000000000000000000010000
10101000011010110000000000000000
10011100100000000000000000000000
10111100010001010000000000011011
11010100000010110010000000000000
00001100000000000000000000100000
11010100000010110010000000000100
10011100011000000000000000000000
10111100000001010000000000100100
11010100000010110001100000001000
00001100000000000000000000011001
11010100000010110001100000001100
10011100100000000000000000000000
10011100011010110000000000011000
11010100000010110010000000010000
11010100000010110010000000010100
10011100100000000000000000000000
11010100000000110010000000000000
11010100000000110010000000000100
11010100000000110010000000001000
10011100001000010000000000001100
10101001011000100000000000000000
10000101001000011111111111111100
10000100001000011111111111110100
01000100000000000100100000000000
10000100010000011111111111111000
10011100100000000000000000000000
00000111111111111111001001011010
10101000011010110000000000000000
10011100001000010000000000001100
10101001011000100000000000000000
10000101001000011111111111111100
10000100001000011111111111110100
01000100000000000100100000000000
10000100010000011111111111111000
00000011111111111111111111101101
10011100011010110000000000010000
00000011111111111111111111101011
10011100011010110000000000001000
11010111111000010001011111110000
11010111111000010111011111110100
11010111111000010100111111111100
11010111111000010000111111101100
11010111111000011001011111111000
10111100001001000000000000000000
10011100001000011111111111101100
10101000010001000000000000000000
00001100000000000000000000001101
10101001110000110000000000000000
10111100000000110000000000000000
00010000000000000000000000000110
00010101000000000000000000000000
10000100100000110000000000111000
10111100001001000000000000000000
00001100000000000000000001000000
00010101000000000000000000000000
10011000011000100000000000001100
10111100000000110000000000000000
00001100000000000000000000001010
10101000100000100000000000000000
10011100001000010000000000010100
10011101011000000000000000000000
10000101001000011111111111111100
10000100001000011111111111101100
10000100010000011111111111110000
10000101110000011111111111110100
01000100000000000100100000000000
10000110010000011111111111111000
00000111111111111110100000101001
10101000011011100000000000000000
10101010010010110000000000000000
10000101011000100000000000101100
10111100000010110000000000000000
00010000000000000000000000001000
00010101000000000000000000000000
10000100100000100000000000011100
01001000000000000101100000000000
10101000011011100000000000000000
10111101011010110000000000000000
00001100000000000000000000101011
00010101000000000000000000000000
10010100011000100000000000001100
10100100011000110000000010000000
10111100000000110000000000000000
00001100000000000000000000101000
00010101000000000000000000000000
10000100100000100000000000110000
10111100000001000000000000000000
00010000000000000000000000001001
10011100011000100000000001000000
11100100000001000001100000000000
00010000000000000000000000000101
10011100011000000000000000000000
00000111111111111110101010001000
10101000011011100000000000000000
10011100011000000000000000000000
11010100000000100001100000110000
10000100100000100000000001000100
10111100000001000000000000000000
00010000000000000000000000000110
00010101000000000000000000000000
00000111111111111110101010000000
10101000011011100000000000000000
10011100011000000000000000000000
11010100000000100001100001000100
00000111111111111110100111111101
00010101000000000000000000000000
10011100011000000000000000000000
00000111111111111110100111111111
11011100000000100001100000001100
10011100001000010000000000010100
10101001011100100000000000000000
10000101001000011111111111111100
10000100001000011111111111101100
10000100010000011111111111110000
10000101110000011111111111110100
01000100000000000100100000000000
10000110010000011111111111111000
00000111111111111110100111100100
00010101000000000000000000000000
00000011111111111111111111000001
10011000011000100000000000001100
00000011111111111111111111010111
10011110010000001111111111111111
10000100100000100000000000010000
00000111111111111110101001101000
10101000011011100000000000000000
00000011111111111111111111011000
10000100100000100000000000110000
11010111111000010100111111111100
11010111111000010000111111111000
10011100001000011111111111110100
00000111111111111110110100010100
11010100000000010001100000000000
10000100011000010000000000000000
10101000100000110000000000000000
00000111111111111111111110011111
10101000011010110000000000000000
10011100001000010000000000001100
10000101001000011111111111111100
01000100000000000100100000000000
10000100001000011111111111111000
11010111111000010001011111100100
11010111111000010111011111101000
11010111111000011001011111101100
11010111111000010100111111111100
11010111111000010000111111100000
11010111111000011010011111110000
11010111111000011011011111110100
11010111111000011100011111111000
10011100001000011111111111011100
10101010010000110000000000000000
10101001110001000000000000000000
00000111111111111110110101010011
10101000010001010000000000000000
10111100001010110000000000000001
00001100000000000000000001000000
10011100011011101111111111111111
10011110100000010000000000000011
10011100110000100000000001011100
10101000101011100000000000000000
10101000100101000000000000000000
00000100000000000000000011110101
10101000011100100000000000000000
10111100001010111111111111111111
00001100000000000000000000110011
10101011000010110000000000000000
10111100001010110000000000000000
00001100000000000000000000111100
10010000110000010000000000000011
00000000000000000000000000001011
10011110110000000000000000000000
10000100011000100000000000000000
10011100101000110000000000000001
11010100000000100010100000000000
11011000000000110010000000000000
10011110110101100000000000000001
11100100011101101100000000000000
00010000000000000000000000110010
10011110100101000000000000000001
10010000110101000000000000000000
10000100011000100000000000001000
10100100100001100000000011111111
10011100011000111111111111111111
10111101011000110000000000000000
00010011111111111111111111110011
11010100000000100001100000001000
10000100101000100000000000011000
10101100110001100000000000001010
11100101011000110010100000000000
10100100110001100000000011111111
00010000000000000000000000000011
10011100011000000000000000000001
10011100011000000000000000000000
10100100011000110000000011111111
10111100000000110000000000000000
00010000000000000000000000000100
10111100000001100000000000000000
00001111111111111111111111100110
00010101000000000000000000000000
10101000101000100000000000000000
00000100000000000000000001010101
10101000011100100000000000000000
10111100000010111111111111111111
00001111111111111111111111100101
10011110110101100000000000000001
10011100001000010000000000100100
10000101001000011111111111111100
10000100001000011111111111100000
10000100010000011111111111100100
10000101110000011111111111101000
10000110010000011111111111101100
10000110100000011111111111110000
10000110110000011111111111110100
01000100000000000100100000000000
10000111000000011111111111111000
10010100011000100000000000001100
10101000011000110000000001000000
00000011111111111111111111110100
11011100000000100001100000001100
10111100010000110000000011111110
00010011111111111111111111000001
10111000110011100000000000011000
10101011000010110000000000000000
10011110100000010000000000000011
10111000110001100000000010011000
00000011111111111111111111001000
11011000000000010011000000000011
00000011111111111111111111101010
10101001011011100000000000000000
10011000110001010000000000001100
10100100111001100010000000000000
11010111111000010100111111111100
11010111111000010000111111111000
10111100001001110000000000000000
00010000000000000000000000000111
10011100001000011111111111111000
10000100111001010000000001100100
10101000110001100010000000000000
10101000111001110010000000000000
11011100000001010011000000001100
11010100000001010011100001100100
00000111111111111111111110011100
00010101000000000000000000000000
10011100001000010000000000001000
10000101001000011111111111111100
01000100000000000100100000000000
10000100001000011111111111111000
11010111111000010001011111110100
11010111111000010111011111111000
11010111111000010100111111111100
11010111111000010000111111110000
10011100001000011111111111101100
10101001110000110000000000000000
00000111111111111110110010011010
10101000010001000000000000000000
10111100000010110000000000000000
00010000000000000000000000000110
00010101000000000000000000000000
10000100011010110000000000111000
10111100001000110000000000000000
00001100000000000000000000010101
10101000011010110000000000000000
10011000011000100000000000001100
10100100100000110010000000000000
10111100001001000000000000000000
00010000000000000000000000000110
10101000011000110010000000000000
10000100100000100000000001100100
10101000100001000010000000000000
11011100000000100001100000001100
11010100000000100010000001100100
10101000101000100000000000000000
10101000100011100000000000000000
00000111111111111111111101111100
10101000011010110000000000000000
10011100001000010000000000010100
10000101001000011111111111111100
10000100001000011111111111110000
10000100010000011111111111110100
01000100000000000100100000000000
10000101110000011111111111111000
00000111111111111110100101000000
11010100000000010101100000000000
00000011111111111111111111101011
10000101011000010000000000000000
11010111111000010111011111110100
11010111111000011001011111111000
11010111111000010100111111111100
11010111111000010000111111101100
11010111111000010001011111110000
10111100000000110000000000000000
10011100001000011111111111101000
10101001110000110000000000000000
00010000000000000000000000000110
10101010010001000000000000000000
10000100010000110000000000111000
10111100001000100000000000000000
00001100000000000000000001010111
00010101000000000000000000000000
10011000110001010000000000001100
10100100100001101111111111111111
10000100011001010000000000011000
10100100010001000000000000001000
10111100000000100000000000000000
00010000000000000000000001000101
11010100000001010001100000001000
10000100011001010000000000010000
10111100001000110000000000000000
00001100000000000000000001000001
00010101000000000000000000000000
10100100100001000010000000000000
10111100001001000000000000000000
00001100000000000000000000100111
10100100010100100000000011111111
10000100100001010000000000000000
10000100110001010000000000010100
11100000011001000001100000000010
11100101011000110011000000000000
00010000000000000000000000101101
10011100011000110000000000000001
10000100110001010000000000001000
10011100111001000000000000000001
10011100110001101111111111111111
11010100000001010011100000000000
11010100000001010011000000001000
11011000000001001001000000000000
10000100100001010000000000010100
11100100000001000001100000000000
00010000000000000000000000001001
10111100001000100000000000001010
00010000000000000000000000001110
10101001011000100000000000000000
10010100011001010000000000001100
10100100011000110000000000000001
10111100000000110000000000000000
00010000000000000000000000001001
00010101000000000000000000000000
10101000100001010000000000000000
00000111111111111110011111011000
10101000011011100000000000000000
10111100001010110000000000000000
00010000000000000000000000000011
10011101011000001111111111111111
10101001011000100000000000000000
10011100001000010000000000011000
10000101001000011111111111111100
10000100001000011111111111101100
10000100010000011111111111110000
10000101110000011111111111110100
01000100000000000100100000000000
10000110010000011111111111111000
10000100100001010000000001100100
10011100111000001101111111111111
10101000110001100010000000000000
11100000100001000011100000000011
11011100000001010011000000001100
11010100000001010010000001100100
10000100100001010000000000000000
10000100110001010000000000010100
11100000011001000001100000000010
11100101011000110011000000000000
00001111111111111111111111010111
10011100011000110000000000000001
10101000100001010000000000000000
10101000011011100000000000000000
00000111111111111110011110111101
11010100000000010010100000000000
10111100001010110000000000000000
00010000000000000000000000010100
10000100101000010000000000000000
10000100100001010000000000000000
00000011111111111111111111001101
10011100011000000000000000000001
10101000100001010000000000000000
10101000011011100000000000000000
00000111111111111101111000110000
11010100000000010010100000000000
10111100000010110000000000000000
00001100000000000000000000001010
10000100101000010000000000000000
10011000110001010000000000001100
10000100011001010000000000010000
00000011111111111111111110111000
10100100100001101111111111111111
00000111111111111110100011011001
11010100000000010010100000000000
00000011111111111111111110101001
10000100101000010000000000000000
00000011111111111111111111010100
10011101011000001111111111111111
11010111111000010100111111111100
11010111111000010000111111111000
10011100001000011111111111110000
11010100000000010001100000000100
00000111111111111110110000001101
11010100000000010010000000000000
10000100100000010000000000000000
10000100011000010000000000000100
10101000101001000000000000000000
10101000100000110000000000000000
00000111111111111111111110001101
10101000011010110000000000000000
10011100001000010000000000010000
10000101001000011111111111111100
01000100000000000100100000000000
10000100001000011111111111111000
11010111111000010001011111110100
11010111111000010111011111111000
11010111111000010100111111111100
11010111111000010000111111110000
10111100001001000000000000000000
10011100001000011111111111011100
10101000010000110000000000000000
00001100000000000000000000011010
10101001110001100000000000000000
11010100000000010010000000000100
00000111111111111110101111110111
11010100000000010010100000000000
10000100011010110000000000110100
10000100100000010000000000000100
10111100000000110000000000000000
00010000000000000000000000100000
10000100101000010000000000000000
10000101011000110000000011100000
10101000110011100000000000000000
01001000000000000101100000000000
10101000011000100000000000000000
10111100001010111111111111111111
00010000000000000000000000000101
10011100011000000000000000000000
11010100000011100001100000000000
10011100011000000000000010001010
11010100000000100001100000000000
10011100001000010000000000100100
10000101001000011111111111111100
10000100001000011111111111110000
10000100010000011111111111110100
01000100000000000100100000000000
10000101110000011111111111111000
00000111111111111110101111100000
00010101000000000000000000000000
10000100011010110000000000110100
10111100000000110000000000000000
00010000000000000000000000001101
00010101000000000000000000000000
10000101011000110000000011100000
10101000110011100000000000000000
10011100101000000000000000000000
10011100100000010000000000001000
01001000000000000101100000000000
10101000011000100000000000000000
00000011111111111111111111101001
10111100001010111111111111111111
00011000011000000000000000000001
00000011111111111111111111100001
10101000011000111001000000101000
00011000011000000000000000000001
00000011111111111111111111110100
10101000011000111001000000101000
11010111111000010001011111101100
11010111111000010111011111110000
11010111111000011001011111110100
11010111111000011010011111111000
11010111111000010100111111111100
11010111111000010000111111101000
10011100001000011111111111011100
10101000010000110000000000000000
10101010100001000000000000000000
00000111111111111110101111000011
10101010010001010000000000000000
10111100001000100000000000000000
00001100000000000000000000011100
10101001110010110000000000000000
00000111111111111110101110111110
00010101000000000000000000000000
10000100011010110000000000110100
10111100000000110000000000000000
00010000000000000000000000100100
00010101000000000000000000000000
10000101011000110000000011100000
10101000110100100000000000000000
10101000101101000000000000000000
10101000100000100000000000000000
01001000000000000101100000000000
10101000011011100000000000000000
10111100001010111111111111111111
00010000000000000000000000000101
10011100010000000000000000000000
11010100000100100001000000000000
10011100010000000000000010001010
11010100000011100001000000000000
10011100001000010000000000100100
10000101001000011111111111111100
10000100001000011111111111101000
10000100010000011111111111101100
10000101110000011111111111110000
10000110010000011111111111110100
01000100000000000100100000000000
10000110100000011111111111111000
00000111111111111110101110100100
00010101000000000000000000000000
10000100010010110000000000110100
10111100000000100000000000000000
00010000000000000000000000001101
00010101000000000000000000000000
10000101011000100000000011100000
10101000110100100000000000000000
10011100101000000000000000000000
10101000100000010000000000000000
01001000000000000101100000000000
10101000011011100000000000000000
00000011111111111111111111100111
10111100001010111111111111111111
00011000011000000000000000000001
00000011111111111111111111011101
10101000011000111001000000101000
00011000010000000000000000000001
00000011111111111111111111110100
10101000010000101001000000101000
11010111111000010001011111110000
11010111111000010111011111110100
11010111111000011001011111111000
11010111111000010100111111111100
11010111111000010000111111101100
10111100001001100000000000000000
10011100001000011111111111101100
10101010010001100000000000000000
10101000010001010000000000000000
00010000000000000000000000001001
11100001110001010011000000000000
00000000000000000000000000010100
10011100001000010000000000010100
00000100000000000000000100001010
10011100010000100000000000000001
11100100001000100111000000000000
00001100000000000000000000001110
00010101000000000000000000000000
10010000011000100000000000000000
10111100001000110000000000001010
00010011111111111111111111111001
00010101000000000000000000000000
10011100011000000000000000001101
00000100000000000000000100000000
10011100010000100000000000000001
00000100000000000000000011111110
10010000011000101111111111111111
11100100001000100111000000000000
00010011111111111111111111110110
00010101000000000000000000000000
10011100001000010000000000010100
10101001011100100000000000000000
10000101001000011111111111111100
10000100001000011111111111101100
10000100010000011111111111110000
10000101110000011111111111110100
01000100000000000100100000000000
10000110010000011111111111111000
11010111111000010100111111111100
11010111111000010000111111111000
00000100000000000000001111111100
10011100001000011111111111111000
00000000000000000000000000000000
00010101000000000000000000000000
11010111111000010000111111111100
10011100001000011111111111111100
10011100100000000000000001011000
10011100001000010000000000000100
10011101011000001111111111111111
11010100000000110010000000000000
01000100000000000100100000000000
10000100001000011111111111111100
11010111111000010000111111111100
10011100001000011111111111111100
10011100100000000000000001011000
10011100001000010000000000000100
10011101011000001111111111111111
11010100000000110010000000000000
01000100000000000100100000000000
10000100001000011111111111111100
11010111111000010100111111111100
11010111111000010000111111111000
00000100000000000000001111101101
10011100001000011111111111111000
10011100011000000000000001011000
11010100000010110001100000000000
10011100001000010000000000001000
10011101011000001111111111111111
10000101001000011111111111111100
01000100000000000100100000000000
10000100001000011111111111111000
11010111111000010000111111111100
10011100001000011111111111111100
10011100100000000000000001011000
10011100001000010000000000000100
10011101011000001111111111111111
11010100000000110010000000000000
01000100000000000100100000000000
10000100001000011111111111111100
11010111111000010000111111111100
10011100001000011111111111111100
10011100100000000000000001011000
10011100001000010000000000000100
10011101011000001111111111111111
11010100000000110010000000000000
01000100000000000100100000000000
10000100001000011111111111111100
11010111111000010000111111111100
10011100001000011111111111111100
10011100100000000000000001011000
10011100001000010000000000000100
10011101011000001111111111111111
11010100000000110010000000000000
01000100000000000100100000000000
10000100001000011111111111111100
11010111111000010000111111111100
10011100001000011111111111111100
10011100100000000000000001011000
10011100001000010000000000000100
10011101011000000000000000000000
11010100000000110010000000000000
01000100000000000100100000000000
10000100001000011111111111111100
11010111111000010000111111111100
10011100001000011111111111111100
10011100100000000000000001011000
10011100001000010000000000000100
10011101011000001111111111111111
11010100000000110010000000000000
01000100000000000100100000000000
10000100001000011111111111111100
11010111111000010000111111111100
10011100001000011111111111111100
10011100100000000000000001011000
10011100001000010000000000000100
10011101011000001111111111111111
11010100000000110010000000000000
01000100000000000100100000000000
10000100001000011111111111111100
11010111111000010100111111111100
11010111111000010000111111111000
00000100000000000000001110110010
10011100001000011111111111111000
10011100011000000000000001011000
11010100000010110001100000000000
10011100001000010000000000001000
10011101011000001111111111111111
10000101001000011111111111111100
01000100000000000100100000000000
10000100001000011111111111111000
11010111111000010000111111111100
10011100001000011111111111111100
10011100100000000000000001011000
10011100001000010000000000000100
10011101011000001111111111111111
11010100000000110010000000000000
01000100000000000100100000000000
10000100001000011111111111111100
11010111111000010000111111111100
10011100001000011111111111111100
10011100100000000000000001011000
10011100001000010000000000000100
10011101011000001111111111111111
11010100000000110010000000000000
01000100000000000100100000000000
10000100001000011111111111111100
11010111111000010000111111111100
10011100001000011111111111111100
10011100100000000000000001011000
10011100001000010000000000000100
10011101011000001111111111111111
11010100000000110010000000000000
01000100000000000100100000000000
10000100001000011111111111111100
11010111111000010000111111111100
10011100001000011111111111111100
10011100100000000000000000000101
10011100001000010000000000000100
10011101011000001111111111111111
11010100000000110010000000000000
01000100000000000100100000000000
10000100001000011111111111111100
11010111111000010000111111111100
10011100001000011111111111111100
10011100100000000000000000000101
10011100001000010000000000000100
10011101011000001111111111111111
11010100000000110010000000000000
01000100000000000100100000000000
10000100001000011111111111111100
00011000011000000000000000000001
11010111111000010000111111111100
10101000011000110010110000110100
10011100001000011111111111111100
10000100011000110000000000000000
10011100011000110000000000000010
10001100011000110000000000000000
10011100001000010000000000000100
01000100000000000100100000000000
10000100001000011111111111111100
11010111111000010001011111110100
00011000010000000000000000000001
11010111111000010111011111111000
10101000010000100010110000110100
11010111111000010100111111111100
10000101110000100000000000000000
11010111111000010000111111110000
10111100000011100000000000000000
00010000000000000000000000101100
10011100001000011111111111110000
00011000011000000000000000000001
00011000101000000000000000000001
10101000011000110010110000111000
10011100110000000000000000000000
10000100100000110000000000000000
00011000011000000000000000000001
10101000101001011001101000110100
10101000011000110010110000110000
10111000100001000000000000000100
10000100011000110000000000000000
11010100000001010011000000000000
00000100000000000000001101101010
10011101110011100000000000000011
10011100011000001111111110000000
10100100100010110000000011111111
11011000000011100001100000000000
10100101011010111111111111111111
10000100011000100000000000000000
10011100110000001111111111000011
11011000000000110010000000000000
10111000011010110000000001001000
10000100100000100000000000000000
10011101011000000000000000000000
10011100100001000000000000000001
11011000000001000001100000000000
10011100100000000000000000000011
10000100011000100000000000000000
10011100011000110000000000000011
11011000000000110010000000000000
10000100011000100000000000000000
10011100011000110000000000000010
11011000000000110011000000000000
10011100011000000000000000000000
10000100010000100000000000000000
10011100010000100000000000000001
11011000000000100001100000000000
10011100001000010000000000010000
10000101001000011111111111111100
10000100001000011111111111110000
10000100010000011111111111110100
01000100000000000100100000000000
10000101110000011111111111111000
00000011111111111111111111111010
10011101011000001111111111111111
00011000100000000000000000000001
10111000011000110000000000011000
10101000100001000010110000110100
11010111111000010000111111111100
10000100110001000000000000000000
10111000011000110000000010011000
10011100001000011111111111111100
10011100101001100000000000000101
10001100100001010000000000000000
10100100100001000000000000100000
10111100000001000000000000000000
00010011111111111111111111111101
00010101000000000000000000000000
10100100011000110000000011111111
11011000000001100001100000000000
10011100001000010000000000000100
01000100000000000100100000000000
10000100001000011111111111111100
11010111111000010001011111111000
00011000010000000000000000000001
11010111111000010100111111111100
10101000010000100010110000110100
11010111111000010000111111110100
10000100100000100000000000000000
00011000010000000000000000000001
10011100100001000000000000000001
10101000010000101001101000110100
10011100001000011111111111110100
11010100000000100001100000000000
10011100010000000000000000000001
10011100101000000000000000000000
11011000000001000001000000000000
00011000010000000000000000000001
00011000100000000000000000000001
10101000010000100010110000111100
10101000100001000001111001011000
00000100000000000000000011011111
10000100011000100000000000000000
00000100000000000000000100110011
10000100011000100000000000000000
10011100001000010000000000001100
10000101001000011111111111111100
10000100001000011111111111110100
01000100000000000100100000000000
10000100010000011111111111111000
00011000100000000000000000000001
10101000100001000010110000110100
10000100100001000000000000000000
11100100000001000000000000000000
00010000000000000000000000000100
00010101000000000000000000000000
00000011111111111111111111001101
00010101000000000000000000000000
01000100000000000100100000000000
00010101000000000000000000000100
10110100011000000000000000000001
10100100100000110000000000000100
11100100000001000000000000000000
00010000000000000000000000100001
00010101000000000000000000000000
10110100110000000000000000010001
10011100101000001111111111111111
10101100101001010000000000010000
11100000101001100010100000000011
11000000000000000010100000010001
10110100011000000000000000000110
10100100100000110000000010000000
10111000111001000000000001000111
10101001000000000000000000010000
11100001110010000011100000001000
10100100100000110000000001111000
10111000111001000000000001000011
10101001000000000000000000000001
11100001101010000011100000001000
10011100110000000000000000000000
11100000101011100011100000001000
11000000100000000011000000000010
11100100001001100010100000000000
00010011111111111111111111111110
11100000110001100111000000000000
10110100110000000000000000010001
10101000110001100000000000010000
11000000000000000011000000010001
00010101000000000000000000000000
00010101000000000000000000000000
00010101000000000000000000000000
00010101000000000000000000000000
00010101000000000000000000000000
00010101000000000000000000000000
00010101000000000000000000000000
00010101000000000000000000000000
10110100011000000000000000000001
10100100100000110000000000000010
11100100000001000000000000000000
00010000000000000000000000011001
00010101000000000000000000000000
10110100110000000000000000010001
10011100101000001111111111111111
10101100101001010000000000001000
11100000101001100010100000000011
11000000000000000010100000010001
10110100011000000000000000000101
10100100100000110000000010000000
10111000111001000000000001000111
10101001000000000000000000010000
11100001110010000011100000001000
10100100100000110000000001111000
10111000111001000000000001000011
10101001000000000000000000000001
11100001101010000011100000001000
10011100110000000000000000000000
11100000101011100011100000001000
11000000011000000011000000000011
11100100001001100010100000000000
00010011111111111111111111111110
11100000110001100111000000000000
10110100110000000000000000010001
10101000110001100000000000001000
11000000000000000011000000010001
01000100000000000100100000000000
00010101000000000000000000000000
10110101101000000000000000010001
10101001101011010000000000010000
11000000000000000110100000010001
00010101000000000000000000000000
00010101000000000000000000000000
00010101000000000000000000000000
00010101000000000000000000000000
00010101000000000000000000000000
01000100000000000100100000000000
00010101000000000000000000000000
10110101101000000000000000010001
10011101100000001111111111111111
10101101100011000000000000010000
11100001100011010110000000000011
11000000000000000110000000010001
01000100000000000100100000000000
00010101000000000000000000000000
01000100000000000100100000000000
11000000100000000001100000000010
10110101101000000000000000010001
10101001101011010000000000001000
11000000000000000110100000010001
00010101000000000000000000000000
00010101000000000000000000000000
00010101000000000000000000000000
00010101000000000000000000000000
00010101000000000000000000000000
01000100000000000100100000000000
00010101000000000000000000000000
10110101101000000000000000010001
10011101100000001111111111111111
10101101100011000000000000001000
11100001100011010110000000000011
11000000000000000110000000010001
01000100000000000100100000000000
00010101000000000000000000000000
01000100000000000100100000000000
11000000011000000001100000000011
11010100000000010001000000001000
11010100000000010010100000010100
11010100000000010011000000011000
11010100000000010011100000011100
11010100000000010100000000100000
11010100000000010100100000100100
11010100000000010101000000101000
11010100000000010101100000101100
11010100000000010110000000110000
11010100000000010110100000110100
11010100000000010111000000111000
11010100000000010111100000111100
11010100000000011000000001000000
11010100000000011000100001000100
11010100000000011001000001001000
11010100000000011001100001001100
11010100000000011010000001010000
11010100000000011010100001010100
11010100000000011011000001011000
11010100000000011011100001011100
11010100000000011100000001100000
11010100000000011100100001100100
11010100000000011101000001101000
11010100000000011101100001101100
11010100000000011110000001110000
11010100000000011110100001110100
11010100000000011111000001111000
11010100000000011111100001111100
10110101110000000000000000100000
11010100000000010111000010000000
10110101110000000000000001000000
11010100000000010111000010000100
00011010100000000000000000000001
10101010100101001001010110101000
10000110100101000000000000000000
00011010101000000000000000000001
10101010101101011001101101001000
11010100000101011010000000000000
10100101101000111111111100000000
10111001101011010000000001000110
10011101101011011111111111111000
00011001110000000000000000000001
10101001110011101001101101100100
11100001110011100110100000000000
10000101101011100000000000000000
11100100001011010000000000000000
00001100000000000000000000110100
00010101000000000000000000000000
01001000000000000110100000000000
11100000011001000010000000000100
00011010100000000000000000000001
10101010100101001001101101001100
10000110100101000000000000000000
00011010101000000000000000000001
10101010101101011001101101001000
11010100000101011010000000000000
00011000010000000000000000000001
10101000010000101001101101010000
10000100011000100000000000000000
10011100011000111111111111111111
11010100000000100001100000000000
10000100010000010000000010000000
11000000000000000001000000100000
10000100010000010000000010000100
11000000000000000001000001000000
10000100010000010000000000001000
10000100011000010000000000001100
10000100100000010000000000010000
10000100101000010000000000010100
10000100110000010000000000011000
10000100111000010000000000011100
10000101000000010000000000100000
10000101001000010000000000100100
10000101010000010000000000101000
10000101011000010000000000101100
10000101100000010000000000110000
10000101101000010000000000110100
10000101110000010000000000111000
10000101111000010000000000111100
10000110000000010000000001000000
10000110001000010000000001000100
10000110010000010000000001001000
10000110011000010000000001001100
10000110100000010000000001010000
10000110101000010000000001010100
10000110110000010000000001011000
10000110111000010000000001011100
10000111000000010000000001100000
10000111001000010000000001100100
10000111010000010000000001101000
10000111011000010000000001101100
10000111100000010000000001110000
10000111101000010000000001110100
10000111110000010000000001111000
10000111111000010000000001111100
10000100001000010000000000000100
00100100000000000000000000000000
00010101000000000000000000000000
00000111111111111101000101111011
11100000011001000010000000000100
11010111111000010001011111111100
00011000010000000000000000000001
10111000011000110000000000000010
10101000010000101001101000111000
11010111111000010000111111111000
11100000110000110001000000000000
00011000010000000000000000000001
10011100001000011111111111111000
10101000010000101001101010111000
11010100000001100010000000000000
11100000011000110001000000000000
11010100000000110010100000000000
10011100001000010000000000001000
10000100001000011111111111111000
01000100000000000100100000000000
10000100010000011111111111111100
11010111111000010000111111111100
10011100100000000000000000010001
10011100001000011111111111111100
10110100011001000000000000000000
10101000011000110000000000000100
11000000000001000001100000000000
10011100001000010000000000000100
01000100000000000100100000000000
10000100001000011111111111111100
11010111111000010000111111111000
11010111111000010001011111111100
10011100011000000000000000010001
10011100001000011111111111111000
10110101011000110000000000000000
10011100010000001111111111111011
11100000100010110001000000000011
11000000000000110010000000000000
10011100001000010000000000001000
10111001011010110000000001000010
10000100001000011111111111111000
10100101011010110000000000000001
01000100000000000100100000000000
10000100010000011111111111111100
11010111111000010000111111111000
11010111111000010001011111111100
10011100100000000000000000010001
10011100001000011111111111111000
10110100100001000000000000000000
10011100010000001111111111111011
10111100001000110000000000000000
11100000100001000001000000000011
00010000000000000000000000000011
10011100101000000000000000000100
10101000101000110000000000000000
11100000011001010010000000000100
10011100100000000000000000010001
11000000000001000001100000000000
10011100001000010000000000001000
10000100001000011111111111111000
01000100000000000100100000000000
10000100010000011111111111111100
10011100001000011111111111111100
11010100000000010100100000000000
10110110100000000100100000000010
00011010000000000000000000000001
10101010000100001001101000111000
00011010010000000000000000000001
10101010010100101001101010111000
11100000100101000000000000001111
11100100001001000000000000000000
00001100000000000000000000010000
00010101000000000000000000000000
10011110110001001111111111111111
10111000110101100000000000000010
11100001110001101000000000000000
11100001101001101001000000000000
10000101110011100000000000000000
11100100001011100000000000000000
00001100000000000000000000000100
00010101000000000000000000000000
01001000000000000111000000000000
10000100011011010000000000000000
10101000110000000000000000000001
11100000110001101011000000001000
00000011111111111111111111110000
11100010100101000011000000000101
10000101001000010000000000000000
11000001001000001010000000000010
01000100000000000100100000000000
10011100001000010000000000000100
10011100001000011111111111111100
11010100000000010010000000000000
10101000100000000000000000000001
11100000100001000001100000001000
10110100011000000100100000000000
11100000011000110010000000000100
11000001001000000001100000000000
10000100100000010000000000000000
01000100000000000100100000000000
10011100001000010000000000000100
10011100001000011111111111111100
11010100000000010010000000000000
10101000100000000000000000000001
11100000100001000001100000001000
10101100100001001111111111111111
10110100011000000100100000000000
11100000011000110010000000000011
11000001001000000001100000000000
10000100100000010000000000000000
01000100000000000100100000000000
10011100001000010000000000000100
11010111111000010100111111111100
11010111111000010001011111101000
11010111111000010111011111101100
11010111111000011001011111110000
11010111111000011010011111110100
11010111111000011011011111111000
11010111111000010000111111100100
10011100001000011111111111100100
10101010010001000000000000000000
00000111111111111111111110100101
00011000010000000000000000000001
00000100000000000000000101101011
10101010100010110000000000000000
10101000010000101001010110100100
00011000011000000000000000000001
10011100100000000000000000000000
10101000011000111001101100111000
10000100101000100000000000000000
10101010110010110000000000000000
00000100000000000000000010111010
10101001110000110000000000000000
10000100010011100000000000000000
00011000011000000000000000000001
11100000101000101001000000000000
10101000011000111001101100111000
00000100000000000000000010110100
10101000100000100000000000000000
11100100001000100101100000000000
00010011111111111111111111111001
00010101000000000000000000000000
00000100000000000000000101100110
10101000011101100000000000000000
00000111111111111111111110011100
10101000011101000000000000000000
10011100001000010000000000011100
10101001011000100000000000000000
10000101001000011111111111111100
10000100001000011111111111100100
10000100010000011111111111101000
10000101110000011111111111101100
10000110010000011111111111110000
10000110100000011111111111110100
01000100000000000100100000000000
10000110110000011111111111111000
11010111111000010001011111011000
00011000010000000000000000000001
10011100111000000000010000100100
10101000010000101000110000000000
11010111111000010100111111111100
10000100011000100000000000000000
11010111111000010111011111011100
11010111111000011001011111100000
11010111111000011010011111100100
11010111111000011011011111101000
11010111111000011100011111101100
11010111111000011101011111110000
11010111111000011110011111110100
11010111111000011111011111111000
10101000101001110000000000000000
11010111111000010000111111010100
10011100100000000000000000000000
10011100001000011111111111010000
10011111000000000011001100001110
00000111111111111110110111010110
11010100000000010011100000000000
10000100110000100000000000000000
10011111100000001010101111001101
10011111010000000001001000110100
10011110110000001110011001101101
10011110100000001101111011101100
10011110010000000000000000000101
10011101110000000000000000001011
11011100000001101100000010101100
11011100000001101110000010101110
11011100000001101101000010110000
11011100000001101011000010110010
11011100000001101010000010110100
11011100000001101001000010110110
11011100000001100111000010111000
00011011110000000000000000000001
10000100111000010000000000000000
10011100101001100000001011101100
10011100100001100000001101010100
10011100011001100000001110111100
10101011110111101001010110101000
11010100000001100010100000000100
11010100000001100010000000001000
11010100000001100001100000001100
10101000101001110000000000000000
10000100011111100000000000000000
10011100111000000000000000000000
10011101000000000000000000000001
11010100000001100011100010100100
11010100000001100100000010101000
00000111111111111110110110110111
10011100100000000000000000000000
10000100011111100000000000000000
10000100010000100000000000000000
10011100100000110000001110111100
10011100101000110000001101010100
11010100000000110010000000001100
00011000100000000000000000000001
11010100000000110010100000001000
10101000100001001001101101001100
10011100110000110000001011101100
11010100000001000001000000000000
00011000100000000000000000000001
10011100101000000000000000000001
10101000100001001001101101001000
11011100000000111100000010101100
11010100000001000001000000000000
10011100100000000000000000000000
11011100000000111110000010101110
11011100000000111101000010110000
11011100000000111011000010110010
11011100000000111010000010110100
11011100000000111001000010110110
11011100000000110111000010111000
11010100000000110010000010100100
11010100000000110010100010101000
11010100000000110011000000000100
10011100001000010000000000110000
10000101001000011111111111111100
10000100001000011111111111010100
10000100010000011111111111011000
10000101110000011111111111011100
10000110010000011111111111100000
10000110100000011111111111100100
10000110110000011111111111101000
10000111000000011111111111101100
10000111010000011111111111110000
10000111100000011111111111110100
01000100000000000100100000000000
10000111110000011111111111111000
00011000011000000000000000000001
11010111111000010000111111111100
10101000011000111001101101001000
10011100001000011111111111111100
10000101011000110000000000000000
10011100001000010000000000000100
01000100000000000100100000000000
10000100001000011111111111111100
11010111111000010000111111111100
10011100001000011111111111111100
10011100001000010000000000000100
01000100000000000100100000000000
10000100001000011111111111111100
11010111111000010100111111111100
11010111111000010001011111111000
11010111111000010000111111110100
10011100001000011111111111110100
00000111111111111111111111110111
10011100010000000000000000000000
00011000100000000000000000000001
00011000011000000000000000000001
10101000100001000010010001001000
10101000011000111001101101100100
11010100000000110010000000011000
00011000011000000000000000000001
10101000011000111001101101010000
11010100000000110001000000000000
10011100001000010000000000001100
10000101001000011111111111111100
10000100001000011111111111110100
01000100000000000100100000000000
10000100010000011111111111111000
11010111111000010100111111111100
11010111111000010001011111111000
11010111111000010000111111110100
00000111111111111111111100000101
10011100001000011111111111110100
00000100000000000000000011001011
10101000010010110000000000000000
10011100001000010000000000001100
11100000010000100001000000000000
10000101001000011111111111111100
10000100001000011111111111110100
11100001011000100101100000000100
01000100000000000100100000000000
10000100010000011111111111111000
11010111111000010100111111111100
11010111111000010001011111111000
11010111111000010000111111110100
10101000010000110000000000000000
10011100001000011111111111110100
00000100000000000000000011001011
10100100011000110000000000000001
10111000011000100000000001000001
00000111111111111111111100000000
10100100011000110000000000000001
10011100001000010000000000001100
10000101001000011111111111111100
10000100001000011111111111110100
01000100000000000100100000000000
10000100010000011111111111111000
01000100000000000100100000000000
11100001011000000000000000000100
01000100000000000100100000000000
11100001011000000000000000000100
01000100000000000100100000000000
10101001011000000000000000000001
01000100000000000100100000000000
10000101011000110000000000000000
01000100000000000100100000000000
11010100000000110010000000000000
10000101011000110000000000000000
11100100000010110010000000000000
00001100000000000000000000000011
00010101000000000000000000000000
11010100000000110010100000000000
01000100000000000100100000000000
00010101000000000000000000000000
11100000100000000000000000000100
00000011111111111111111111111000
10011100101000000000000000000001
10011100011000111111111111111110
11010111111000010001011111111100
00011000010000000000000000000001
10111000011000110000000000000010
10101000010000101001101101100100
11010111111000010000111111111000
11100000011000110001000000000000
10011100001000011111111111111000
11010100000000110010000000000000
10011100001000010000000000001000
10000100001000011111111111111000
01000100000000000100100000000000
10000100010000011111111111111100
00011000101000000000000000000001
11010111111000010000111111111000
10101000101001011001101100111100
11010111111000010001011111111100
10000100011001010000000000000000
10011100001000011111111111111000
10011100011000110000000000000001
10011100100000000101000000000000
11010100000001010001100000000000
10110100011001000000000000000000
00011000010000000010111111111111
10101000010000101111111111111111
11100000011000110001000000000011
00011000010000000110000000000000
11100000011000110001000000000100
11000000000001000001100000000000
10011100001000010000000000001000
10000100001000011111111111111000
01000100000000000100100000000000
10000100010000011111111111111100
11010111111000011001011111111000
11010111111000010100111111111100
11010111111000010000111111101100
11010111111000010001011111110000
11010111111000010111011111110100
10011110010000000000000000000001
10011100001000011111111111101100
10110100101100100000000000000000
10111000101001010000000001001010
11100000101001011001000000000011
10111100000001010000000000000000
00010000000000000000000000100000
00011000010000000000000000000001
10101000100000110000000000000000
10101000010000100010110000110000
00011001110000000000000000000001
10000100011000100000000000000000
00000100000000000000000011010010
00011000010000000000111111111111
10101000010000101111111111111111
10101001110011101001101100111100
11100001011010110001000000000011
10011100010000000101000000000000
11010100000011100101100000000100
11000000000000100101100000000000
00011000100000000000000000000001
10011100010000000000000000000000
10101000100001000010100010100000
10011100011000000000000000000101
11010100000011100001000000000000
00000111111111111111111111000001
00010101000000000000000000000000
10011100011000000101000000000001
11010100000011101001000000001000
11000000000000110001000000000000
10101001011000100000000000000000
10011100001000010000000000010100
10000101001000011111111111111100
10000100001000011111111111101100
10000100010000011111111111110000
10000101110000011111111111110100
01000100000000000100100000000000
10000110010000011111111111111000
00000011111111111111111111111001
10011101011000001111111111111111
10101000100000110000000000000000
00011000011000000000000000000001
11010111111000010001011111111000
10101000011000110010110000110000
00011000010000000000111111111111
11010111111000010100111111111100
11010111111000010000111111110100
10000100011000110000000000000000
10011100001000011111111111110100
00000100000000000000000010101101
10101000010000101111111111111111
10011100100000000101000000000000
11100001011010110001000000000011
10110100011001000000000000000000
00011000010000001111000000000000
11100000011000110001000000000011
11100000011010110001100000000100
11000000000001000001100000000000
00011000011000000000000000000001
10101000011000111001101100111100
11010100000000110101100000000100
10011100001000010000000000001100
10000101001000011111111111111100
10000100001000011111111111110100
01000100000000000100100000000000
10000100010000011111111111111000
11010111111000010100111111111100
11010111111000010000111111111000
10101000100000110000000000000000
10011100001000011111111111111000
00000111111111111111111110010100
10011100011000000000000000000101
10011100001000010000000000001000
10000101001000011111111111111100
01000100000000000100100000000000
10000100001000011111111111111000
00011000100000000000000000000001
11010111111000010000111111111000
10101000100001001001101100111100
11010111111000010001011111111100
10011100101000000101000000000000
10011100001000011111111111111000
11010100000001000001100000001000
10110100100001010000000000000000
10111000110001000000000001011110
10111100000001100000000000000000
00010000000000000000000000000111
10111000011000110000000000011110
00011000010000000011111111111111
10101000010000101111111111111111
11100000100001000001000000000011
11100000100000110010000000000100
11000000000001010010000000000000
10011100001000010000000000001000
10000100001000011111111111111000
01000100000000000100100000000000
10000100010000011111111111111100
11010111111000010000111111111000
11010111111000010001011111111100
10011100101000000101000000000000
10011100001000011111111111111000
10110100011001010000000000000000
00011000010000000011111111111111
10101000010000101111111111111111
11100000100000110001000000000011
00011000011000000000000000000001
00011000010000000010000000000000
10101000011000111001101100111100
10000100011000110000000000001000
10111000011000110000000000011110
11100000011000110001000000000100
11100000011000110010000000000100
11000000000001010001100000000000
10011100100000000000000000010001
10110100011001000000000000000000
10101000011000110000000000000010
11000000000001000001100000000000
10011100001000010000000000001000
10000100001000011111111111111000
01000100000000000100100000000000
10000100010000011111111111111100
11010111111000010000111111111000
11010111111000010001011111111100
10011100011000000000000000010001
10011100001000011111111111111000
10110101011000110000000000000000
10011100010000001111111111111101
11100000100010110001000000000011
11000000000000110010000000000000
10011100001000010000000000001000
10111001011010110000000001000001
10000100001000011111111111111000
10100101011010110000000000000001
01000100000000000100100000000000
10000100010000011111111111111100
11010111111000010000111111111000
11010111111000010001011111111100
10011100100000000000000000010001
10011100001000011111111111111000
10110100100001000000000000000000
10011100010000001111111111111101
10111100001000110000000000000000
11100000100001000001000000000011
00010000000000000000000000000011
10011100101000000000000000000010
10101000101000110000000000000000
11100000011001010010000000000100
10011100100000000000000000010001
11000000000001000001100000000000
10011100001000010000000000001000
10000100001000011111111111111000
01000100000000000100100000000000
10000100010000011111111111111100
11010111111000010000111111111000
11010111111000010001011111111100
10011100100000000101000000000000
10011100001000011111111111111000
10110100011001000000000000000000
00011000010000000011111111111111
10101000010000101111111111111111
11100000011000110001000000000011
11000000000001000001100000000000
10011100001000010000000000001000
10000100001000011111111111111000
01000100000000000100100000000000
10000100010000011111111111111100
11010111111000010000111111111000
11010111111000010001011111111100
10011100100000000101000000000000
10011100001000011111111111111000
10110100011001000000000000000000
00011000010000001110111111111111
10101000010000101111111111111111
11100000011000110001000000000011
11000000000001000001100000000000
10011100100000000000000000000000
10011100011000000101000000000001
11000000000000110010000000000000
10011100001000010000000000001000
10000100001000011111111111111000
01000100000000000100100000000000
10000100010000011111111111111100
00011000011000000000000000000001
11010111111000010000111111111100
10101000011000111001101100111100
10011100001000011111111111111100
10000101011000110000000000000000
10011100001000010000000000000100
01000100000000000100100000000000
10000100001000011111111111111100
00011000011000000000000000000001
11010111111000010001011111111100
10101000011000111001101100111100
10011100010000000000000000000000
11010111111000010000111111111000
10011100001000011111111111111000
11010100000000110001000000000000
10011100001000010000000000001000
10000100001000011111111111111000
01000100000000000100100000000000
10000100010000011111111111111100
00000000000000000000000000000000
00000000100000000000000000000000
00000101111101011110000100000000
00000000000000000000000000000000
00000000000000011100001000000000
00000000000000000000000000001101
00010101000000000000000000001100
00000000000000000000000000000000
00010101000000000000000000000000
01000100000000000100100000000000
00010101000000000000000000000000
01000100000000000100100000000000
00010101000000000000000000000000
11010111111000010100111111111100
11010111111000010000111111111000
00000111111111111110011101100011
10011100001000011111111111111000
10011100001000010000000000001000
10000101001000011111111111111100
01000100000000000100100000000000
10000100001000011111111111111000
10011100001000011111111111111100
11010100000000010100100000000000
10011101011000000000000000000000
10011101000001000000000000000000
10011100101000110000000000000000
11100100001010000101100000000000
00001100000000000000000000110110
10011100111000000000000000000000
11100100010010000010100000000000
00010000000000000000000000110010
11100100000010000010100000000000
00010000000000000000000000101110
11100100100010110100000000000000
00001100000000000000000000001101
10011101101000000000000000100000
00011001001000001000000000000000
10011100110000001111111111111111
11100000011001010100100000000011
10111000100001110000000000000001
10011101111001010000000000000000
10111000011000110000000001011111
11100001101011010011000000000000
11100000111001000001100000000100
11100100100001110100000000000000
00010011111111111111111111111001
10111000101001010000000000000001
10111000111001110000000001000001
10011101101011010000000000000001
10011101001000000000000000000000
11100100100010010110100000000000
00001100000000000000000000011110
10011100101011110000000000000000
00011001111000001000000000000000
10011110001000000000000000000000
11100000011001010111100000000011
10111000100001110000000000000001
10111000011000110000000001011111
11100000111001000001100000000100
11100000110001110100000000000010
11100000011001100111100000000011
10111000011000110000000001011111
10011100100000000000000000000000
11100100001000110010000000000000
00010000000000000000000000000011
10111000011010110000000000000001
10011100100000000000000000000001
10111000101001010000000000000001
11100100001001001000100000000000
00001100000000000000000000000011
11100001011000110010000000000100
10011100111001100000000000000000
10011101001010010000000000000001
11100100100010010110100000000000
00010011111111111111111111101101
00010101000000000000000000000000
00000000000000000000000000000101
00010101000000000000000000000000
00000000000000000000000000000011
10011101011000000000000000000001
10011100111001010000000000000000
10000101001000010000000000000000
01000100000000000100100000000000
10011100001000010000000000000100
10011100001000011111111111111000
11010100000000010100100000000000
11010100000000010111000000000100
10011100101000110000000000000000
10011101110000000000000000000000
11100101100001010000000000000000
00001100000000000000000000000100
10011100011000000000000000000000
10011101110000000000000000000001
11100000101000000010100000000010
11100101100001000000000000000000
00001100000000000000000000000100
00010101000000000000000000000000
10011101110011100000000000000001
11100000100000000010000000000010
00000111111111111111111110110010
10011100011001010000000000000000
10111100000011100000000000000001
00001100000000000000000000000011
00010101000000000000000000000000
11100001011000000101100000000010
10000101001000010000000000000000
10000101110000010000000000000100
01000100000000000100100000000000
10011100001000010000000000001000
10011100001000011111111111111100
11010100000000010100100000000000
00000111111111111111111110100110
00010101000000000000000000000000
10011101011001110000000000000000
10000101001000010000000000000000
01000100000000000100100000000000
10011100001000010000000000000100
10011100001000011111111111111000
11010100000000010100100000000000
11010100000000010111000000000100
10011101110000000000000000000000
11100101100000110000000000000000
00001100000000000000000000000100
00010101000000000000000000000000
10011101110000000000000000000001
11100000011000000001100000000010
11100101100001000000000000000000
00001100000000000000000000000011
00010101000000000000000000000000
11100000100000000010000000000010
00000111111111111111111110010011
00010101000000000000000000000000
10111100000011100000000000000001
00001100000000000000000000000011
10011101011001110000000000000000
11100001011000000101100000000010
10000101001000010000000000000000
10000101110000010000000000000100
01000100000000000100100000000000
10011100001000010000000000001000
11010111111000010001011111101100
00011000010000000000000000001111
11010111111000011001011111110100
10101000010000101111111111111111
10111010010000110000000001011111
11100000111000110001000000000011
11100001000001010001000000000011
10111001101001010000000001011111
10111000011000110000000001010100
10111001100001110000000000000011
10111001011010000000000000000011
10111000111001000000000001011101
10111001000001100000000001011101
10111000101001010000000001010100
11010111111000010111011111110000
11010111111000010100111111111100
11010111111000010000111111101000
11010111111000011010011111111000
11100100001100100110100000000000
10100100010000110000011111111111
10011100001000011111111111101000
10101000011100100000000000000000
11100000111011000011100000000100
10111001110001000000000000000011
10100100101001010000011111111111
11100001000010110100000000000100
00001100000000000000000010011110
10111000110001100000000000000011
11100000011000100010100000000010
10111101101000110000000000000000
00010000000000000000000011101011
10111100001001010000000000000000
00010000000000000000000000111011
10111100000000100000011111111111
11100000100010000011000000000100
10111100000001000000000000000000
00001100000000000000000011001010
10011100011000111111111111111111
10100100011011100000000000000111
10111100000000110000000000000000
00010000000000000000000000001100
00011000100000000000000010000000
10100100011011100000000000001111
10111100000000110000000000000100
00010000000000000000000000000111
10011100011011100000000000000100
11100100010011100001100000000000
00001100000000000000000010111101
10011100100000000000000000000001
11100000111001110010000000000000
10101001110000110000000000000000
00011000100000000000000010000000
11100000011001110010000000000011
10111100000000110000000000000000
00010000000000000000000001110111
10111000100001110000000000011101
10011100010000100000000000000001
10111100001000100000011111111111
00001100000000000000000011101000
00011001011000001111111101111111
00011000011000000000000000001111
10101001011010111111111111111111
10111001110011100000000001000011
11100000111001110101100000000011
10101000011000111111111111111111
10111000100001110000000000011101
10111000111001110000000001000011
10100100010000100000011111111111
11100001110001000111000000000100
11100000111001110001100000000011
10101000011100100000000000000000
00011000101000000000000000001111
10100100010000100000011111111111
10101000101001011111111111111111
10111000010000100000000000010100
11100000111001110010100000000011
10111000011000110000000000011111
11100000111001110001000000000100
10011100001000010000000000011000
11100000111001110001100000000100
10101000101011100000000000000000
10101000100001110000000000000000
10000101001000011111111111111100
10000100001000011111111111101000
11100001011001000000000000000100
11100001100001010000000000000100
10000100010000011111111111101100
10000101110000011111111111110000
10000110010000011111111111110100
01000100000000000100100000000000
10000110100000011111111111111000
00010011111111111111111111001011
00011000100000000000000010000000
11100001000010000010000000000100
10111101010000110000000000111000
00010000000000000000000011010010
10111101010000110000000000011111
00010000000000000000000011111110
10011100100000111111111111100000
10011100101000000000000000100000
11100000100001100001100001001000
11100000101001010001100000000010
11100000011010000001100001001000
11100000110001100010100000001000
11100001000010000010100000001000
11100000101000000011000000000010
11100000100010000010000000000100
11100000110001010011000000000100
10111000110001100000000001011111
11100000100001000011000000000100
11100000100011100010000000000010
11100000111001110001100000000010
11100100100011100010000000000000
00010000000000000000000000000011
10011100011000000000000000000001
10011100011000000000000000000000
11100000111001110001100000000010
10101001110001000000000000000000
00011000100000000000000010000000
11100000011001110010000000000011
10111100000000110000000000000000
00010000000000000000000000110000
10100100011011100000000000000111
00011000101000000000000001111111
10101000101001011111111111111111
11100010100001110010100000000011
10111100000101000000000000000000
00010000000000000000000010101110
00010101000000000000000000000000
00000100000000000000110000000000
10101000011101000000000000000000
10011100100010111111111111111000
10111101010001000000000000011111
00010000000000000000000010100101
10011101011010111111111111011000
10011100011000000000000000100000
11100001011101000010000000001000
11100000011000110010000000000010
11100000011011100001100001001000
11100001110011100010000000001000
11100001011000110101100000000100
11100101010000100010000000000000
00010000000000000000000010011000
00011000011000001111111101111111
11100000010001000001000000000010
10011100111000100000000000000001
10111101010001110000000000011111
00010000000000000000000010111110
10111100000001110000000000100000
10011100010000000000000000100000
11100000100011100011100001001000
11100000010000100011100000000010
11100000111010110011100001001000
11100000011011100001000000001000
11100001011010110001000000001000
10011100010000000000000000000000
11100001110000000001100000000010
11100001011010110010000000000100
11100000011011100001100000000100
10111000011000110000000001011111
00000011111111111111111110000110
11100001110010110001100000000100
11100000111001000001100000000100
10111100000001110000000000000000
00010000000000000000000111110011
10101001110001110000000000000000
10101000111000110000000000000000
10101001110001000000000000000000
10100100011011100000000000000111
10111100001000110000000000000000
00010011111111111111111110000001
10100100011011100000000000001111
10111000100001110000000000011101
10111001110011100000000001000011
10111000111001110000000001000011
10101000011100100000000000000000
11100001110001000111000000000100
10111100000000100000011111111111
00010000000000000000000000110001
00011000101000000000000000001111
10100100010000100000011111111111
10101000101001011111111111111111
00000011111111111111111110010001
11100000111001110010100000000011
11100000100000100010100000000010
10111101101001000000000000000000
00010000000000000000000001111101
10111100001001010000000000000000
00001100000000000000000000111101
10111100000000100000011111111111
00010011111111111111111101101000
10111101010001000000000000111000
00011000101000000000000010000000
11100001000010000010100000000100
00001100000000000000000011010010
10111101010001000000000000011111
11100000110010000011000000000100
10011100100000000000000000000000
11100000101000000011000000000010
11100000110001010011000000000100
10111000101001100000000001011111
11100000101001010111000000000000
11100000111001000011100000000000
11100100010011100010100000000000
00010000000000000000000000000011
10011100100000000000000000000001
10011100100000000000000000000000
11100000111001000011100000000000
10101001110001010000000000000000
00011000101000000000000010000000
11100000100001110010100000000011
10111100000001000000000000000000
00010011111111111111111111010100
00010101000000000000000000000000
10011100010000100000000000000001
10111100000000100000011111111111
00010000000000000000000100111101
00011001011000001111111101111111
10111000101011100000000001000001
10101001011010111111111111111111
10100100011011100000000000000001
11100000111001110101100000000011
11100001110001010001100000000100
10111000100001110000000000011111
10111000111001110000000001000001
00000011111111111111111101000101
11100001110001000111000000000100
11100000100001110111000000000100
10111100000001000000000000000000
00010000000000000000000110101100
00011001011000000000000000001000
00011000100000000000000000001111
11100000111001110101100000000100
10101000100001001111111111111111
00000011111111111111111101011101
11100000111001110010000000000011
00000011111111111111111101000101
10011100100000000000000000000000
10111100001000110000000000000000
00010000000000000000000001011110
10111100000000100000011111111111
11100000110011100011000000000010
11100000111001110100000000000010
11100100100011100011000000000000
00001100000000000000000010101110
10011100100000000000000000000001
11100000111001110010000000000010
00000011111111111111111101111111
10101001110001100000000000000000
11100000101010000011000000000100
10111100000001010000000000000000
00010011111111111111111100101011
10011100100001001111111111111111
10111100001001000000000000000000
00010000000000000000000010110110
10111100000000100000011111111111
11100000110011100011000000000000
11100000111001110100000000000000
11100100010011100011000000000000
00010000000000000000000000000011
10011100101000000000000000000001
10101000101001000000000000000000
11100000111001010011100000000000
00000011111111111111111111001010
10101001110001100000000000000000
10111100000000110000000000000000
00001100000000000000000001100010
10011100100000100000000000000001
10100100100001000000011111111111
10111101010001000000000000000001
00001100000000000000000011001000
11100000101011100011000000000010
11100000100001110100000000000010
11100100100011100010100000000000
00010000000000000000000000000011
10011110100000000000000000000001
10101010100000110000000000000000
11100010100001001010000000000010
00011001011000000000000010000000
11100000011101000101100000000011
10111100000000110000000000000000
00010000000000000000000001110011
11100000111010000011100000000010
11100001110001100111000000000010
11100100100001100111000000000000
00001100000000000000000010010101
10011110100000000000000000000001
11100010100001111010000000000010
00000011111111111111111101011110
10101010010011010000000000000000
10011100111000000000000000000000
10101000011100100000000000000000
00000011111111111111111100100011
10101001110001110000000000000000
11100000010000100010000000000010
10101000011000111111111111111111
00000011111111111111111011111110
11100000111010110001100000000011
11100001011011100101100000001000
00000011111111111111111101100010
10011101110000000000000000000000
00000100000000000000101101010100
10101000011011100000000000000000
00000011111111111111111101010100
10011101011010110000000000100000
11100000110010000011000000000100
10011100011000000000000000000000
11100000100000000011000000000010
11100000110001000011000000000100
00000011111111111111111100111001
10111000100001100000000001011111
10111100000001000000000000000000
00001100000000000000000011000000
10111100001000100000000000000000
10011100101000100000000000000001
10100101011001010000011111111111
10111101010010110000000000000001
00001100000000000000000001111111
10111100000001010000011111111111
00010000000000000000000011011111
11100000110011100011000000000000
11100000111001110100000000000000
11100100010011100011000000000000
00010000000000000000000000000011
10011101000000000000000000000001
10101001000001000000000000000000
11100000111010000011100000000000
10111000110001100000000001000001
10111001110001110000000000011111
10101000010001010000000000000000
10111000111001110000000001000001
00000011111111111111111011011011
11100001110011100011000000000100
00001111111111111111111100010010
10111101010000110000000000111000
00000011111111111111111011011000
10100100011011100000000000000111
10011100010000101111111111100001
00010000000000000000000001100110
11100000100010110001000001001000
10011100010000000000000001000000
11100000111000100011100000000010
11100001011010110011100000001000
11100001110011100101100000000100
10011100111000000000000000000000
11100000011000000111000000000010
10101000010001110000000000000000
11100001110000110111000000000100
10111001110011100000000001011111
00000011111111111111111101001011
11100001110001000111000000000100
10111100000000110000000000100000
00010000000000000000000001011010
11100000100010000010000001001000
10011100101000000000000001000000
11100000011001010001100000000010
11100001000010000001100000001000
11100000110010000011000000000100
10011100011000000000000000000000
11100000101000000011000000000010
11100000110001010011000000000100
10111000110001100000000001011111
00000011111111111111111100000100
11100000100001000011000000000100
10111100001000100000000000000000
00001100000000000000000000110111
10111100000001010000011111111111
00010000000000000000000010000100
00011001011000000000000010000000
11100000011000000001100000000010
11100000111001110101100000000100
10111101010000110000000000111000
00010000000000000000000010100100
10111101010000110000000000011111
00010000000000000000000100100011
10011100100000111111111111100000
10011100100000000000000000100000
11100001011011100001100001001000
11100000100001000001100000000010
11100000011001110001100001001000
11100000010011100010000000001000
11100000100001110010000000001000
11100000111000000001000000000010
11100000100001000101100000000100
11100000010001110001000000000100
10111000010000100000000001011111
11100001110001000001000000000100
11100001110001100111000000000010
11100000111010000001100000000010
11100100100001100111000000000000
00001100000000000000000000101010
10011100010000000000000000000001
11100000111001110001000000000010
10101010010011010000000000000000
00000011111111111111111011101100
10101000010001010000000000000000
11100000111001011010000000000100
10111100000001110000000000000000
00001111111111111111111011110000
10101001110001010000000000000000
10101001110001110000000000000000
10101000011001110000000000000000
00000011111111111111111100011111
10101000010001110000000000000000
00010000000000000000000001010000
10111100000001000000000000100000
10011101011000000000000000100000
11100000101001100010000001001000
11100001011010110010000000000010
11100000100010000010000001001000
11100000110001100101100000001000
11100001000010000101100000001000
11100001011000000011000000000010
11100000101010000010100000000100
11100000110010110011000000000100
10111000110001100000000001011111
00000011111111111111111100101001
11100000101001010011000000000100
00000011111111111111111101010100
10101000100000110000000000000000
11100000010001110111000000000100
10111100000000100000000000000000
00010000000000000000000001001101
10101100011000111111111111111111
10111100001000110000000000000000
00010000000000000000000001001000
10111100000001010000011111111111
11100001110001100111000000000010
11100000111010000011100000000010
11100100100001100111000000000000
00010011111111111111111111011010
10011100010000000000000000000001
00000011111111111111111111011000
10011100010000000000000000000000
00000011111111111111111101101101
10011110100000000000000000000000
00001111111111111111111100001110
10111101010001000000000000111000
00000011111111111111111001110001
10100100011011100000000000000111
00000011111111111111111110011111
10011101011000000000000000000000
00000011111111111111111110101011
10011101000000000000000000000000
10111100001000100000000000000000
00010000000000000000000010111011
11100000011001110111000000000100
10111100000000110000000000000000
00010000000000000000000011110101
11100000011010000011000000000100
10111100000000110000000000000000
00010011111111111111111001100100
10100100011011100000000000000111
11100000110011100011000000000000
11100000111001110100000000000000
11100100010011100011000000000000
00010000000000000000000000000011
10011100011000000000000000000001
10101000011000100000000000000000
11100000111000110011100000000000
00011000100000000000000010000000
11100000011001110010000000000011
10111100000000110000000000000000
00010000000000000000000011111000
00011000101000001111111101111111
10101001110001100000000000000000
10101000101001011111111111111111
10011100010000000000000000000001
00000011111111111111111001010010
11100000111001110010100000000011
10111100001000100000000000000000
00010000000000000000000000110011
00010101000000000000000000000000
11100000011001110111000000000100
10111100001000110000000000000000
00010000000000000000000001100100
00010101000000000000000000000000
11100000111010000011000000000100
10111100000001110000000000000000
00010000000000000000000010110111
10101010010011010000000000000000
10101000111010000000000000000000
00000011111111111111111001000100
10101001110001100000000000000000
10011100101001001111111111100000
00010000000000000000000010101111
11100000101010000010100001001000
10011101011000000000000001000000
11100000100010110010000000000010
11100001000010000010000000001000
11100000110010000011000000000100
10011100100000000000000000000000
11100001000000000011000000000010
11100000110010000011000000000100
10111000110001100000000001011111
00000011111111111111111011011010
11100000101001010011000000000100
00001111111111111111111110000011
10111101010000110000000000111000
10101000111010000000000000000000
10101001110001100000000000000000
10101000010001010000000000000000
00000011111111111111111000110000
10101010010011010000000000000000
00010000000000000000000000101010
10111100000001010000011111111111
11100000010001110111000000000100
10111100000000100000000000000000
00010000000000000000000001111000
10101100100001001111111111111111
10111100001001000000000000000000
00010000000000000000000001110011
10111100000001010000011111111111
11100001110011100011000000000000
11100000111001110100000000000000
11100100010001100111000000000000
00010000000000000000000000000011
10011100010000000000000000000001
10101000010001000000000000000000
11100000111000100011100000000000
00000011111111111111111011001001
10101000010001010000000000000000
11100000010001110111000000000100
10111100001000100000000000000000
00010000000000000000000001001011
11100000011010000011000000000100
10111100000000110000000000000000
00010000000000000000000010010111
10101010010011010000000000000000
10101000111010000000000000000000
10101001110001100000000000000000
00000011111111111111111000010011
10011100010000000000011111111111
10011100111000000000000000000000
00000011111111111111111010011011
10101001110001110000000000000000
11100000111001110111000000000100
10011100011000000000000000000000
11100001110000000011100000000010
11100001110011100011100000000100
00000011111111111111111101100111
10111001110011100000000001011111
10101000111001000000000000000000
10101000010001010000000000000000
00000011111111111111111010010001
10101001110001000000000000000000
00010000000000000000000001010010
00011001011000000000000010000000
11100000100000000010000000000010
11100000111001110101100000000100
10111101010001000000000000111000
00010000000000000000000010000100
10111101010001000000000000011111
00010000000000000000000010001111
10011101011001001111111111100000
10011101011000000000000000100000
11100001100011100010000001001000
11100001011010110010000000000010
11100000100001110010000001001000
11100000010011100101100000001000
11100000111001110101100000001000
11100001011000000001000000000010
11100000111001110110000000000100
11100000010010110001000000000100
10111000010000100000000001011111
11100001110001110001000000000100
11100001110011100011000000000000
11100001000001000100000000000000
11100100010001100111000000000000
00010000000000000000000000000011
10011100111000000000000000000001
10011100111000000000000000000000
11100000111001110100000000000000
00000011111111111111111010010100
10101000010001010000000000000000
11100000011010000011000000000100
10111100000000110000000000000000
00010011111111111111110111100110
10100100011011100000000000000111
11100000100011100011000000000010
11100000011001110100000000000010
11100100100011100010000000000000
00010000000000000000000000000011
10011100101000000000000000000001
10101000101000100000000000000000
11100000011000110010100000000010
00011001011000000000000010000000
11100000101000110101100000000011
10111100000001010000000000000000
00010011111111111111111001010101
11100001110001100111000000000010
11100000111010000011100000000010
11100100100001100111000000000000
00010000000000000000000000000011
10011100011000000000000000000001
10011100011000000000000000000000
11100000111001110001100000000010
00000011111111111111110111010001
10101010010011010000000000000000
10111100000000110000000000000000
00010011111111111111110111001110
10011100010000000000011111111111
10111000010001110000000001000011
00011000100000000000000000001000
10111001110011100000000001000011
11100000011000100010000000000011
10111000111001110000000000011101
10111100000000110000000000000000
00010000000000000000000000001100
11100001110001110111000000000100
10111000011010000000000001000011
11100000100000110010000000000011
10111100001001000000000000000000
00010000000000000000000000000111
00010101000000000000000000000000
10111000110001100000000001000011
10111001110010000000000000011101
10101000010000110000000000000000
10101010010011010000000000000000
11100001110011100011000000000100
10111000011000100000000000000011
10111000111011100000000001011101
10011100010000000000011111111111
10111001110011100000000000000011
00000011111111111111110110110110
11100000111001110001100000000100
00001111111111111111111110110101
10111101010001000000000000111000
10101000111010000000000000000000
10101001110001100000000000000000
00000011111111111111110110110000
10101000010001010000000000000000
11100000010001110111000000000100
10111100000000100000000000000000
00010000000000000000000000110111
11100000011010000011000000000100
10111100000000110000000000000000
00010011111111111111110110101001
10011100010000000000011111111111
10111000010001110000000001000011
00011001011000000000000000001000
10111001110011100000000001000011
11100000011000100101100000000011
10111000111001110000000000011101
10111100000000110000000000000000
00010011111111111111111111100111
11100001110001110111000000000100
10111000011010000000000001000011
11100000100000110101100000000011
10111100001001000000000000000000
00010011111111111111111111100010
00010101000000000000000000000000
10111000110001100000000001000011
10111001110010000000000000011101
10101000010000110000000000000000
00000011111111111111111111011101
11100001110011100011000000000100
10101001110001000000000000000000
00000011111111111111110110110101
10101000111001000000000000000000
00000011111111111111111101010110
10011101000000000000000000000000
10101001110001110000000000000000
00000011111111111111111000011010
10101000011001110000000000000000
10111100000000110000000000100000
00010000000000000000000000101011
11100000100001110010000001001000
10011100010000000000000001000000
11100000010000100001100000000010
11100000010001110001000000001000
11100000010000100111000000000100
10011100011000000000000000000000
11100000111000000001000000000010
11100000010001110001000000000100
10111000010000100000000001011111
00000011111111111111111011011111
11100001110001000001000000000100
00011000010000000000000000001111
10011101110000001111111111111111
10101000111000101111111111111111
00000011111111111111111000001000
10011100010000000000011111111111
11100000111001110111000000000100
10011100100000000000000000000000
11100001110000000011100000000010
11100001110011100011100000000100
00000011111111111111111110000111
10111001110011100000000001011111
10101000111010000000000000000000
10101001110001100000000000000000
00000011111111111111110101110011
10011100010000000000011111111111
10101000111010000000000000000000
00000011111111111111110101110000
10101001110001100000000000000000
10111100000001000000000000100000
00010000000000000000000000010000
11100001011001110101100001001000
10011100010000000000000001000000
11100000010000100010000000000010
11100000010001110001000000001000
11100000010000100111000000000100
10011100100000000000000000000000
11100000111000000001000000000010
11100000010001110001000000000100
10111000010000100000000001011111
00000011111111111111111101110011
11100001110010110001000000000100
00000011111111111111111111011010
10011100010000000000000000000000
00000011111111111111110111100001
10101001110001100000000000000000
00000011111111111111111111110101
10011100010000000000000000000000
11010111111000011010011111100100
10111010100000110000000001010100
11010111111000010001011111011000
00011000010000000000000000001111
10100110100101000000011111111111
11010111111000010111011111011100
11010111111000011011011111101000
11010111111000011100011111101100
11010111111000010100111111111100
11010111111000010000111111010100
11010111111000011001011111100000
11010111111000011101011111110000
11010111111000011110011111110100
11010111111000011111011111111000
10101000010000101111111111111111
10111100000101000000000000000000
10011100001000011111111111000000
10101010110001000000000000000000
11100001110000110001000000000011
00010000000000000000000001011010
10111011000000110000000001011111
10111100000101000000011111111111
00010000000000000000000000101011
00011000011000000000000000010000
10111000010001000000000001011101
11100001110011100001100000000100
10011110010000000000000000000000
10111001110011100000000000000011
10111010110001000000000000000011
10011110100101001111110000000001
11100001110000100111000000000100
10101001000100100000000000000000
10111001011001010000000001010100
00011000100000000000000000001111
10111011010001010000000001011111
10100101011010110000011111111111
10101000100001001111111111111111
10111100000010110000000000000000
10101000111001100000000000000000
11100000010001010010000000000011
00010000000000000000000001101011
10101011110110100000000000000000
10111100000010110000011111111111
00010000000000000000000001100000
00011000101000000000000000010000
10111000111001100000000000000011
11100000010000100010100000000100
10111000101001100000000001011101
10111000010000100000000000000011
10011101011010111111110000000001
10011100011000000000000000000000
11100000010001010001000000000100
11100000100000111001000000000100
11100000101110001101000000000101
10111100010001000000000000001111
10101011100001010000000000000000
00010000000000000000000010001010
11100010100101000101100000000010
00011000110000000000000000000001
10111000100001000000000000000010
10101000110001100110100110111100
11100000100001000011000000000000
10000100100001000000000000000000
01000100000000000010000000000000
00010101000000000000000000000000
11100000100011100010000000000100
10111100000001000000000000000000
00001100000000000000000001110010
00010101000000000000000000000000
10101001110001000000000000000000
10011110010000000000000000001000
10101010110001000000000000000000
00000011111111111111111111011000
10011101000000000000000000000010
10101000010011100000000000000000
10101000111101100000000000000000
10101011110110000000000000000000
10101000011010000000000000000000
10111100000000110000000000000010
00001100000000000000000010010010
10101011100111100000000000000000
10011100010000000000000000000000
10100100101111000000000000000001
10011101110000000000011111111111
10101010110000100000000000000000
00011000100000000000000000001111
10111001110011100000000000010100
10101000100001001111111111111111
10111000101001010000000000011111
11100000010000100010000000000011
10011100001000010000000001000000
11100000010000100111000000000100
10000101001000011111111111111100
11100000010000100010100000000100
10000100001000011111111111010100
10101000100000100000000000000000
10101000101101100000000000000000
10000100010000011111111111011000
11100001011001000000000000000100
11100001100001010000000000000100
10000101110000011111111111011100
10000110010000011111111111100000
10000110100000011111111111100100
10000110110000011111111111101000
10000111000000011111111111101100
10000111010000011111111111110000
10000111100000011111111111110100
01000100000000000100100000000000
10000111110000011111111111111000
11100000010011100010000000000100
10111100000000100000000000000000
00010000000000000000000001000010
10011110010000000000000000000100
10111100000011100000000000000000
00010000000000000000000111010010
10101000011001000000000000000000
10101000011011100000000000000000
11010100000000010010000000001100
11010100000000010010100000001000
00000100000000000000100100111111
11010100000000010011000000000000
10000100100000010000000000001100
10000100101000010000000000001000
10000100110000010000000000000000
10011100111010111111111111110101
10111101010001110000000000011100
00010000000000000000000111000010
10011100010000000000000000011101
10011100011010111111111111111000
11100000111000100011100000000010
11100001110011100001100000001000
11100000111001000011100001001000
11100010110001000001100000001000
11100001110001110111000000000100
10011101011010110000001111110011
10011110010000000000000000000000
11100010100000000101100000000010
00000011111111111111111110010111
10101001000100100000000000000000
11100000110000100011000000000100
10111100000001100000000000000000
00001111111111111111111110100111
10011100011000000000000000000011
10101000010001100000000000000000
10011100011000000000000000000010
00000011111111111111111110100011
10101000111001100000000000000000
11100000011000100011000000000100
10111100000000110000000000000000
00010000000000000000000000011001
10101000111010110000000000000000
10111100000000100000000000000000
00010000000000000000000110111001
10101000011001100000000000000000
10101000011000100000000000000000
11010100000000010011000000000000
00000100000000000000100100011010
11010100000000010100000000000100
10000100110000010000000000000000
10000101000000010000000000000100
10011100011010111111111111110101
10111101010000110000000000011100
00010000000000000000000110101011
10011100100000000000000000011101
10011100111010111111111111111000
11100000100001000001100000000010
11100000010000100011100000001000
11100000100001100010000001001000
11100000111001100011100000001000
11100000010001000001000000000100
10011101011010110000001111110011
10011100011000000000000000000000
00000011111111111111111110001000
11100001011000000101100000000010
10101000010010110000000000000000
00000011111111111111111110000101
10011100011000000000000000000001
10101001110101000000000000000000
10101010110101000000000000000000
00000011111111111111111101101101
10011101000000000000000000000001
10011110010000000000000000001100
00000011111111111111111101101010
10011101000000000000000000000011
00011000010000000000000000001111
10011100101000000000000000000000
10101000010000101111111111111111
10011110110000001111111111111111
00000011111111111111111110011001
10011101110000000000011111111111
10011101110000000000000000000000
10101000010011100000000000000000
00000011111111111111111110010101
10101010110011100000000000000000
11100100010011100001000000000000
00010000000000000000000000101000
10111000100011100000000000011111
11100000011011100001000000000101
11100000100000000001100000000010
11100000011001000001100000000100
10111101100000110000000000000000
00010000000000000000000000001001
11100100011101100011100000000000
00010000000000000000000000000011
10011100011000000000000000000001
10011100011000000000000000000000
10100100011000110000000011111111
10111100000000110000000000000000
00001100000000000000000000011010
00010101000000000000000000000000
10011110100101001111111111111111
00000000000000000000000000011100
10011101000000000000000000000000
00011000110000000000000000001000
11100000011011100011000000000011
10111100001000110000000000000000
00010000000000000000000110000000
00011000100000000000000000001000
00011000011000000000000000001111
11100000010011100011000000000100
10101000011000111111111111111111
10101000101110000000000000000000
11100000010000100001100000000011
00000011111111111111111101110110
10011101110000000000011111111111
10111100000000110000000000000011
00010000000000000000001000001101
10111100000000110000000000000001
00001100000000000000000100110111
10011101110000000000000000000000
10101000101111100000000000000000
10101000010011100000000000000000
00000011111111111111111101101101
10101010110011100000000000000000
10111000100011100000000000011111
10111000011101100000000001000001
10111001110011100000000001000001
10111001000101100000000000011111
11100010110001000001100000000100
10111000100001110000000001011000
10111000010000100000000000001000
10111000110001110000000000001000
10101000011011100000000000000000
11100010010000100010000000000100
11010100000000010011000000000000
10111011000100100000000001010000
10100111010100101111111111111111
11010100000000010100000000000100
00000111111111111111101111000110
10101000100110000000000000000000
11100000010110100101101100000110
10101000011011100000000000000000
10101000100110000000000000000000
00000111111111111111110000011001
10101011110010110000000000000000
10111000011101100000000001010000
10111001011010110000000000010000
10000100110000010000000000000000
11100001011000110101100000000100
11100100101000100101100000000000
00010000000000000000000000010100
10000101000000010000000000000100
11100001011010111001000000000000
11100100010000100101100000000000
00010000000000000000000000000011
10011100011000000000000000000001
10011100011000000000000000000000
10100100011000110000000011111111
10111100000000110000000000000000
00010000000000000000000101111100
11100100101100100101100000000000
00010000000000000000000000000011
10011100011000000000000000000001
10011100011000000000000000000000
10100100011000110000000011111111
10111100001000110000000000000000
00001100000000000000000101110101
00010101000000000000000000000000
10011111110111101111111111111110
11100001011010111001000000000000
11100000010010110001000000000010
10101000100110000000000000000000
10101000011000100000000000000000
11010100000000010011000000000000
00000111111111111111101110100010
11010100000000010100000000000100
11100000111110100101101100000110
10101000011000100000000000000000
10101000100110000000000000000000
11010100000000010011100000001100
00000111111111111111101111110100
10101001110010110000000000000000
10111001011010110000000000010000
10100100011101101111111111111111
10000100111000010000000000001100
11100000011000110101100000000100
10000100110000010000000000000000
11100100101001110001100000000000
00010000000000000000000000010100
10000101000000010000000000000100
11100000011000111001000000000000
11100100010001110001100000000000
00010000000000000000000000000011
10011100010000000000000000000001
10011100010000000000000000000000
10100100010000100000000011111111
10111100000000100000000000000000
00010000000000000000000101011010
11100100101100100001100000000000
00010000000000000000000000000011
10011100010000000000000000000001
10011100010000000000000000000000
10100100010000100000000011111111
10111100001000100000000000000000
00001100000000000000000101010011
00010101000000000000000000000000
10011101110011101111111111111110
11100000011000111001000000000000
10111011110111100000000000010000
10111010110001100000000001010000
10100100101001101111111111111111
11100011110111100111000000000100
11100000011000110011100000000010
10111001110111100000000001010000
10100100010111101111111111111111
11100000111000100010101100000110
11100000100001010111001100000110
11100000010000101011001100000110
10111001011001110000000001010000
11100000010000100010000000000000
11100000010010110001000000000000
11100100101001000001000000000000
00010000000000000000000000000100
11100001110011101011001100000110
00011000100000000000000000000001
11100001110011100010000000000000
10111000100000100000000001010000
10111000010000100000000000010000
10100100111001111111111111111111
11100001110001000111000000000000
11100100100000110111000000000000
00010000000000000000000000001111
11100000111000100011100000000000
11100000010000110111000000000101
11100000100000000001000000000010
11100000010001000001000000000100
10111101100000100000000000000000
00010000000000000000000100110000
11100100100010000011100000000000
00010000000000000000000000000011
10011100010000000000000000000001
10011100010000000000000000000000
10100100010000100000000011111111
10111100000000100000000000000000
00010000000000000000000000110001
10101000010111100000000000000000
11100001000010000011000000000000
10011100010111101111111111111111
11100100010001100100000000000000
00010000000000000000000000000011
10011100100000000000000000000001
10011100100000000000000000000000
11100000100001001001000000000000
11100000011000110010000000000000
11100100100100100001100000000000
00010000000000000000000000001111
11100100010011100001100000000000
11100000100100100001100000000101
11100001011000000010000000000010
11100000100010110010000000000100
10111101100001000000000000000000
00010000000000000000000000100000
11100100101001100100000000000000
00010000000000000000000000000011
10011100100000000000000000000001
10011100100000000000000000000000
10100100100001000000000011111111
10111100000001000000000000000000
00010000000000000000000000011001
11100100010011100001100000000000
00010000000000000000000000001111
00010101000000000000000000000000
11100000100011100001100000000101
11100001011000000010000000000010
11100000100010110010000000000100
10111101100001000000000000000000
00010000000000000000000000010001
11100100010001110100000000000000
00010000000000000000000000000011
10011100100000000000000000000001
10011100100000000000000000000000
10100100100001000000000011111111
10111100000001000000000000000000
00010000000000000000000000001010
00010101000000000000000000000000
11100001000010000011000000000000
10011100010111101111111111111110
11100100010001100100000000000000
00010000000000000000000000000011
10011100100000000000000000000001
10011100100000000000000000000000
11100000100001001001000000000000
11100000011000110010000000000000
11100011110010000011100000000010
11100000011000110111000000000010
11100100100010001111000000000000
00010000000000000000000000000011
10011101110000000000000000000001
10011101110000000000000000000000
11100001110000110111000000000010
11100100000100100111000000000000
00010000000000000000000100000000
10101000100110000000000000000000
10101000011011100000000000000000
11010100000000010010100000001000
00000111111111111111101100011111
11010100000000010011000000000000
11100001000110100101101100000110
10101000011011100000000000000000
10101000100110000000000000000000
11010100000000010100000000000100
00000111111111111111101101110001
11010100000000010101100000010000
10111000011111100000000001010000
10111001011010110000000000010000
10000101000000010000000000000100
10000100101000010000000000001000
11100001011000110101100000000100
11100100101010000101100000000000
00010000000000000000000000010101
10000100110000010000000000000000
11100001011010111001000000000000
11100100010010000101100000000000
00010000000000000000000000000011
10011100011000000000000000000001
10011100011000000000000000000000
10100100011000110000000011111111
10111100000000110000000000000000
00010000000000000000000100001100
11100100101100100101100000000000
00010000000000000000000000000011
10011100011000000000000000000001
10011100011000000000000000000000
10100100011000110000000011111111
10111100001000110000000000000000
00001100000000000000000100000101
10000100100000010000000000010000
11100001011010111001000000000000
10011100100001001111111111111110
11010100000000010010000000010000
11100001110010110100000000000010
10101000100110000000000000000000
10101000011011100000000000000000
11010100000000010010100000001000
00000111111111111111101011111000
11010100000000010011000000000000
11100011010110100101101100000110
10101000100110000000000000000000
10101000011011100000000000000000
00000111111111111111101101001011
11010100000000010101100000000100
10111001011010110000000000010000
10100100111111101111111111111111
10000100101000010000000000001000
11100000111001110101100000000100
10000100110000010000000000000000
11100100101110100011100000000000
00010000000000000000000000010100
10000101000000010000000000000100
11100000111001111001000000000000
11100100010110100011100000000000
00010000000000000000000000000011
10011100011000000000000000000001
10011100011000000000000000000000
10100100011000110000000011111111
10111100000000110000000000000000
00010000000000000000000011101010
11100100101100100011100000000000
00010000000000000000000000000011
10011100011000000000000000000001
10011100011000000000000000000000
10100100011000110000000011111111
10111100001000110000000000000000
00001100000000000000000011100011
00010101000000000000000000000000
10011101000010001111111111111110
11100000111001111001000000000000
10000100011000010000000000010000
11100011010001111101000000000010
10111011110000110000000000010000
11100011110111100100000000000100
10111000111111100000000001010000
10100100011111101111111111111111
11100000100001010001101100000110
11100000101001010011101100000110
11100000011000111011001100000110
10111001000001000000000001010000
11100000011000110010100000000000
11100000011010000001100000000000
11100100101001010001100000000000
00010000000000000000000000000100
11100010110101100011101100000110
00011000101000000000000000000001
11100010110101100010100000000000
10111000101000110000000001010000
10111000011000110000000000010000
10100100100001001111111111111111
11100010110001011011000000000000
11100100100110101011000000000000
00010000000000000000000000001101
11100000011000110010000000000000
11100000101110101011000000000101
11100000100000000001100000000010
11100000111000000010100000000010
11100000100001000001100000000100
11100000111001110010100000000100
10111101100001110000000000000000
00010000000000000000000010001010
10111000100001000000000001011111
10111100000001000000000000000000
00010000000000000000000010000111
00010101000000000000000000000000
11100011010110101001000000000000
11100100101100101101000000000000
00010000000000000000000001011111
10011100111111101111111111111111
11100000011001100001100000000101
11100000101110101011000000000101
11100000110000000001100000000010
11100000011001100001100000000100
10111000100000110000000001011111
11100000011000000010100000000010
11100000101000110010100000000100
10111101100001010000000000000000
00010000000000000000000000000100
10111100000001000000000000000000
00010000000000000000000000000100
10011101110101000000001111111111
10101000111001110000000000000001
10011101110101000000001111111111
10111101101011100000000000000000
00010000000000000000000001110100
10100100011001110000000000000111
10111100000000110000000000000000
00010000000000000000000000001011
10100100011001110000000000001111
10111100000000110000000000000100
00010000000000000000000000001000
10011100011001110000000000000100
11100100010001110001100000000000
00010000000000000000000000000011
10011100100000000000000000000001
10011100100000000000000000000000
11100000010000100010000000000000
10101000111000110000000000000000
00011000101000000000000100000000
11100000011000100010100000000011
10111100000000110000000000000000
00010000000000000000000000000111
10111101101011100000011111111110
00011000110000001111111011111111
10011101110101000000010000000000
10101000110001101111111111111111
11100000010000100011000000000011
10111101101011100000011111111110
00001111111111111111111000011100
10100101110011100000011111111111
10111000011000100000000000011101
10111000111001110000000001000011
10111000010000100000000001000011
11100010110000110011100000000100
00011000011000000000000000001111
10100100101111000000000000000001
10101000011000111111111111111111
00000011111111111111111000010111
11100000010000100001100000000011
10011101110010111111111111011000
10011110110000000000000000000000
00000011111111111111111001000100
11100001110001000111000000001000
11010100000000010010000000001100
11010100000000010010100000001000
00000100000000000000011101110000
11010100000000010011000000000000
10000100110000010000000000000000
10011101011010110000000000100000
10000100101000010000000000001000
00000011111111111111111000110001
10000100100000010000000000001100
10011100010010111111111111011000
10011100111000000000000000000000
00000011111111111111111001011011
11100000010001100001000000001000
11010100000000010011000000000000
00000100000000000000011101100100
11010100000000010100000000000100
10000101000000010000000000000100
10011101011010110000000000100000
00000011111111111111111001001010
10000100110000010000000000000000
11100000011000100010000000000011
10111100001000110000000000000000
00010000000000000000000000001001
00011000110000000000000000001111
11100000010000100010000000000100
10101000110001101111111111111111
10101000101110100000000000000000
11100000010000100011000000000011
10101010110001110000000000000000
00000011111111111111110111110100
10011101110000000000011111111111
00011000011000000000000000001000
00011000100000000000000000001111
11100000010011100001100000000100
10101000100001001111111111111111
10101000101110000000000000000000
11100000010000100010000000000011
00000011111111111111110111101100
10011101110000000000011111111111
11100100010101101101000000000000
00010000000000000000000000010000
11100000100001100011000000000000
11100000101101101101000000000101
11100000100000000010100000000010
11100000100001000010100000000100
10111101100001000000000000000000
00010000000000000000000001110110
11100100100001100001100000000000
00010000000000000000000000000011
10011100100000000000000000000001
10011100100000000000000000000000
10100100100001000000000011111111
10111100001001000000000000000000
00001100000000000000000001101111
00010101000000000000000000000000
11100000100001100011000000000000
10011100111111101111111111111110
11100100010001100010000000000000
00010000000000000000000000000011
10011100101000000000000000000001
10011100101000000000000000000000
11100000011000110010000000000101
11100010010001011001000000000000
11100000100000000001100000000010
11100011010110101001000000000000
11100000011001000001100000000100
11100000101110101011000000000101
00000011111111111111111110001100
10111000100000110000000001011111
00000011111111111111111010001111
10011111110111101111111111111111
00000011111111111111111100001000
10101000010111100000000000000000
00000011111111111111111010110001
10011101110011101111111111111111
00000011111111111111111110000100
10101000111111100000000000000000
10011100011000000000000000000001
11100000011000110111000000000010
10111101101000110000000000111000
00010000000000000000000000001001
10111101010000110000000000011111
10011101110000000000000000000000
10100100101111000000000000000001
10101000010011100000000000000000
00000011111111111111110110111100
10101010110011100000000000000000
00000011111111111111111110000000
10011100111000001111111111111111
00010000000000000000000000101011
10011100100000001111111111100001
10011100100000000000000000100000
11100000101001110001100001001000
11100000100001000001100000000010
11100000011000100001100001001000
11100000111001110010000000001000
11100000100000100010000000001000
11100000010000000011100000000010
11100000100001000010100000000100
11100000111000100011100000000100
10111000010001110000000001011111
11100000101001000001000000000100
10100100010001010000000000000111
10111100001000100000000000000000
00001100000000000000000000001101
00011000100000000000000010000000
10100100010001010000000000001111
10111100000000100000000000000100
00010000000000000000000000001000
10101000100001010000000000000000
10011100101001000000000000000100
11100100100001010010000000000000
00010000000000000000000000000011
10011100010000000000000000000001
10011100010000000000000000000000
11100000011000110001000000000000
00011000100000000000000010000000
11100000010000110010000000000011
10111100000000100000000000000000
00010000000000000000000000100011
10101000100001010000000000000000
10011100010000000000000000000000
10100100101111000000000000000001
10011101110000000000000000000001
00000011111111111111110110010101
10101010110000100000000000000000
10000100011000010000000000010000
10011100011000111111111111111111
00000011111111111111111011111110
11010100000000010001100000010000
00000011111111111111111100100001
10011101000010001111111111111111
10111100000000110000000000100000
11100000100001000111000000000010
00010000000000000000000000100011
11100000100000100010000001001000
10011100101000000000000001000000
11100000011001010001100000000010
11100000010000100001100000001000
11100000111000100011100000000100
11100000010000000011100000000010
11100000111000100011100000000100
10111000010001110000000001011111
11100000100001000001000000000100
10100100011001000000000000000111
10111100001000110000000000000000
00001100000000000000000000001101
10101000010000110000000000000000
10100100010001000000000000001111
10011100011000000000000000000000
10111100001000100000000000000100
00010011111111111111111111010111
10101000101001000000000000000000
10101000100001010000000000000000
00011000101000000000000000001111
10111000010000110000000001000011
10101000101001011111111111111111
10111000011000110000000000011101
11100000010000100010100000000011
10111000100001000000000001000011
10100100101111000000000000000001
10011101110000000000000000000000
00000011111111111111110101101111
11100010110001000001100000000100
11100000011001100001100000000101
11100000100000000001100000000010
11100000011001000001100000000100
00000011111111111111111100101000
10111000100000110000000001011111
00000011111111111111111111100010
10011100010000000000000000000000
00011000110000000000000000001000
00011000011000000000000000001111
11100000010000100011000000000100
10101000011000111111111111111111
10101000101111100000000000000000
11100000010000100001100000000011
10101010110001110000000000000000
00000011111111111111110101011111
10011101110000000000011111111111
11010111111000010001011111111100
00011000010000000000000000001111
10111000111000110000000001010100
10101000010000101111111111111111
10111001000001010000000001010100
11100001100000110001000000000011
10100100111001110000011111111111
00011000010000000000000000001111
11010111111000010000111111111000
10101000010000101111111111111111
10111100001001110000011111111111
11100001101001010001000000000011
10011100001000011111111111111000
10111000011000110000000001011111
10100101000010000000011111111111
00001100000000000000000000011110
10111000101001010000000001011111
10111100001010000000011111111111
00001100000000000000000000100011
11100001111011010011000000000100
11100100001001110100000000000000
00001100000000000000000000000110
10011101011000000000000000000001
10011100001000010000000000001000
10000100001000011111111111111000
01000100000000000100100000000000
10000100010000011111111111111100
11100100001011000110100000000000
00010000000000000000000000100000
11100000110001100010000000000101
11100001000000000011000000000010
11100000110010000011000000000100
10111000110001100000000001011111
10111100001001100000000000000000
00010000000000000000000000011010
11100100000000110010100000000000
00010000000000000000000000011101
10111100001001110000000000000000
00010011111111111111111111110001
00010101000000000000000000000000
11100000100011000010000000000100
11100001011000000010000000000010
11100000100010110010000000000100
00000011111111111111111111101100
10111001011001000000000001011111
11100001111011000010000000000100
10111100001011110000000000000000
00001111111111111111111111100010
10011101011000000000000000000001
10011100001000010000000000001000
10000100001000011111111111111000
01000100000000000100100000000000
10000100010000011111111111111100
10111100001011110000000000000000
00001111111111111111111111011110
10011101011000000000000000000001
10011100001000010000000000001000
10000100001000011111111111111000
01000100000000000100100000000000
10000100010000011111111111111100
10011100001000010000000000001000
10011101011000000000000000000001
10000100001000011111111111111000
01000100000000000100100000000000
10000100010000011111111111111100
00000011111111111111111111010110
10101001011001100000000000000000
11010111111000010001011111111100
00011000010000000000000000001111
10111000111000110000000001010100
10101000010000101111111111111111
10111001011001010000000001010100
11100001100000110001000000000011
10100100111001110000011111111111
00011000010000000000000000001111
11010111111000010000111111111000
10101000010000101111111111111111
10111100001001110000011111111111
11100001101001010001000000000011
10011100001000011111111111111000
10111000011000110000000001011111
10100101011010110000011111111111
00001100000000000000000000100101
10111000101001010000000001011111
10111100001010110000011111111111
00001100000000000000000000101000
11100001000011010011000000000100
10111100001001110000000000000000
00010000000000000000000000010010
10111100001010110000000000000000
11100001111011000010000000000100
11100001000000000111100000000010
11100001000010000111100000000100
10101101000010001111111111111111
00001100000000000000000000100100
10111001000010000000000001011111
10111100001010000000000000000000
00001100000000000000000000001110
10111100000001010000000000000000
00010000000000000000000000000011
10011101011000001111111111111111
10011101011000000000000000000001
10011100001000010000000000001000
10000100001000011111111111111000
01000100000000000100100000000000
10000100010000011111111111111100
00010000000000000000000000000101
11100001000011010011000000000100
10111100000010000000000000000000
00010000000000000000000000000110
10111100000000110000000000000000
11100100000000110010100000000000
00010000000000000000000000011100
11100101101001110101100000000000
10111100000000110000000000000000
00010011111111111111111111110011
10011101011000000000000000000001
00000011111111111111111111110001
10011101011000001111111111111111
11100001000011000010000000000100
10111100001010000000000000000000
00001111111111111111111111011100
10111100001010110000011111111111
00000011111111111111111111101011
10011101011000001111111111111110
10111100001010000000000000000000
00001111111111111111111111011010
10111100001001110000000000000000
00000011111111111111111111100110
10011101011000001111111111111110
11100010001011010011000000000100
10111100001100010000000000000000
00010011111111111111111111011100
10111100000011110000000000000000
00001111111111111111111111101100
00010101000000000000000000000000
10011100001000010000000000001000
10000100001000011111111111111000
01000100000000000100100000000000
10000100010000011111111111111100
00001111111111111111111111100111
10111100000000110000000000000000
11100101011001110101100000000000
00001100000000000000000000100001
10111100000000110000000000000000
11100100010011000110100000000000
00010011111111111111111111100001
10111100000000110000000000000000
11100000101011000110100000000101
11100100010001000011000000000000
11100001000000000010100000000010
10011100111000000000000000000001
11100000101010000010100000000100
10101100101001011111111111111111
00010000000000000000000000000011
10111000101001010000000001011111
10011100111000000000000000000000
10100100111001110000000011111111
10111100000001110000000000000000
00010000000000000000000000000100
10111100000001010000000000000000
00001111111111111111111111010010
10111100000000110000000000000000
11100100100011000110100000000000
00010000000000000000000000001100
10111100000000110000000000000000
11100100100001000011000000000000
00010000000000000000000000000011
10011100100000000000000000000001
10011100100000000000000000000000
10100100100001000000000011111111
10111100000001000000000000000000
00010000000000000000000000001000
10111100000001010000000000000000
00010000000000000000000000000110
10111100000000110000000000000000
00001111111111111111111110110101
10011101011000001111111111111111
00000011111111111111111110110101
10011100001000010000000000001000
00000011111111111111111110110010
10011101011000000000000000000000
11010111111000010001011111111100
00011000010000000000000000001111
10111000111000110000000001010100
10101000010000101111111111111111
10111001000001010000000001010100
11100001100000110001000000000011
10100100111001110000011111111111
00011000010000000000000000001111
11010111111000010000111111111000
10101000010000101111111111111111
10111100001001110000011111111111
11100001101001010001000000000011
10011100001000011111111111111000
10111000011000110000000001011111
10100101000010000000011111111111
00001100000000000000000000100101
10111000101001010000000001011111
10111100001010000000011111111111
00001100000000000000000000101010
11100001111011010011000000000100
10111100001001110000000000000000
00010000000000000000000000010010
10111100001010000000000000000000
11100001111011000010000000000100
11100001011000000111100000000010
11100001011010110111100000000100
10101101011010111111111111111111
00001100000000000000000000101000
10111001011010110000000001011111
10111100001010110000000000000000
00001100000000000000000000001110
10111100000001010000000000000000
00010000000000000000000000000011
10011101011000001111111111111111
10011101011000000000000000000001
10011100001000010000000000001000
10000100001000011111111111111000
01000100000000000100100000000000
10000100010000011111111111111100
00010000000000000000000000000101
11100001011011010011000000000100
10111100000010110000000000000000
00010000000000000000000000000110
10111100000000110000000000000000
11100100000000110010100000000000
00010000000000000000000000100000
11100101101001110100000000000000
10111100000000110000000000000000
00010011111111111111111111110011
10011101011000000000000000000001
00000011111111111111111111110001
10011101011000001111111111111111
11100001111011000010000000000100
10111100001011110000000000000000
00001111111111111111111111011011
10011101011000000000000000000010
10011100001000010000000000001000
10000100001000011111111111111000
01000100000000000100100000000000
10000100010000011111111111111100
10111100001011110000000000000000
00001111111111111111111111010111
10011101011000000000000000000010
10011100001000010000000000001000
10000100001000011111111111111000
01000100000000000100100000000000
10000100010000011111111111111100
11100010001011010011000000000100
10111100001100010000000000000000
00010011111111111111111111011000
10111100000011110000000000000000
00001111111111111111111111101000
10101001011010000000000000000000
10011100001000010000000000001000
10000100001000011111111111111000
01000100000000000100100000000000
10000100010000011111111111111100
00001111111111111111111111100011
10111100000000110000000000000000
11100101011001110100000000000000
00001100000000000000000000100001
10111100000000110000000000000000
11100100010011000110100000000000
00010011111111111111111111011101
10111100000000110000000000000000
11100000101011000110100000000101
11100100010001000011000000000000
11100001000000000010100000000010
10011100111000000000000000000001
11100000101010000010100000000100
10101100101001011111111111111111
00010000000000000000000000000011
10111000101001010000000001011111
10011100111000000000000000000000
10100100111001110000000011111111
10111100000001110000000000000000
00010000000000000000000000000100
10111100000001010000000000000000
00001111111111111111111111001110
10111100000000110000000000000000
11100100100011000110100000000000
00010000000000000000000000001100
10111100000000110000000000000000
11100100100001000011000000000000
00010000000000000000000000000011
10011100100000000000000000000001
10011100100000000000000000000000
10100100100001000000000011111111
10111100000001000000000000000000
00010000000000000000000000001000
10111100000001010000000000000000
00010000000000000000000000000110
10111100000000110000000000000000
00001111111111111111111110110001
10011101011000001111111111111111
00000011111111111111111110110001
10011100001000010000000000001000
00000011111111111111111110101110
10011101011000000000000000000000
11010111111000011001011111100100
10111010010000110000000001010100
11010111111000010001011111011100
00011000010000000000000000001111
10100110010100100000011111111111
11010111111000011010011111101000
11010111111000011100011111110000
11010111111000011101011111110100
11010111111000010100111111111100
11010111111000010000111111011000
11010111111000010111011111100000
11010111111000011011011111101100
11010111111000011110011111111000
10101000010000101111111111111111
10111100000100100000000000000000
10011100001000011111111111001100
10101011000001000000000000000000
11100011010000110001000000000011
00010000000000000000000001011001
10111010100000110000000001011111
10111100000100100000011111111111
00010000000000000000000000101010
00011000011000000000000000010000
10011101110000000000000000000000
11100000010110100001100000000100
10111011010001000000000001011101
10111000010000100000000000000011
10111011000001000000000000000011
10011110010100101111110000000001
11100011010110100001000000000100
10101011100011100000000000000000
10111001011001010000000001010100
00011000100000000000000000001111
10101000111001100000000000000000
10100101011010110000011111111111
10101000100001001111111111111111
10111100000010110000000000000000
11100000010001010010000000000011
00010000000000000000000001101100
10111010110001010000000001011111
10111100000010110000011111111111
00010000000000000000000001100001
00011000101000000000000000010000
10111000100001100000000001011101
11100000010000100010100000000100
10111000111001100000000000000011
10111000011000100000000000000011
10011101011010111111110000000001
11100000010001000001100000000100
10011100011000000000000000000000
11100000100000110111000000000100
11100010010100100101100000000000
10111100010001000000000000001111
11100000110101001011000000000101
00010000000000000000000010010011
10011101000100100000000000000001
00011001011000000000000000000001
10111000100001000000000000000010
10101001011010110110100111111100
11100000100001000101100000000000
10000100100001000000000000000000
01000100000000000010000000000000
00010101000000000000000000000000
11100000100110100010000000000100
10111100000001000000000000000000
00001100000000000000000001110110
00010101000000000000000000000000
10101011010001000000000000000000
10011101110000000000000000001000
10101011000001000000000000000000
00000011111111111111111111011001
10011111100000000000000000000010
10101000110101100000000000000000
10111100000000110000000000000010
00010000000000000000000001100001
10111100000000110000000000000011
00010000000000000000000110011101
10111100000000110000000000000001
00001100000000000000000011111110
10101010010010000000000000000000
10011100100000000000000000000000
10100110100001100000000000000001
10101000010001000000000000000000
10101011000001000000000000000000
00011000101000000000000000001111
10111000100001000000000000010100
10101000101001011111111111111111
10111000011101000000000000011111
11100000010000100010100000000011
10011100001000010000000000110100
11100000010000100010000000000100
10101000111110000000000000000000
11100000010000100001100000000100
10000101001000011111111111111100
10101000110000100000000000000000
10000100001000011111111111011000
11100001011001100000000000000100
11100001100001110000000000000100
10000100010000011111111111011100
10000101110000011111111111100000
10000110010000011111111111100100
10000110100000011111111111101000
10000110110000011111111111101100
10000111000000011111111111110000
10000111010000011111111111110100
01000100000000000100100000000000
10000111100000011111111111111000
11100000010110100010000000000100
10111100000000100000000000000000
00010000000000000000000001000110
10011101110000000000000000000100
10111100000110100000000000000000
00010000000000000000000100100100
10101000011001000000000000000000
10101000011110100000000000000000
11010100000000010010000000001000
11010100000000010010100000000100
00000100000000000000010100011100
11010100000000010011000000000000
10000100100000010000000000001000
10000100101000010000000000000100
10000100110000010000000000000000
10011100011010111111111111110101
10111101010000110000000000011100
00010000000000000000000100010101
10011100010010111111111111011000
10011100010000000000000000011101
10011111000010111111111111111000
11100000011000100001100000000010
11100000010110101100000000001000
11100000011001000001100001001000
11100011000001001100000000001000
11100011010000110001000000000100
10011101011010110000001111110011
10011101110000000000000000000000
11100010010000000101100000000010
00000011111111111111111110010111
10101011100011100000000000000000
11100000110000100011000000000100
10111100000001100000000000000000
00001111111111111111111110100110
10011100011000000000000000000011
10101000010001100000000000000000
10011100011000000000000000000010
00000011111111111111111110100010
10101000111001100000000000000000
11100000011000100011000000000100
10111100000000110000000000000000
00010000000000000000000000011100
10101000111010110000000000000000
10111100000000100000000000000000
00010000000000000000000011110101
10101000011001100000000000000000
10101000011000100000000000000000
00000100000000000000010011110111
11010100000000010011000000000000
10000100110000010000000000000000
10011100011010111111111111110101
10111101010000110000000000011100
00010000000000000000000011101001
10011100100000000000000000011101
10011100111010111111111111111000
11100000100001000001100000000010
11100000010000100011100000001000
11100000100001100010000001001000
11100000111001100011100000001000
11100000010001000001000000000100
10011101011010110000001111110011
10011100011000000000000000000000
00000011111111111111111110001001
11100001011000000101100000000010
10011100010000000000000000000000
10100110100001100000000000000001
10011100100000000000011111111111
00000011111111111111111110100110
10101011000000100000000000000000
10101000010010110000000000000000
00000011111111111111111110000001
10011100011000000000000000000001
10101011010100100000000000000000
10101011000100100000000000000000
00000011111111111111111101101010
10011111100000000000000000000001
10011101110000000000000000001100
00000011111111111111111101100111
10011111100000000000000000000011
00011000010000000000000000001111
10011110100000000000000000000000
10101000010000101111111111111111
10011111000000001111111111111111
00000011111111111111111110010110
10011100100000000000011111111111
10101000010110100000000000000000
10101000111110000000000000000000
00000011111111111111111110000111
10101000011111000000000000000000
10101000010110100000000000000000
10101000111110000000000000000000
10101000110101000000000000000000
00000011111111111111111110000010
10101000011111000000000000000000
10111001110001110000000001010000
10111001111110000000000001010000
10100100101110001111111111111111
10100100111001111111111111111111
11100001100011100010101100000110
11100010011001110010101100000110
11100000100001110111101100000110
10111001101100110000000001010000
11100001100011000010000000000000
11100001101011010110000000000000
11100100101001000110100000000000
00010000000000000000000000000100
11100000011011110111001100000110
00011000100000000000000000000001
11100000011000110010000000000000
10111010100000100000000001010000
10100101100000101111111111111111
10111000100011010000000000010000
11100010110011000010101100000110
11100000010011000111101100000110
11100000101101000010101100000110
10111001011101100000000001010000
11100000101001010001000000000000
10100110011100111111111111111111
11100000101010110010100000000000
10111001101011010000000001010000
11100100101000100010100000000000
11100010001001001001100000000000
00010000000000000000000000000100
11100001111011111010001100000110
00011001011000000000000000000001
11100001111011110101100000000000
10111010101110100000000001010000
10100111010110101111111111111111
10111011000001010000000000010000
11100010111001111101001100000110
11100001011001111010101100000110
11100000100110100111001100000110
10111000010101110000000001010000
11100000100001000101100000000000
10100110110101101111111111111111
11100010011000100010000000000000
10111000100001010000000001010000
11100010110110001011000000000000
11100100101010111001100000000000
11100001111001000111100000000000
11100001101011011011000000000000
00010000000000000000000000000100
11100001110011101010101100000110
00011000010000000000000000000001
11100001110011100001000000000000
11100000101011001101001100000110
11100001100011001010101100000110
11100011010110101010001100000110
10111001011001010000000001010000
11100011010110100110000000000000
10111000100100110000000001010000
11100001011010111101000000000000
10111000010100110000000000010000
10100100111101111111111111111111
11100100101011000101100000000000
11100001110001000111000000000000
11100000111000100011100000000000
00010000000000000000000000000100
11100010100101001010101100000110
00011000100000000000000000000001
11100010100101000010000000000000
11100000011000110110100000000000
11100100010101100001100000000000
00010000000000000000000000000011
10011101100000000000000000000001
10011101100000000000000000000000
10111000100010110000000000010000
10100100101001011111111111111111
11100000011001110001100000000000
11100000100001000010100000000000
11100100010001110001100000000000
11100000100001000111100000000000
10011100010000000000000000000001
00010000000000000000000000000011
11100010011011000010000000000000
10011100010000000000000000000000
11100001101011101001100000000000
11100100010011110010000000000000
11100000111000100110100000000000
00010000000000000000000000000011
10011111010000000000000000000001
10011111010000000000000000000000
11100100010011001001100000000000
00010000000000000000000000000011
10011100100000000000000000000001
10011100100000000000000000000000
11100000100110100010000000000100
10111001011010110000000001010000
10100111010001000000000011111111
11100100010011100110100000000000
11100011010110100101100000000000
00010000000000000000000000000011
10011100100000000000000000000001
10011100100000000000000000000000
11100100010000100011100000000000
00010000000000000000000000000011
10011100101000000000000000000001
10011100101000000000000000000000
11100000101001000010100000000100
10111000100000110000000000001001
10100100101001010000000011111111
10111000010001110000000001010111
11100000101110100010100000000000
11100000100001001000100000000100
11100000101001011010000000000000
11100001011000000010000000000010
10111000101001010000000000001001
11100000100010110010000000000100
00011001011000000000000100000000
11100000010001010001000000000100
10111000011000110000000001010111
10111000100001000000000001011111
11100000101000100101100000000011
10111000111001110000000000001001
11100000100001000001100000000100
10111100000001010000000000000000
00010000000000000000000000001001
11100000111001000011100000000100
10111000100001110000000001000001
10100100011001110000000000000001
10111000111000100000000000011111
11100000011001000001100000000100
10111000010000100000000001000001
11100000111001110001100000000100
10101010010010000000000000000000
10011100100100100000001111111111
10111101101001000000000000000000
00010000000000000000000001001111
10100100011001110000000000000111
10111100000000110000000000000000
00010000000000000000000000001101
00011001011000000000000100000000
10100100011001110000000000001111
10111100000000110000000000000100
00010000000000000000000000001001
10011100011001110000000000000100
11100100010001110001100000000000
00010000000000000000000000000011
10011100101000000000000000000001
10011100101000000000000000000000
11100000010000100010100000000000
10101000111000110000000000000000
00011001011000000000000100000000
11100000011000100101100000000011
10111100000000110000000000000000
00010000000000000000000000000111
10111101101001000000011111111110
00011000011000001111111011111111
10011100100100100000010000000000
10101000011000111111111111111111
11100000010000100001100000000011
10111101101001000000011111111110
00001111111111111111111101000100
10111000101000100000000000011101
10111000111001110000000001000011
10111000010000100000000001000011
10100100100001000000011111111111
11100011000001010011100000000100
00011000101000000000000000001111
10100110100001100000000000000001
10101000101001011111111111111111
00000011111111111111111011100100
11100000010000100010100000000011
00011000100000000000000000001000
11100000011110100010000000000011
10111100001000110000000000000000
00001100000000000000000000001110
00011000101000000000000000001111
00011001011000000000000000001000
11100000011000100101100000000011
10111100001000110000000000000000
00010000000000000000000000001001
00011000011000000000000000001111
11100000010000100101100000000100
10101000011000111111111111111111
10101010100101100000000000000000
11100000010000100001100000000011
10101011000001110000000000000000
00000011111111111111111011010100
10011100100000000000011111111111
11100000010110100010000000000100
10101000101001011111111111111111
10011100100000000000011111111111
00000011111111111111111011001110
11100000010000100010100000000011
10011100010010111111111111011000
10011100111000000000000000000000
00000011111111111111111100011101
11100000010001100001000000001000
00000100000000000000010000000101
11010100000000010011000000000000
10000100110000010000000000000000
00000011111111111111111100001110
10011101011010110000000000100000
10011111000000000000000000000000
00000011111111111111111011110011
11100011010001000001000000001000
11010100000000010010000000001000
11010100000000010010100000000100
00000100000000000000001111111011
11010100000000010011000000000000
10000100110000010000000000000000
10011101011010110000000000100000
10000100101000010000000000000100
00000011111111111111111011011111
10000100100000010000000000001000
10011100011000000000000000000001
11100000011000110010000000000010
10111101101000110000000000111000
00001111111111111111111010110000
10111101010000110000000000011111
00010000000000000000000000100101
10011100101000001111111111100001
10011100100000000000000000100000
11100000101001110001100001001000
11100000100001000001100000000010
11100000011000100001100001001000
11100000111001110010000000001000
11100000100000100010000000001000
11100000010000000011100000000010
11100000100001000010100000000100
11100000111000100011100000000100
10111000010001110000000001011111
11100000101001000001000000000100
10100100010001010000000000000111
10111100001000100000000000000000
00001100000000000000000000001101
00011001011000000000000010000000
10100100010001010000000000001111
10111100000000100000000000000100
00010000000000000000000000001001
10101000100001010000000000000000
10011100101001000000000000000100
11100100010001000010100000000000
00010000000000000000000000000011
10011100010000000000000000000001
10011100010000000000000000000000
11100000011000110001000000000000
00011001011000000000000010000000
11100000010000110101100000000011
10111100000000100000000000000000
00010000000000000000000000011100
00010101000000000000000000000000
10011100010000000000000000000000
10100110100001100000000000000001
10011100100000000000000000000001
00000011111111111111111010001111
10101011000000100000000000000000
10111100000000110000000000100000
11100000100001010010000000000010
00010000000000000000000000011110
11100000100000100010000001001000
10011100101000000000000001000000
11100000011001010001100000000010
11100000010000100001100000001000
11100000111000100011100000000100
11100000010000000011100000000010
11100000111000100011100000000100
10111000010001110000000001011111
11100000100001000001000000000100
10100100011001000000000000000111
10111100001000110000000000000000
00001100000000000000000000001101
10101000010000110000000000000000
10100100010001000000000000001111
10011100011000000000000000000000
10111100001000100000000000000100
00010011111111111111111111011101
10101000101001000000000000000000
10101000100001010000000000000000
00011000101000000000000000001111
10111000010000110000000001000011
10101000101001011111111111111111
10111000011000110000000000011101
11100000010000100010100000000011
10111000101001000000000001000011
10100110100001100000000000000001
10011100100000000000000000000000
00000011111111111111111001101111
11100011000001010001100000000100
00000011111111111111111111100111
10011100010000000000000000000000
00011001011000000000000000001000
00011000011000000000000000001111
11100000010000100101100000000100
10101000011000111111111111111111
10100110100001100000000000000001
11100000010000100001100000000011
10101011000001110000000000000000
00000011111111111111111001100100
10011100100000000000011111111111
11010111111000010001011111101100
00011000010000000000000000001111
10111001101001010000000001010100
10101000010000101111111111111111
11010111111000010111011111110000
11100000111000110001000000000011
11100001000001010001000000000011
10100101101011010000011111111111
10111001110000110000000001010100
10111001100001110000000000000011
10111001011010000000000000000011
10111000111001000000000001011101
10111001000001100000000001011101
11010111111000011001011111110100
11010111111000010100111111111100
11010111111000010000111111101000
11010111111000011010011111111000
10111100001011010000011111111111
10111010010000110000000001011111
10011100001000011111111111101000
10100101110011100000011111111111
11100000111011000011100000000100
10111000010001000000000000000011
10111000011001010000000001011111
11100001000010110100000000000100
00001100000000000000000001000011
10111000110001100000000000000011
10101100101000110000000000000001
11100100001001011001000000000000
00001100000000000000000001000110
11100000011011100110100000000010
10111101101000110000000000000000
00010000000000000000000011110010
10111100001011010000000000000000
00010000000000000000000001101101
10111100000011100000011111111111
11100000100010000011000000000100
10111100000001000000000000000000
00001100000000000000000011010010
10011100011000111111111111111111
10100100011000100000000000000111
10111100000000110000000000000000
00010000000000000000000000001100
00011000100000000000000010000000
10100100011000100000000000001111
10111100000000110000000000000100
00010000000000000000000000000111
10011100011000100000000000000100
11100100010000100001100000000000
00001100000000000000000011000101
10011100100000000000000000000001
11100000111001110010000000000000
10101000010000110000000000000000
00011000100000000000000010000000
11100000011001110010000000000011
10111100000000110000000000000000
00010000000000000000000010101000
10011100100011100000000000000001
10111100001001000000011111111111
00001100000000000000000011110000
00011001011000001111111101111111
00011001100000000000000000001111
10101001011010111111111111111111
10111000010000100000000001000011
11100000111001110101100000000011
10101001100011001111111111111111
10111000011001110000000000011101
10111000111001110000000001000011
10100100100001000000011111111111
11100000010000110001000000000100
11100000111001110110000000000011
10100100011100100000000000000001
00011000101000000000000000001111
10100100100001000000011111111111
10101000101001011111111111111111
10111000100001000000000000010100
11100000111001110010100000000011
10111000011000110000000000011111
11100000111001110010000000000100
10011100001000010000000000011000
11100000111001110001100000000100
10101000101000100000000000000000
10101000100001110000000000000000
10000101001000011111111111111100
10000100001000011111111111101000
11100001011001000000000000000100
11100001100001010000000000000100
10000100010000011111111111101100
10000101110000011111111111110000
10000110010000011111111111110100
01000100000000000100100000000000
10000110100000011111111111111000
11100000100010000011000000000100
10111100000001000000000000000000
00010011111111111111111110111101
10101000101000110000000000000000
11100100001001011001000000000000
00010011111111111111111110111110
11100000011011100110100000000010
10111101101000110000000000000000
00010000000000000000000011011100
10111100001011010000000000000000
00001100000000000000000010011101
11100000100010000011000000000100
10111100000011100000011111111111
00010011111111111111111110111111
00011001100000000000000010000000
11100001000010000110000000000100
10111101010000110000000000111000
00001100000000000000000100110001
10111101010000110000000000011111
11100000110010000011000000000100
10011100011000000000000000000000
11100000100000000011000000000010
11100000110001000011000000000100
10111000100001100000000001011111
11100000100001000001000000000000
11100000111000110011100000000000
11100100010000100010000000000000
00010000000000000000000000000011
10011100010000000000000000000001
10011100010000000000000000000000
11100000111000100011100000000000
10101000010001000000000000000000
00011001100000000000000010000000
11100000011001110110000000000011
10111100000000110000000000000000
00010000000000000000000101100001
00010101000000000000000000000000
10011101110011100000000000000001
10111100000011100000011111111111
00010000000000000000000110011111
10101010010001010000000000000000
00011000011000001111111101111111
10101000011000111111111111111111
11100000111001110001100000000011
10111000011000100000000001000001
10100100010000100000000000000001
10111000100001110000000000011111
11100000010000110001000000000100
10111000111001110000000001000001
00000011111111111111111110011011
11100000010001000001000000000100
00010011111111111111111110011001
00011000100000000000000010000000
11100001000010000010000000000100
10111101010000110000000000111000
00010000000000000000000010100111
10111101010000110000000000011111
00010000000000000000000011010011
10011100100000111111111111100000
10011100101000000000000000100000
11100000100001100001100001001000
11100000101001010001100000000010
11100000011010000001100001001000
11100000110001100010100000001000
11100001000010000010100000001000
11100000101000000011000000000010
11100000100010000010000000000100
11100000110001010011000000000100
10111000110001100000000001011111
11100000100001000011000000000100
11100000100000100010000000000010
11100000011001110001100000000010
11100100100000100010000000000000
00010000000000000000000000000011
10011100111000000000000000000001
10011100111000000000000000000000
11100000111000110011100000000010
10101000010001000000000000000000
00011000101000000000000010000000
11100000011001110010100000000011
10111100000000110000000000000000
00010000000000000000000000110000
10100100011000100000000000000111
00011001011000000000000001111111
10101001011010111111111111111111
11100010100001110101100000000011
10111100000101000000000000000000
00010000000000000000000010000011
00010101000000000000000000000000
00000100000000000000001011101010
10101000011101000000000000000000
10011100100010111111111111111000
10111101010001000000000000011111
00010000000000000000000001111010
10011101011010111111111111011000
10011100011000000000000000100000
11100001011101000010000000001000
11100000011000110010000000000010
11100000011000100001100001001000
11100000010000100010000000001000
11100001011000110101100000000100
11100101010011100010000000000000
00010000000000000000000001101101
00011001100000001111111101111111
11100000100001000111000000000010
10011100111001000000000000000001
10111101010001110000000000011111
00010000000000000000000010010011
10011100100001001111111111100001
10011100100000000000000000100000
11100000101000100011100001001000
11100000100001000011100000000010
11100000111010110011100001001000
11100000011000100010000000001000
11100001011010110010000000001000
10011101110000000000000000000000
11100000010000000001100000000010
11100001011010110010100000000100
11100000011000100001100000000100
10111000011000110000000001011111
00000011111111111111111101010100
11100000010010110001100000000100
11100000111001000001100000000100
10111100000001110000000000000000
00010000000000000000001000000100
10101000010001110000000000000000
10101000111000110000000000000000
10101000010001000000000000000000
10100100011000100000000000000111
10111100001000110000000000000000
00010011111111111111111101001111
10100100011000100000000000001111
10111000100001110000000000011101
10111000010000100000000001000011
10111000111001110000000001000011
10100100011100100000000000000001
11100000010001000001000000000100
10111100000011100000011111111111
00010000000000000000000000000110
00011000101000000000000000001111
10100100100011100000011111111111
10101000101001011111111111111111
00000011111111111111111101011110
11100000111001110010100000000011
11100000100001110001000000000100
10111100000001000000000000000000
00010000000000000000000110110111
00011001011000000000000000001000
00011001100000000000000000001111
11100000111001110101100000000100
10101001100011001111111111111111
10101000100011100000000000000000
00000011111111111111111101010100
11100000111001110110000000000011
00000011111111111111111100111101
10011100100000000000000000000000
10111100001000110000000000000000
00010000000000000000000001011101
10111100000011100000011111111111
11100000110000100011000000000010
11100000111001110100000000000010
11100100100000100011000000000000
00001100000000000000000010101110
10011100010000000000000000000001
11100000111001110001000000000010
00000011111111111111111110101001
10101000010001100000000000000000
10111100000001000000000000000000
00010011111111111111111100100100
10011100011000111111111111111111
10111100001000110000000000000000
00010000000000000000000010110110
10111100000011100000011111111111
11100000110000100011000000000000
11100000111001110100000000000000
11100100010000100011000000000000
00010000000000000000000000000011
10011100010000000000000000000001
10101000010011010000000000000000
11100000111000100011100000000000
00000011111111111111111101101100
10101000010001100000000000000000
10111100000000110000000000000000
00001100000000000000000001100010
10011100100011100000000000000001
10100100100001000000011111111111
10111101010001000000000000000001
00001100000000000000000011001011
11100001100000100011000000000010
11100000100001110100000000000010
11100100100000100110000000000000
00010000000000000000000000000011
10011110100000000000000000000001
10101010100000110000000000000000
11100010100001001010000000000010
00011000100000000000000010000000
11100000011101000010000000000011
10111100000000110000000000000000
00010000000000000000000001110100
11100000111010000011100000000010
11100000010001100001000000000010
11100100100001100001000000000000
00001100000000000000000010010101
10011110100000000000000000000001
11100010100001111010000000000010
00000011111111111111111110001001
10101010010001010000000000000000
10011100111000000000000000000000
10100100011100100000000000000001
00000011111111111111111100011011
10101000010001110000000000000000
11100001110011100010000000000010
10101001100011001111111111111111
00000011111111111111111011110111
11100000111010110110000000000011
11100001011000100101100000001000
00000011111111111111111110001101
10011100010000000000000000000000
00000100000000000000001001101001
10101000011000100000000000000000
00000011111111111111111101111111
10011101011010110000000000100000
11100000110010000011000000000100
10011100011000000000000000000000
11100000100000000011000000000010
11100000110001000011000000000100
00000011111111111111111101100100
10111000100001100000000001011111
10111100000000110000000000000000
00001100000000000000000011000010
10011101011011100000000000000001
10100100100010110000011111111111
10111101010001000000000000000001
00001100000000000000000010000000
10111100000010110000011111111111
00010000000000000000000011100101
11100000110000100011000000000000
11100000111001110100000000000000
11100100010000100011000000000000
00010000000000000000000000000011
10011101000000000000000000000001
10101001000000110000000000000000
11100000111010000011100000000000
10111000110001100000000001000001
10111000010001110000000000011111
10101001110010110000000000000000
10111000111001110000000001000001
11100000010000100011000000000100
00000011111111111111111011010100
10101010010001010000000000000000
00001111111111111111111100111101
10111101010000110000000000111000
00000011111111111111111011010001
10100100011000100000000000000111
10111100000001110000000000100000
00010000000000000000000001100110
11100000100010110010000001001000
10011100011000000000000001000000
11100000111000110011100000000010
11100001011010110011100000001000
11100000010000100101100000000100
10011100111000000000000000000000
11100000011000000001000000000010
10101001110001110000000000000000
11100000010000110001000000000100
10111000010000100000000001011111
00000011111111111111111101110110
11100000010001000001000000000100
10111100000000110000000000100000
00010000000000000000000001011010
11100000100010000010000001001000
10011100101000000000000001000000
11100000011001010001100000000010
11100001000010000001100000001000
11100000110010000011000000000100
10011100011000000000000000000000
11100000101000000011000000000010
11100000110001010011000000000100
10111000110001100000000001011111
00000011111111111111111100101111
11100000100001000011000000000100
10111100001011100000000000000000
00001100000000000000000000111000
11100000100001110001000000000100
10111100000011010000011111111111
00010000000000000000000010000101
00011001011000000000000010000000
11100000011000000001100000000010
11100000111001110101100000000100
10111101010000110000000000111000
00010000000000000000000010101000
10111101010000110000000000011111
00010000000000000000000100101011
10011101011000111111111111100000
10011101011000000000000000100000
11100001100000100001100001001000
11100001011010110001100000000010
11100000011001110001100001001000
11100000100000100101100000001000
11100000111001110101100000001000
11100000010000000010000000000010
11100000111001110110000000000100
11100000010000100010000000000100
10111000010000100000000001011111
11100000010001110001000000000100
11100000010001100001000000000010
11100000111010000001100000000010
11100100100001100001000000000000
00001100000000000000000000101001
10011100011000000000000000000001
11100000111001110001100000000010
10101001110011010000000000000000
00000011111111111111111100010110
10101010010001010000000000000000
11100000111011001010000000000100
10111100000001110000000000000000
00001111111111111111111100011010
10101000010011000000000000000000
10101000010001110000000000000000
10101000011001110000000000000000
00000011111111111111111101001001
10101001110001110000000000000000
00010000000000000000000001010001
10111100000000110000000000100000
10011101011000000000000000100000
11100000100001100001100001001000
11100001011010110001100000000010
11100000011010000001100001001000
11100000110001100101100000001000
11100001000010000101100000001000
11100001011000000011000000000010
11100000100010000010000000000100
11100000110010110011000000000100
10111000110001100000000001011111
00000011111111111111111011001010
11100000100001000011000000000100
00000011111111111111111101010100
10101000010011010000000000000000
10111100000001000000000000000000
00010000000000000000000001001111
10101100011000111111111111111111
10111100001000110000000000000000
00010000000000000000000001001010
10111100000011010000011111111111
11100000010001100001000000000010
11100000111010000011100000000010
11100100100001100001000000000000
00010011111111111111111111011011
10011100011000000000000000000001
00000011111111111111111111011001
10011100011000000000000000000000
00000011111111111111111101101101
10011110100000000000000000000000
00001111111111111111111010110000
10111101010000110000000000111000
00000011111111111111111001101010
10100100011000100000000000000111
00000011111111111111111110011111
10011101011000000000000000000000
00000011111111111111111110101011
10011101000000000000000000000000
10111100001011100000000000000000
00010000000000000000000011000001
11100000011001110001000000000100
10111100000000110000000000000000
00010000000000000000000011111101
11100000011010000011000000000100
10111100000000110000000000000000
00010011111111111111111001011100
00010101000000000000000000000000
11100000110000100011000000000000
11100000111001110100000000000000
11100100010000100011000000000000
00010000000000000000000000000011
10011100010000000000000000000001
10101000010011100000000000000000
11100000111000100011100000000000
00011001011000000000000010000000
11100000010001110101100000000011
10111100000000100000000000000000
00010000000000000000000100000110
00011001100000001111111101111111
10101000010001100000000000000000
10101001100011001111111111111111
10101010010001010000000000000000
11100000111001110110000000000011
00000011111111111111111001001010
10011101110000000000000000000001
00000011111111111111111011111100
10101010010001010000000000000000
10111100001011100000000000000000
00010000000000000000000000110011
11100000011001110001000000000100
10111100001000110000000000000000
00010000000000000000000001101000
00010101000000000000000000000000
11100000111010000011000000000100
10111100000001110000000000000000
00010000000000000000000011001110
10101010010001010000000000000000
10101000111010000000000000000000
00000011111111111111111000111011
10101000010001100000000000000000
10011100100000111111111111100000
00010000000000000000000010111001
11100000100010000010000001001000
10011101011000000000000001000000
11100000011010110001100000000010
11100001000010000001100000001000
11100000110010000011000000000100
10011100011000000000000000000000
11100001000000000011000000000010
11100000110010000011000000000100
10111000110001100000000001011111
00000011111111111111111001111010
11100000100001000011000000000100
00001111111111111111111110000010
10111101010000110000000000111000
10101000111010000000000000000000
10101000010001100000000000000000
10101001110011010000000000000000
00000011111111111111111000100111
10101010010001010000000000000000
10111100001011100000000000000000
00010000000000000000000000101101
10111100000011010000011111111111
11100000100001110001000000000100
10111100000001000000000000000000
00010000000000000000000001111011
10101100011000111111111111111111
10111100001000110000000000000000
00010000000000000000000001110110
10111100000011010000011111111111
11100000010000100011000000000000
11100000111001110100000000000000
11100100010001100001000000000000
00010000000000000000000000000011
10011100011000000000000000000001
10101000011011100000000000000000
11100000111000110011100000000000
00000011111111111111111001101000
10101001110011010000000000000000
10111100001000110000000000000000
00010000000000000000000001001111
11100000011010000011000000000100
11100000010010000011000000000100
10111100000000100000000000000000
00010000000000000000000010100000
00011000100000000000000000001111
10101000111010000000000000000000
10101000010001100000000000000000
10101010010001010000000000000000
00000011111111111111111000001000
10011101110000000000011111111111
10011100111000000000000000000000
10101000011001010000000000000000
00000011111111111111111011000001
10101000010001110000000000000000
11100000010001110001000000000100
10011100011000000000000000000000
11100000100000000001000000000010
11100000010001000001000000000100
00000011111111111111111101100011
10111000010000100000000001011111
10101000111000110000000000000000
10101001110010110000000000000000
10101000011001010000000000000000
00000011111111111111111010110110
10101000010001110000000000000000
00010000000000000000000001010010
00011000100000000000000010000000
11100000011000000001100000000010
11100000111001110010000000000100
10111101010000110000000000111000
00010000000000000000000010001010
10111101010000110000000000011111
00010000000000000000000010010101
10011101011000111111111111100000
10011101011000000000000000100000
11100001100000100001100001001000
11100001011010110001100000000010
11100000011001110001100001001000
11100000100000100101100000001000
11100000111001110101100000001000
11100000010000000010000000000010
11100000111001110110000000000100
11100000010000100010000000000100
10111000010000100000000001011111
11100000010001110001000000000100
11100000010000100011000000000000
11100001000000110100000000000000
11100100010001100001000000000000
00010000000000000000000000000011
10011100111000000000000000000001
10011100111000000000000000000000
11100000111001110100000000000000
00000011111111111111111000110000
10101001110011010000000000000000
11100000011010000011000000000100
10111100000000110000000000000000
00010011111111111111110111011001
10100100011000100000000000000111
11100000100000100011000000000010
11100000011001110100000000000010
11100100100000100010000000000000
00010000000000000000000000000011
10011101011000000000000000000001
10101001011011100000000000000000
11100000011000110101100000000010
00011001100000000000000010000000
11100001011000110110000000000011
10111100000010110000000000000000
00010011111111111111111001111010
11100000010001100001000000000010
11100000111010000011100000000010
11100100100001100001000000000000
00010000000000000000000000000011
10011100011000000000000000000001
10011100011000000000000000000000
11100000111001110001100000000010
00000011111111111111110111000100
10101010010001010000000000000000
10111100000000110000000000000000
00010011111111111111110111000001
10011101110000000000011111111111
10111000011001110000000001000011
00011001011000000000000000001000
10111000010000100000000001000011
11100000100000110101100000000011
10111000111001110000000000011101
10111100000001000000000000000000
00010000000000000000000000001100
11100000010001110001000000000100
10111000100010000000000001000011
11100000111001000101100000000011
10111100001001110000000000000000
00010000000000000000000000000111
00010101000000000000000000000000
10111000110001100000000001000011
10111000010010000000000000011101
10101000011001000000000000000000
10101010010001010000000000000000
11100000010000100011000000000100
10111000111000100000000001011101
10111000011000110000000000000011
10111000010000100000000000000011
10011101110000000000011111111111
00000011111111111111110110101001
11100000111001110001100000000100
00001111111111111111111110110101
10111101010000110000000000111000
10101000111010000000000000000000
10101000010001100000000000000000
00000011111111111111110110100011
10101001110011010000000000000000
10111100000000110000000000000000
00010000000000000000000001000001
11100000011010000011000000000100
10111100000000110000000000000000
00010011111111111111110110011101
10011101110000000000011111111111
10111000011001110000000001000011
00011001011000000000000000001000
10111000010000100000000001000011
11100000100000110101100000000011
10111000111001110000000000011101
10111100000001000000000000000000
00010000000000000000000000001011
11100000010001110001000000000100
10111000100010000000000001000011
11100000111001000101100000000011
10111100001001110000000000000000
00010000000000000000000000000110
00010101000000000000000000000000
10111000110001100000000001000011
10111000010010000000000000011101
10101000011001000000000000000000
11100000010000100011000000000100
10111000111000100000000001011101
10111000011000110000000000000011
10111000010000100000000000000011
10101010010001010000000000000000
11100000111001110001100000000100
00000011111111111111110110000101
10011101110000000000011111111111
10101000010001000000000000000000
10101000100011100000000000000000
00000011111111111111110110100001
10101000111000100000000000000000
00000011111111111111111101001100
10011101000000000000000000000000
10111100000000110000000000100000
00010000000000000000000000101110
11100001011001110101100001001000
10011100100000000000000001000000
11100000011001000001100000000010
11100000100001110001100000001000
11100000100001000001000000000100
10011100011000000000000000000000
11100000010000000010000000000010
11100000010000100010000000000100
10111000010000100000000001011111
00000011111111111111111011010111
11100000010010110001000000000100
10101000010011100000000000000000
00000011111111111111111000101100
10101000011011100000000000000000
10101000011000100000000000000000
10101000111001001111111111111111
10011100010000001111111111111111
00000011111111111111111000100111
10011101110000000000011111111111
11100000010001110001000000000100
10011100011000000000000000000000
11100000100000000001000000000010
11100000010001000001000000000100
00000011111111111111111110000001
10111000010000100000000001011111
10101000111010000000000000000000
00000011111111111111110101100001
10101000010001100000000000000000
10101000111010000000000000000000
10101000010001100000000000000000
00000011111111111111110101011101
10011101110000000000011111111111
10111100000000110000000000100000
00010000000000000000000000010011
11100001011001110101100001001000
10011100100000000000000001000000
11100000011001000001100000000010
11100000100001110001100000001000
11100000100001000001000000000100
10011100011000000000000000000000
11100000010000000010000000000010
11100000010000100010000000000100
10111000010000100000000001011111
00000011111111111111111101101101
11100000010010110001000000000100
00000011111111111111111111010111
10011100100000000000000000000000
00000011111111111111111000001001
10101000011001110000000000000000
10101000010001100000000000000000
00000011111111111111110111111101
10101010010001010000000000000000
00000011111111111111111111110010
10011100100000000000000000000000
11010111111000010001011111111100
00011000010000000000000000001111
10111000111000110000000001010100
10101000010000101111111111111111
10111001000001010000000001010100
10100100111001110000011111111111
11100000011000110001000000000011
00011000010000000000000000001111
11010111111000010000111111111000
10101000010000101111111111111111
10111100001001110000011111111111
10011100001000011111111111111000
11100000101001010001000000000011
00001100000000000000000000001001
10100101000010000000011111111111
10111100001010000000011111111111
00001100000000000000000000001101
10011101011000000000000000000000
10011100001000010000000000001000
10000100001000011111111111111000
01000100000000000100100000000000
10000100010000011111111111111100
11100000011000110010000000000100
10111100001000110000000000000000
00010011111111111111111111111010
10011101011000000000000000000001
10111100001010000000011111111111
00010011111111111111111111110111
10011101011000000000000000000000
11100000101001010011000000000100
10011100001000010000000000001000
11100000110000000010100000000010
10000100001000011111111111111000
11100000101001100010100000000100
10000100010000011111111111111100
01000100000000000100100000000000
10111001011001010000000001011111
10111000101000110000000001010100
11010111111000010001011111111100
00011000010000000000000000001111
10100100101001010000011111111111
11010111111000010000111111111000
10101000010000101111111111111111
10111101101001010000001111111110
11100000110000110001000000000011
10011100001000011111111111111000
10111000011000110000000001011111
00010000000000000000000000010001
10011101011000000000000000000000
10111101101001010000010000011101
00001100000000000000000000010010
10011100111000000000010000110011
00011000010000000000000000010000
11100000111001110010100000000010
10111101010001110000000000011111
00001100000000000000000000010100
11100000110001100001000000000100
10011100100000000000010000010011
11100000101001000010100000000010
11100000101001100010100001001000
10111100001000110000000000000000
00010000000000000000000000000011
11100001011000000010100000000010
10101001011001010000000000000000
10011100001000010000000000001000
10000100001000011111111111111000
01000100000000000100100000000000
10000100010000011111111111111100
10011100001000010000000000001000
00011000010000000111111111111111
10000100001000011111111111111000
10101000010000101111111111111111
11100001011000110001000000000000
01000100000000000100100000000000
10000100010000011111111111111100
10011100101001011111101111101101
11100000100001000011100001001000
11100000101001100010100000001000
00000011111111111111111111101110
11100000101001010010000000000100
11010111111000010001011111110100
11010111111000010100111111111100
11010111111000010000111111110000
11010111111000010111011111111000
10111100000000110000000000000000
10011100001000011111111111110000
00010000000000000000000000110011
10101000010000110000000000000000
10111000011000110000000010011111
10111001110000100000000001011111
11100000010000100001100000000101
11100000010000100001100000000010
00000100000000000000000001100000
10101000011000100000000000000000
10011100011000000000010000011110
10011100101000000000010000110011
11100000011000110101100000000010
11100000101001010001100000000010
10111101010001010000000000011111
00001100000000000000000000011101
10011100100000000000000000001011
10011101011000000000010000010011
00011000110000000000000000001111
11100001011010110001100000000010
10101000110001101111111111111111
11100000010000100101100000001000
10100100100000110000011111111111
10011100101000000000000000000000
10101000011011100000000000000000
11100000010000100011000000000011
00011000110000000000000000001111
10100100100001000000011111111111
10101000110001101111111111111111
10111000100001000000000000010100
11100000010000100011000000000011
10111000011000110000000000011111
11100000010000100010000000000100
10011100001000010000000000010000
11100000010000100001100000000100
10101000111001010000000000000000
10101000110000100000000000000000
10000101001000011111111111111100
10000100001000011111111111110000
11100001011001100000000000000100
11100001100001110000000000000100
10000100010000011111111111110100
01000100000000000100100000000000
10000101110000011111111111111000
00011000110000000000000000001111
11100001011001000101100000000010
11100000101000100010100000001000
11100000010000100101100001001000
10101000110001101111111111111111
10100100100000110000011111111111
11100000010000100011000000000011
00000011111111111111111111100111
10101000011011100000000000000000
10101000100000110000000000000000
00000011111111111111111111100100
10101000101000110000000000000000
11010111111000010001011111111000
11010111111000010100111111111100
11010111111000010000111111110100
10111100000000110000000000000000
10011100001000011111111111110100
00010000000000000000000000101001
10101000010000110000000000000000
00000100000000000000000000101001
00010101000000000000000000000000
10011100110000000000010000011110
10011100101000000000010000110011
11100000110001100101100000000010
11100000101001010011000000000010
10111101010001010000000000011111
00001100000000000000000000011000
10100100100001100000011111111111
10011100101000000000010000010011
11100000011001010011000000000010
00011000101000000000000000001111
11100000011000100001100000001000
10101000101001011111111111111111
10011100010000000000000000000000
11100000011000110010100000000011
00011000101000000000000000001111
10100100100001000000011111111111
10101000101001011111111111111111
10111000100001000000000000010100
11100000011000110010100000000011
10011100001000010000000000001100
11100000100000110010000000000100
10101000111000100000000000000000
10101000110001000000000000000000
10000101001000011111111111111100
10000100001000011111111111110100
11100001011001100000000000000100
11100001100001110000000000000100
01000100000000000100100000000000
10000100010000011111111111111000
10011100011000000000000000001011
11100000011000110101100000000010
11100000011000100001100001001000
11100000010000100010100000001000
00011000101000000000000000001111
10101000101001011111111111111111
00000011111111111111111111101011
11100000011000110010100000000011
00000011111111111111111111101001
10101000100000110000000000000000
11010111111000010001011111111100
10101000010000001111111111111111
11010111111000010000111111111000
11100100010000110001000000000000
00010000000000000000000000001000
10011100001000011111111111111000
10111100010000110000000011111111
00010000000000000000000000010110
00010101000000000000000000000000
10011100100000000000000000100000
00000000000000000000000000001001
10011100101000000000000000000000
00011000010000000000000011111111
10101000010000101111111111111111
11100100010000110001000000000000
00001100000000000000000000010001
10011100100000000000000000010000
10011100100000000000000000001000
10011100101000000000000000011000
00011000010000000000000000000001
11100000011000110010100001001000
10101000010000100110101000111100
10011100001000010000000000001000
11100000011000110001000000000000
10000100001000011111111111111000
10001101011000110000000000000000
10000100010000011111111111111100
01000100000000000100100000000000
11100001011001000101100000000010
10011100100000000000000000011000
00000011111111111111111111110101
10011100101000000000000000001000
00000011111111111111111111110011
10101000101001000000000000000000
11010111111000010001011111111000
00011000010000000000000000000001
11010111111000010100111111111100
10101000010000101000101111100100
11010111111000010000111111110100
10000100011000101111111111111100
10011100001000011111111111110100
10111100001000111111111111111111
00001100000000000000000000001000
10011100010000101111111111111100
01001000000000000001100000000000
10011100010000101111111111111100
10000100011000100000000000000000
10111100001000111111111111111111
00010011111111111111111111111100
00010101000000000000000000000000
10011100001000010000000000001100
10000101001000011111111111111100
10000100001000011111111111110100
01000100000000000100100000000000
10000100010000011111111111111000
11010111111000010100111111111100
11010111111000010000111111111000
10011100001000011111111111111000
10011100001000010000000000001000
10000101001000011111111111111100
01000100000000000100100000000000
10000100001000011111111111111000
10011100001000011111111111111100
11010100000000010100100000000000
00000111111111111011000000101011
00010101000000000000000000000000
10000101001000010000000000000000
01000100000000000100100000000000
10011100001000010000000000000100
01010011011101000110000101110010
01110100001000000110111101100110
00100000011101000110010101110011
01110100010010010110111001110011
01110100011100100111010101100011
01110100011010010110111101101110
01110011001010000010100100000000
01000101011011100110010000100000
01101111011001100010000001110100
01100101011100110111010001001001
01101110011100110111010001110010
01110101011000110111010001101001
01101111011011100111001100101000
00101001000000000101001101110100
01100001011100100111010000100000
01101111011001100010000001110011
01110111010000100110100101110011
01110100010001100110010101110100
01100011011010000010100000101001
00000000010001010110111001100100
00100000011011110110011000100000
01110011011101110100001001101001
01110011011101000100011001100101
01110100011000110110100000101000
00101001000000000101001101110100
01100001011100100111010000100000
01101111011001100010000001110011
01110111010000100110100101110011
01110100010001000110010101100011
01101111011001000110010100101000
00101001000000000100010101101110
01100100001000000110111101100110
00100000011100110111011101000010
01101001011100110111010001000100
01100101011000110110111101100100
01100101001010000010100100000000
01010011011101000110000101110010
01110100001000000110111101100110
00100000011100110111011101010100
01100101011100110111010001001100
01101001011000100010100000101001
00000000010001010110111001100100
00100000011011110110011000100000
01110011011101110101010001100101
01110011011101000100110001101001
01100010001010000010100100000000
01001000011001010110110001101100
01101111001000000101011101101111
01110010011011000110010000100001
00000000000000000000000000000000
00000000000000011000110000000100
00001010000000000100100101001110
01000110000000000110100101101110
01100110000000000100111001000001
01001110000000000110111001100001
01101110000000000011000000110001
00110010001100110011010000110101
00110110001101110011100000111001
01000001010000100100001101000100
01000101010001100000000000110000
00110001001100100011001100110100
00110101001101100011011100111000
00111001011000010110001001100011
01100100011001010110011000000000
00101000011011100111010101101100
01101100001010010000000000110000
00000000000000000000000000000000
00000000000000000000000000000000
00000000000000000000000000000000
01111111111011111111111111111111
11111111111111111111111111111111
00000000000000000111100000110100
00000000000000000111100001010100
00000000000000000111100001010100
00000000000000000111100001001100
00000000000000000111100001010100
00000000000000000111100001010100
00000000000000000111100001010100
00000000000000000111100001010100
00000000000000000111100001010100
00000000000000000111100001010100
00000000000000000110111101100000
00000000000000000111000001110100
00000000000000000111100001010100
00000000000000000110111101111100
00000000000000000111001010110000
00000000000000000111100001010100
00000000000000000111001001101100
00000000000000000111001001110100
00000000000000000111001001110100
00000000000000000111001001110100
00000000000000000111001001110100
00000000000000000111001001110100
00000000000000000111001001110100
00000000000000000111001001110100
00000000000000000111001001110100
00000000000000000111001001110100
00000000000000000111100001010100
00000000000000000111100001010100
00000000000000000111100001010100
00000000000000000111100001010100
00000000000000000111100001010100
00000000000000000111100001010100
00000000000000000111100001010100
00000000000000000111100001010100
00000000000000000111100001010100
00000000000000000111100001010100
00000000000000000111010111011100
00000000000000000111011001010100
00000000000000000111100001010100
00000000000000000111011001010100
00000000000000000111100001010100
00000000000000000111100001010100
00000000000000000111100001010100
00000000000000000111100001010100
00000000000000000111011110011000
00000000000000000111100001010100
00000000000000000111100001010100
00000000000000000111001110101100
00000000000000000111100001010100
00000000000000000111100001010100
00000000000000000111100001010100
00000000000000000111100001010100
00000000000000000111100001010100
00000000000000000111010000110100
00000000000000000111100001010100
00000000000000000111100001010100
00000000000000000111010011011100
00000000000000000111100001010100
00000000000000000111100001010100
00000000000000000111100001010100
00000000000000000111100001010100
00000000000000000111100001010100
00000000000000000111100001010100
00000000000000000111100001010100
00000000000000000111100001010100
00000000000000000111100001010100
00000000000000000111100001010100
00000000000000000111010110001000
00000000000000000111100000100000
00000000000000000111011001010100
00000000000000000111011001010100
00000000000000000111011001010100
00000000000000000111100000011000
00000000000000000111100000100000
00000000000000000111100001010100
00000000000000000111100001010100
00000000000000000110111101011000
00000000000000000111100001010100
00000000000000000111011111100100
00000000000000000111010111001000
00000000000000000111001100010000
00000000000000000110111101011000
00000000000000000111100001010100
00000000000000000111000010000000
00000000000000000111100001010100
00000000000000000111000111111000
00000000000000000111100001010100
00000000000000000111100001010100
00000000000000000111011110100000
00110000001100000011000000110000
00110000001100000011000000110000
00110000001100000011000000110000
00110000001100000011000000110000
00100000001000000010000000100000
00100000001000000010000000100000
00100000001000000010000000100000
00100000001000000010000000100000
01001001011011100110011001101001
01101110011010010111010001111001
00000000010011100110000101001110
00000000000000000000000000000000
00000000000000000000000000000000
00000000000000000000000000000000
00111111111110000000000000000000
00000000000000000000000000000000
00111111110100101000011110100111
01100011011011110100001101100001
00111111110001101000101000101000
10001011011000001100100010110011
00111111110100110100010000010011
01010000100111110111100111111011
00111111111100000000000000000000
00000000000000000000000000000000
01000000001001000000000000000000
00000000000000000000000000000000
01000000000111000000000000000000
00000000000000000000000000000000
01000000000101000000000000000000
00000000000000000000000000000000
00111111111000000000000000000000
00000000000000000000000000000000
01111111111111111111111111111111
01000011000000000101000001001111
01010011010010010101100000000000
00101110000000000000000000000000
00111111111100000000000000000000
00000000000000000000000000000000
01000000001001000000000000000000
00000000000000000000000000000000
00000000000000000000000000000101
00000000000000000000000000011001
00000000000000000000000001111101
00111100100111001101001010110010
10010111110110001000100110111100
00111001010010011111011000100011
11010101101010001010011100110011
00110010101001010000111111111101
01000100111101001010011100111101
00100101010110111011101000001000
11001111100011001001011110011101
00001010110010000000011000101000
01100100101011000110111101000011
01000011010000011100001101111001
00110111111000001000000000000000
01000110100100111011100010110101
10110101000001010110111000010111
01001101001110000100111100000011
11101001001111111111100111110101
01011010100000100111011101001000
11111001001100000001110100110010
01110101000101010100111111011101
01111111011100111011111100111100
00111111111100000000000000000000
00000000000000000000000000000000
01000000001001000000000000000000
00000000000000000000000000000000
01000000010110010000000000000000
00000000000000000000000000000000
01000000100011110100000000000000
00000000000000000000000000000000
01000000110000111000100000000000
00000000000000000000000000000000
01000000111110000110101000000000
00000000000000000000000000000000
01000001001011101000010010000000
00000000000000000000000000000000
01000001011000110001001011010000
00000000000000000000000000000000
01000001100101111101011110000100
00000000000000000000000000000000
01000001110011011100110101100101
00000000000000000000000000000000
01000010000000101010000001011111
00100000000000000000000000000000
01000010001101110100100001110110
11101000000000000000000000000000
01000010011011010001101010010100
10100010000000000000000000000000
01000010101000100011000010011100
11100101010000000000000000000000
01000010110101101011110011000100
00011110100100000000000000000000
01000011000011000110101111110101
00100110001101000000000000000000
01000011010000011100001101111001
00110111111000001000000000000000
01000011011101100011010001010111
10000101110110001010000000000000
01000011101010111100000101101101
01100111010011101100100000000000
01000011111000010101100011100100
01100000100100010011110100000000
01000100000101011010111100011101
01111000101101011000110001000000
01000100010010110001101011100100
11010110111000101110111101010000
01000100100000001111000011001111
00000110010011011101010110010010
01000100101101010010110100000010
11000111111000010100101011110110
01000100111010100111100001000011
01111001110110011001110110110100
00000000000000010000011001110100
00000000000000010000011101000100
00000000000000010000011101000100
00000000000000010000011010010000
00000000000000010000011101000100
00000000000000010000011101000100
00000000000000010000011101000100
00000000000000010000011101000100
00000000000000010000011101000100
00000000000000010000011101000100
00000000000000001111111111010000
00000000000000010000001011010000
00000000000000010000011101000100
00000000000000001111111111101100
00000000000000010000011000010000
00000000000000010000011101000100
00000000000000010000001011100000
00000000000000010000001011101100
00000000000000010000001011101100
00000000000000010000001011101100
00000000000000010000001011101100
00000000000000010000001011101100
00000000000000010000001011101100
00000000000000010000001011101100
00000000000000010000001011101100
00000000000000010000001011101100
00000000000000010000011101000100
00000000000000010000011101000100
00000000000000010000011101000100
00000000000000010000011101000100
00000000000000010000011101000100
00000000000000010000011101000100
00000000000000010000011101000100
00000000000000010000011101000100
00000000000000010000011101000100
00000000000000010000011101000100
00000000000000010000001100101000
00000000000000010000011101000100
00000000000000010000011101000100
00000000000000010000011101000100
00000000000000010000011101000100
00000000000000010000011101000100
00000000000000010000011101000100
00000000000000010000011101000100
00000000000000010000011101000100
00000000000000010000011101000100
00000000000000010000011101000100
00000000000000010000001110011100
00000000000000010000011101000100
00000000000000010000011101000100
00000000000000010000011101000100
00000000000000010000011101000100
00000000000000010000011101000100
00000000000000010000010000110000
00000000000000010000011101000100
00000000000000010000011101000100
00000000000000010000010010110100
00000000000000010000011101000100
00000000000000010000011101000100
00000000000000010000011101000100
00000000000000010000011101000100
00000000000000010000011101000100
00000000000000010000011101000100
00000000000000010000011101000100
00000000000000010000011101000100
00000000000000010000011101000100
00000000000000010000011101000100
00000000000000010000010101010000
00000000000000010000010110000000
00000000000000010000011101000100
00000000000000010000011101000100
00000000000000010000011101000100
00000000000000010000011010011100
00000000000000010000010110000000
00000000000000010000011101000100
00000000000000010000011101000100
00000000000000001111111100110100
00000000000000010000011101000100
00000000000000010000011011101100
00000000000000010000011100110000
00000000000000001111111111111000
00000000000000001111111100110100
00000000000000010000011101000100
00000000000000010000010110010100
00000000000000010000011101000100
00000000000000010000010111111100
00000000000000010000011101000100
00000000000000010000011101000100
00000000000000010000011010101000
00110000001100000011000000110000
00110000001100000011000000110000
00110000001100000011000000110000
00110000001100000011000000110000
00100000001000000010000000100000
00100000001000000010000000100000
00100000001000000010000000100000
00100000001000000010000000100000
00000000001000000010000000100000
00100000001000000010000000100000
00100000001000000010100000101000
00101000001010000010100000100000
00100000001000000010000000100000
00100000001000000010000000100000
00100000001000000010000000100000
00100000001000000010000000100000
00100000100010000001000000010000
00010000000100000001000000010000
00010000000100000001000000010000
00010000000100000001000000010000
00010000000001000000010000000100
00000100000001000000010000000100
00000100000001000000010000010000
00010000000100000001000000010000
00010000000100000100000101000001
01000001010000010100000101000001
00000001000000010000000100000001
00000001000000010000000100000001
00000001000000010000000100000001
00000001000000010000000100000001
00000001000000010000000100000001
00010000000100000001000000010000
00010000000100000100001001000010
01000010010000100100001001000010
00000010000000100000001000000010
00000010000000100000001000000010
00000010000000100000001000000010
00000010000000100000001000000010
00000010000000100000001000000010
00010000000100000001000000010000
00100000000000000000000000000000
00000000000000000000000000000000
00000000000000000000000000000000
00000000000000000000000000000000
00000000000000000000000000000000
00000000000000000000000000000000
00000000000000000000000000000000
00000000000000000000000000000000
00000000000000000000000000000000
00000000000000000000000000000000
00000000000000000000000000000000
00000000000000000000000000000000
00000000000000000000000000000000
00000000000000000000000000000000
00000000000000000000000000000000
00000000000000000000000000000000
00000000000000000000000000000000
00000000000000000000000000000000
00000000000000000000000000000000
00000000000000000000000000000000
00000000000000000000000000000000
00000000000000000000000000000000
00000000000000000000000000000000
00000000000000000000000000000000
00000000000000000000000000000000
00000000000000000000000000000000
00000000000000000000000000000000
00000000000000000000000000000000
00000000000000000000000000000000
00000000000000000000000000000000
00000000000000000000000000000000
00000000000000000000000000000000
00000000000000000000000000000000
00000000000000000000000000000000
00000000000000000000000000000000
00000000000000000000000000000000
00000000000000000000000000000000
00000000000000000000000000000000
00000000000000000000000000000000
00000000000000000000000000000000
00000000000000000000000000000000
00000000000000000000000000000000
00000000000000000000000000000000
00000000000000000000000000000000
00000000000000000000000000000000
00000000000000000000000000000000
00000000000000000000000000000000
00000000000000000000000000000000
00000000000000000000000000000000
00000000000000000000000000000000
00000000000000000000000000000000
00000000000000000000000000000000
00000000000000000000000000000000
00000000000000000000000000000000
00000000000000000000000000000000
00000000000000000000000000000000
00000000000000000000000000000000
00000000000000000000000000000000
00000000000000000000000000000000
00000000000000000000000000000000
00000000000000000000000000000000
00000000000000000000000000000000
00000000000000000000000000000000
00000000000000000000000000000000
00000000000000000000000000000000
00100000001000000010000000100000
00100000001000000010000000100000
00100000001010000010100000101000
00101000001010000010000000100000
00100000001000000010000000100000
00100000001000000010000000100000
00100000001000000010000000100000
00100000001000000010000000100000
10001000000100000001000000010000
00010000000100000001000000010000
00010000000100000001000000010000
00010000000100000001000000010000
00000100000001000000010000000100
00000100000001000000010000000100
00000100000001000001000000010000
00010000000100000001000000010000
00010000010000010100000101000001
01000001010000010100000100000001
00000001000000010000000100000001
00000001000000010000000100000001
00000001000000010000000100000001
00000001000000010000000100000001
00000001000000010000000100010000
00010000000100000001000000010000
00010000010000100100001001000010
01000010010000100100001000000010
00000010000000100000001000000010
00000010000000100000001000000010
00000010000000100000001000000010
00000010000000100000001000000010
00000010000000100000001000010000
00010000000100000001000000100000
00000000000000000000000000000000
00000000000000000000000000000000
00000000000000000000000000000000
00000000000000000000000000000000
00000000000000000000000000000000
00000000000000000000000000000000
00000000000000000000000000000000
00000000000000000000000000000000
00000000000000000000000000000000
00000000000000000000000000000000
00000000000000000000000000000000
00000000000000000000000000000000
00000000000000000000000000000000
00000000000000000000000000000000
00000000000000000000000000000000
00000000000000000000000000000000
00000000000000000000000000000000
00000000000000000000000000000000
00000000000000000000000000000000
00000000000000000000000000000000
00000000000000000000000000000000
00000000000000000000000000000000
00000000000000000000000000000000
00000000000000000000000000000000
00000000000000000000000000000000
00000000000000000000000000000000
00000000000000000000000000000000
00000000000000000000000000000000
00000000000000000000000000000000
00000000000000000000000000000000
00000000000000000000000000000000
00000000000000000000000000000000
00000000000000010011110010001100
00000000000000010011101011001000
00000000000000010011110001111100
00000000000000010011101010111100
00000000000000010011110001111100
00000000000000010011110001100100
00000000000000010011110001111100
00000000000000010011101010111100
00000000000000010011101011001000
00000000000000010011101011001000
00000000000000010011110001100100
00000000000000010011101010111100
00000000000000010011101010101100
00000000000000010011101010101100
00000000000000010011101010101100
00000000000000010011110011011000
00000000000000010100110100111100
00000000000000010100101100111100
00000000000000010100101100111100
00000000000000010100101100111000
00000000000000010100110100011000
00000000000000010100110100011000
00000000000000010100110100000000
00000000000000010100101100111000
00000000000000010100110100011000
00000000000000010100110100000000
00000000000000010100110100011000
00000000000000010100101100111000
00000000000000010100110100101000
00000000000000010100110100101000
00000000000000010100110100101000
00000000000000010100111111100000
00000000000000010000001000000010
00000011000000110000001100000011
00000100000001000000010000000100
00000100000001000000010000000100
00000101000001010000010100000101
00000101000001010000010100000101
00000101000001010000010100000101
00000101000001010000010100000101
00000110000001100000011000000110
00000110000001100000011000000110
00000110000001100000011000000110
00000110000001100000011000000110
00000110000001100000011000000110
00000110000001100000011000000110
00000110000001100000011000000110
00000110000001100000011000000110
00000111000001110000011100000111
00000111000001110000011100000111
00000111000001110000011100000111
00000111000001110000011100000111
00000111000001110000011100000111
00000111000001110000011100000111
00000111000001110000011100000111
00000111000001110000011100000111
00000111000001110000011100000111
00000111000001110000011100000111
00000111000001110000011100000111
00000111000001110000011100000111
00000111000001110000011100000111
00000111000001110000011100000111
00000111000001110000011100000111
00000111000001110000011100000111
00001000000010000000100000001000
00001000000010000000100000001000
00001000000010000000100000001000
00001000000010000000100000001000
00001000000010000000100000001000
00001000000010000000100000001000
00001000000010000000100000001000
00001000000010000000100000001000
00001000000010000000100000001000
00001000000010000000100000001000
00001000000010000000100000001000
00001000000010000000100000001000
00001000000010000000100000001000
00001000000010000000100000001000
00001000000010000000100000001000
00001000000010000000100000001000
00001000000010000000100000001000
00001000000010000000100000001000
00001000000010000000100000001000
00001000000010000000100000001000
00001000000010000000100000001000
00001000000010000000100000001000
00001000000010000000100000001000
00001000000010000000100000001000
00001000000010000000100000001000
00001000000010000000100000001000
00001000000010000000100000001000
00001000000010000000100000001000
00001000000010000000100000001000
00001000000010000000100000001000
00001000000010000000100000001000
00001000000010000000100000001000
00000000000000000000000000000000
00000000000000000000000000000000
00000000000000000000000000000000
00000000000000000000000000000000
00000000000000000000000000000000
00000000000000000000000000000000
00000000000000000000000000000000
00000000000000000000000000000000
00000000000000000000000000000000
00000000000000000000000000000000
00000000000000000000000000000000
00000000000000000000000000000000
00000000000000000000000000000000
00000000000000000000000000000000
00000000000000000000000000000000
00000000000000000000000000000000
00000000000000000000000000000000
00000000000000000000000000000000
00000000000000000000000000000000
00000000000000000000000000000000
00000000000000000000000000000000
00000000000000000000000000000000
00000000000000000000000000000000
00000000000000000000000000000000
00000000000000000000000000000000
00000000000000000000000000000000
00000000000000000000000000000000
00000000000000000000000000000000
00000000000000000000000000000000
00000000000000000000000000000000
00000000000000000000000000000000
00000000000000000000000000000000
00000000000000000000000000000000
00000000000000000000000000000000
00000000000000000000000000000000
00000000000000000000000000000000
00000000000000000000000000000000
00000000000000000000000000000000
00000000000000000000000000000000
00000000000000000000000000000000
00000000000000000000000000000000
00000000000000000000000000000000
00000000000000000000000000000000
00000000000000000000000000000000
00000000000000000000000000000000
00000000000000000000000000000000
00000000000000000000000000000000
00000000000000000000000000000000
00000000000000000000000000000000
00000000000000000000000000000000
00000000000000000000000000000000
00000000000000000000000000000000
00000000000000000000000000000000
00000000000000000000000000000000
00000000000000000000000000000000
00000000000000000000000000000000
00000000000000000000000000000000
00000000000000000000000000000000
00000000000000000000000000000000
00000000000000000000000000000000
00000000000000000000000000000000
00000000000000000000000000000000
00000000000000000000000000000000
00000000000000000000000000000000
00000000000000000000000000000000
00000000000000000000000000000000
00000000000000000000000000000000
00000000000000000000000000000000
00000000000000000000000000000000
00000000000000000000000000000000
00000000000000000000000000000000
00000000000000000000000000000000
00000000000000000000000000000000
00000000000000000000000000000000
00000000000000000000000000000000
00000000000000000000000000000000
00000000000000000000000000000000
00000000000000000000000000000000
00000000000000000000000000000000
00000000000000000000000000000000
00000000000000000000000000000000
00000000000000000000000000000000
00000000000000000000000000000000
00000000000000000000000000000000
00000000000000000000000000000000
00000000000000000000000000000000
00000000000000000000000000000000
00000000000000000000000000000000
00000000000000000000000000000000
00000000000000000000000000000000
00000000000000000000000000000000
00000000000000000000000000000000
00000000000000000000000000000000
00000000000000000000000000000000
00000000000000000000000000000000
00000000000000000000000000000000
00000000000000000000000000000000
00000000000000000000000000000000
00000000000000000000000000000000
00000000000000000000000000000000
00000000000000000000000000000000
00000000000000000000000000000000
00000000000000000000000000000000
00000000000000000000000000000000
00000000000000000000000000000000
00000000000000000000000000000000
00000000000000000000000000000000
00000000000000000000000000000000
00000000000000000000000000000000
00000000000000000000000000000000
00000000000000000000000000000000
00000000000000000000000000000000
00000000000000000000000000000000
00000000000000000000000000000000
00000000000000000000000000000000
00000000000000000000000000000000
00000000000000000000000000000000
00000000000000000000000000000000
00000000000000000000000000000000
00000000000000000000000000000000
00000000000000000000000000000000
00000000000000000000000000000000
00000000000000000000000000000000
00000000000000000000000000000000
00000000000000000000000000000000
00000000000000000000000000000000
00000000000000000000000000000000
00000000000000000000000000000000
00000000000000000000000000000000
00000000000000000000000000000000
00000000000000000000000000000000
00000000000000000000000000000000
00000000000000000000000000000000
00000000000000000000000000000000
00000000000000000000000000000000
00000000000000000000000000000000
00000000000000000000000000000000
00000000000000000000000000000000
00000000000000000000000000000000
00000000000000000000000000000000
00000000000000000000000000000000
00000000000000000000000000000000
00000000000000000000000000000000
00000000000000000000000000000000
00000000000000000000000000000000
00000000000000000000000000000000
00000000000000000000000000000000
00000000000000000000000000000000
00000000000000000000000000000000
00000000000000000000000000000000
00000000000000000000000000000000
00000000000000000000000000000000
00000000000000000000000000000000
00000000000000000000000000000000
00000000000000000000000000000000
00000000000000000000000000000000
00000000000000000000000000000000
00000000000000000000000000000000
00000000000000000000000000000000
00000000000000000000000000000000
00000000000000000000000000000000
00000000000000000000000000000000
00000000000000000000000000000000
00000000000000000000000000000000
00000000000000000000000000000000
00000000000000000000000000000000
00000000000000000000000000000000
00000000000000000000000000000000
00000000000000000000000000000000
00000000000000000000000000000000
00000000000000000000000000000000
00000000000000000000000000000000
00000000000000000000000000000000
00000000000000000000000000000000
00000000000000000000000000000000
00000000000000000000000000000000
00000000000000000000000000000000
00000000000000000000000000000000
00000000000000000000000000000000
00000000000000000000000000000000
00000000000000000000000000000000
00000000000000000000000000000000
00000000000000000000000000000000
00000000000000000000000000000000
00000000000000000000000000000000
00000000000000000000000000000000
00000000000000000000000000000000
00000000000000000000000000000000
00000000000000000000000000000000
00000000000000000000000000000000
00000000000000000000000000000000
00000000000000000000000000000000
00000000000000000000000000000000
00000000000000000000000000000000
00000000000000000000000000000000
00000000000000000000000000000000
00000000000000000000000000000000
00000000000000000000000000000000
00000000000000000000000000000000
00000000000000000000000000000000
00000000000000000000000000000000
00000000000000000000000000000000
00000000000000000000000000000000
00000000000000000000000000000000
00000000000000000000000000000000
00000000000000000000000000000000
00000000000000000000000000000000
00000000000000000000000000000000
00000000000000000000000000000000
00000000000000000000000000000000
00000000000000000000000000000000
00000000000000000000000000000000
00000000000000000000000000000000
00000000000000000000000000000000
00000000000000000000000000000000
00000000000000000000000000000000
00000000000000000000000000000000
00000000000000000000000000000000
00000000000000000000000000000000
00000000000000000000000000000000
00000000000000000000000000000000
00000000000000000000000000000000
00000000000000000000000000000000
00000000000000000000000000000000
00000000000000000000000000000000
00000000000000000000000000000000
00000000000000000000000000000000
00000000000000000000000000000000
00000000000000000000000000000000
00000000000000000000000000000000
00000000000000000000000000000000
00000000000000000000000000000000
00000000000000000000000000000000
00000000000000000000000000000000
00000000000000000000000000000000
00000000000000000000000000000000
00000000000000000000000000000000
00000000000000000000000000000000
00000000000000000000000000000000
00000000000000000000000000000000
00000000000000000000000000000000
00000000000000000000000000000000
00000000000000000000000000000000
00000000000000000000000000000000
00000000000000000000000000000000
00000000000000000000000000000000
00000000000000000000000000000000
00000000000000000000000000000000
00000000000000000000000000000000
00000000000000000000000000000000
00000000000000000000000000000000
00000000000000000000000000000000
00000000000000000000000000000000
00000000000000000000000000000000
00000000000000000000000000000000
00000000000000000000000000000000
00000000000000000000000000000000
00000000000000000000000000000000
00000000000000000000000000000000
00000000000000000000000000000000
00000000000000000000000000000000
00000000000000000000000000000000
00000000000000000000000000000000
00000000000000000000000000000000
00000000000000000000000000000000
00000000000000000000000000000000
00000000000000000000000000000000
00000000000000000000000000000000
00000000000000000000000000000000
00000000000000000000000000000000
00000000000000000000000000000000
00000000000000000000000000000000
00000000000000000000000000000000
00000000000000000000000000000000
00000000000000000000000000000000
00000000000000000000000000000000
00000000000000000000000000000000
00000000000000000000000000000000
00000000000000000000000000000000
00000000000000000000000000000000
00000000000000000000000000000000
00000000000000000000000000000000
00000000000000000000000000000000
00000000000000000000000000000000
00000000000000000000000000000000
00000000000000000000000000000000
00000000000000000000000000000000
00000000000000000000000000000000
00000000000000000000000000000000
00000000000000000000000000000000
00000000000000000000000000000000
00000000000000000000000000000000
00000000000000000000000000000000
00000000000000000000000000000000
00000000000000000000000000000000
00000000000000000000000000000000
00000000000000000000000000000000
00000000000000000000000000000000
00000000000000000000000000000000
00000000000000000000000000000000
00000000000000000000000000000000
00000000000000000000000000000000
00000000000000000000000000000000
00000000000000000000000000000000
00000000000000000000000000000000
00000000000000000000000000000000
00000000000000000000000000000000
00000000000000000000000000000000
00000000000000000000000000000000
00000000000000000000000000000000
00000000000000000000000000000000
00000000000000000000000000000000
00000000000000000000000000000000
00000000000000000000000000000000
00000000000000000000000000000000
00000000000000000000000000000000
00000000000000000000000000000000
00000000000000000000000000000000
00000000000000000000000000000000
00000000000000000000000000000000
00000000000000000000000000000000
00000000000000000000000000000000
00000000000000000000000000000000
00000000000000000000000000000000
00000000000000000000000000000000
00000000000000000000000000000000
00000000000000000000000000000000
00000000000000000000000000000000
00000000000000000000000000000000
00000000000000000000000000000000
00000000000000000000000000000000
00000000000000000000000000000000
00000000000000000000000000000000
00000000000000000000000000000000
00000000000000000000000000000000
00000000000000000000000000000000
00000000000000000000000000000000
00000000000000000000000000000000
00000000000000000000000000000000
00000000000000000000000000000000
00000000000000000000000000000000
00000000000000000000000000000000
00000000000000000000000000000000
00000000000000000000000000000000
00000000000000000000000000000000
00000000000000000000000000000000
00000000000000000000000000000000
00000000000000000000000000000000
00000000000000000000000000000000
00000000000000000000000000000000
00000000000000000000000000000000
00000000000000000000000000000000
00000000000000000000000000000000
00000000000000000000000000000000
00000000000000000000000000000000
00000000000000000000000000000000
00000000000000000000000000000000
00000000000000000000000000000000
00000000000000000000000000000000
00000000000000000000000000000000
00000000000000000000000000000000
00000000000000000000000000000000
00000000000000000000000000000000
00000000000000000000000000000000
00000000000000000000000000000000
00000000000000000000000000000000
00000000000000000000000000000000
00000000000000000000000000000000
00000000000000000000000000000000
00000000000000000000000000000000
00000000000000000000000000000000
00000000000000000000000000000000
00000000000000000000000000000000
00000000000000000000000000000000
00000000000000000000000000000000
00000000000000000000000000000000
00000000000000000000000000000000
00000000000000000000000000000000
00000000000000000000000000000000
00000000000000000000000000000000
00000000000000000000000000000000
00000000000000000000000000000000
00000000000000000000000000000000
00000000000000000000000000000000
00000000000000000000000000000000
00000000000000000000000000000000
00000000000000000000000000000000
00000000000000000000000000000000
00000000000000000000000000000000
00000000000000000000000000000000
00000000000000000000000000000000
00000000000000000000000000000000
00000000000000000000000000000000
00000000000000000000000000000000
00000000000000000000000000000000
00000000000000000000000000000000
00000000000000000000000000000000
00000000000000000000000000000000
00000000000000000000000000000000
00000000000000000000000000000000
00000000000000000000000000000000
00000000000000000000000000000000
00000000000000000000000000000000
00000000000000000000000000000000
00000000000000000000000000000000
00000000000000000000000000000000
00000000000000000000000000000000
00000000000000000000000000000000
00000000000000000000000000000000
00000000000000000000000000000000
00000000000000000000000000000000
00000000000000000000000000000000
00000000000000000000000000000000
00000000000000000000000000000000
00000000000000000000000000000000
00000000000000000000000000000000
00000000000000000000000000000000
00000000000000000000000000000000
00000000000000000000000000000000
00000000000000000000000000000000
00000000000000000000000000000000
00000000000000000000000000000000
00000000000000000000000000000000
00000000000000000000000000000000
00000000000000000000000000000000
00000000000000000000000000000000
00000000000000000000000000000000
00000000000000000000000000000000
00000000000000000000000000000000
00000000000000000000000000000000
00000000000000000000000000000000
00000000000000000000000000000000
00000000000000000000000000000000
00000000000000000000000000000000
00000000000000000000000000000000
00000000000000000000000000000000
00000000000000000000000000000000
00000000000000000000000000000000
00000000000000000000000000000000
00000000000000000000000000000000
00000000000000000000000000000000
00000000000000000000000000000000
00000000000000000000000000000000
00000000000000000000000000000000
00000000000000000000000000000000
00000000000000000000000000000000
00000000000000000000000000000000
00000000000000000000000000000000
00000000000000000000000000000000
00000000000000000000000000000000
00000000000000000000000000000000
00000000000000000000000000000000
00000000000000000000000000000000
00000000000000000000000000000000
00000000000000000000000000000000
00000000000000000000000000000000
00000000000000000000000000000000
00000000000000000000000000000000
00000000000000000000000000000000
00000000000000000000000000000000
00000000000000000000000000000000
00000000000000000000000000000000
00000000000000000000000000000000
00000000000000000000000000000000
00000000000000000000000000000000
00000000000000000000000000000000
00000000000000000000000000000000
00000000000000000000000000000000
00000000000000000000000000000000
00000000000000000000000000000000
00000000000000000000000000000000
00000000000000000000000000000000
00000000000000000000000000000000
00000000000000000000000000000000
00000000000000000000000000000000
00000000000000000000000000000000
00000000000000000000000000000000
00000000000000000000000000000000
00000000000000000000000000000000
00000000000000000000000000000000
00000000000000000000000000000000
00000000000000000000000000000000
00000000000000000000000000000000
00000000000000000000000000000000
00000000000000000000000000000000
00000000000000000000000000000000
00000000000000000000000000000000
00000000000000000000000000000000
00000000000000000000000000000000
00000000000000000000000000000000
00000000000000000000000000000000
00000000000000000000000000000000
00000000000000000000000000000000
00000000000000000000000000000000
00000000000000000000000000000000
00000000000000000000000000000000
00000000000000000000000000000000
00000000000000000000000000000000
00000000000000000000000000000000
00000000000000000000000000000000
00000000000000000000000000000000
00000000000000000000000000000000
00000000000000000000000000000000
00000000000000000000000000000000
00000000000000000000000000000000
00000000000000000000000000000000
00000000000000000000000000000000
00000000000000000000000000000000
00000000000000000000000000000000
00000000000000000000000000000000
00000000000000000000000000000000
00000000000000000000000000000000
00000000000000000000000000000000
00000000000000000000000000000000
00000000000000000000000000000000
00000000000000000000000000000000
00000000000000000000000000000000
00000000000000000000000000000000
00000000000000000000000000000000
00000000000000000000000000000000
00000000000000000000000000000000
00000000000000000000000000000000
00000000000000000000000000000000
00000000000000000000000000000000
00000000000000000000000000000000
00000000000000000000000000000000
00000000000000000000000000000000
00000000000000000000000000000000
00000000000000000000000000000000
00000000000000000000000000000000
00000000000000000000000000000000
00000000000000000000000000000000
00000000000000000000000000000000
00000000000000000000000000000000
00000000000000000000000000000000
00000000000000000000000000000000
00000000000000000000000000000000
00000000000000000000000000000000
00000000000000000000000000000000
00000000000000000000000000000000
00000000000000000000000000000000
00000000000000000000000000000000
00000000000000000000000000000000
00000000000000000000000000000000
00000000000000000000000000000000
00000000000000000000000000000000
00000000000000000000000000000000
00000000000000000000000000000000
00000000000000000000000000000000
00000000000000000000000000000000
00000000000000000000000000000000
00000000000000000000000000000000
00000000000000000000000000000000
00000000000000000000000000000000
00000000000000000000000000000000
00000000000000000000000000000000
00000000000000000000000000000000
00000000000000000000000000000000
00000000000000000000000000000000
00000000000000000000000000000000
00000000000000000000000000000000
00000000000000000000000000000000
00000000000000000000000000000000
00000000000000000000000000000000
00000000000000000000000000000000
00000000000000000000000000000000
00000000000000000000000000000000
00000000000000000000000000000000
00000000000000000000000000000000
00000000000000000000000000000000
00000000000000000000000000000000
00000000000000000000000000000000
00000000000000000000000000000000
00000000000000000000000000000000
00000000000000000000000000000000
00000000000000000000000000000000
00000000000000000000000000000000
00000000000000000000000000000000
00000000000000000000000000000000
00000000000000000000000000000000
00000000000000000000000000000000
00000000000000000000000000000000
00000000000000000000000000000000
00000000000000000000000000000000
00000000000000000000000000000000
00000000000000000000000000000000
00000000000000000000000000000000
00000000000000000000000000000000
00000000000000000000000000000000
00000000000000000000000000000000
00000000000000000000000000000000
00000000000000000000000000000000
00000000000000000000000000000000
00000000000000000000000000000000
00000000000000000000000000000000
00000000000000000000000000000000
00000000000000000000000000000000
00000000000000000000000000000000
00000000000000000000000000000000
00000000000000000000000000000000
00000000000000000000000000000000
00000000000000000000000000000000
00000000000000000000000000000000
00000000000000000000000000000000
00000000000000000000000000000000
00000000000000000000000000000000
00000000000000000000000000000000
00000000000000000000000000000000
00000000000000000000000000000000
00000000000000000000000000000000
00000000000000000000000000000000
00000000000000000000000000000000
00000000000000000000000000000000
00000000000000000000000000000000
00000000000000000000000000000000
00000000000000000000000000000000
00000000000000000000000000000000
00000000000000000000000000000000
00000000000000000000000000000000
00000000000000000000000000000000
00000000000000000000000000000000
00000000000000000000000000000000
00000000000000000000000000000000
00000000000000000000000000000000
00000000000000000000000000000000
00000000000000000000000000000000
00000000000000000000000000000000
00000000000000000000000000000000
00000000000000000000000000000000
00000000000000000000000000000000
00000000000000000000000000000000
00000000000000000000000000000000
00000000000000000000000000000000
00000000000000000000000000000000
00000000000000000000000000000000
00000000000000000000000000000000
00000000000000000000000000000000
00000000000000000000000000000000
00000000000000000000000000000000
00000000000000000000000000000000
00000000000000000000000000000000
00000000000000000000000000000000
00000000000000000000000000000000
00000000000000000000000000000000
00000000000000000000000000000000
00000000000000000000000000000000
00000000000000000000000000000000
00000000000000000000000000000000
00000000000000000000000000000000
00000000000000000000000000000000
00000000000000000000000000000000
00000000000000000000000000000000
00000000000000000000000000000000
00000000000000000000000000000000
00000000000000000000000000000000
00000000000000000000000000000000
00000000000000000000000000000000
00000000000000000000000000000000
00000000000000000000000000000000
00000000000000000000000000000000
00000000000000000000000000000000
00000000000000000000000000000000
00000000000000000000000000000000
00000000000000000000000000000000
00000000000000000000000000000000
00000000000000000000000000000000
00000000000000000000000000000000
00000000000000000000000000000000
00000000000000000000000000000000
00000000000000000000000000000000
00000000000000000000000000000000
00000000000000000000000000000000
00000000000000000000000000000000
00000000000000000000000000000000
00000000000000000000000000000000
00000000000000000000000000000000
00000000000000000000000000000000
00000000000000000000000000000000
00000000000000000000000000000000
00000000000000000000000000000000
00000000000000000000000000000000
00000000000000000000000000000000
00000000000000000000000000000000
00000000000000000000000000000000
00000000000000000000000000000000
00000000000000000000000000000000
00000000000000000000000000000000
00000000000000000000000000000000
00000000000000000000000000000000
00000000000000000000000000000000
00000000000000000000000000000000
00000000000000000000000000000000
00000000000000000000000000000000
00000000000000000000000000000000
00000000000000000000000000000000
00000000000000000000000000000000
00000000000000000000000000000000
00000000000000000000000000000000
00000000000000000000000000000000
00000000000000000000000000000000
00000000000000000000000000000000
00000000000000000000000000000000
00000000000000000000000000000000
00000000000000000000000000000000
00000000000000000000000000000000
00000000000000000000000000000000
00000000000000000000000000000000
00000000000000000000000000000000
00000000000000000000000000000000
00000000000000000000000000000000
00000000000000000000000000000000
00000000000000000000000000000000
00000000000000000000000000000000
00000000000000000000000000000000
00000000000000000000000000000000
00000000000000000000000000000000
00000000000000000000000000000000
00000000000000000000000000000000
00000000000000000000000000000000
00000000000000000000000000000000
00000000000000000000000000000000
00000000000000000000000000000000
00000000000000000000000000000000
00000000000000000000000000000000
00000000000000000000000000000000
00000000000000000000000000000000
00000000000000000000000000000000
00000000000000000000000000000000
00000000000000000000000000000000
00000000000000000000000000000000
00000000000000000000000000000000
00000000000000000000000000000000
00000000000000000000000000000000
00000000000000000000000000000000
00000000000000000000000000000000
00000000000000000000000000000000
00000000000000000000000000000000
00000000000000000000000000000000
00000000000000000000000000000000
00000000000000000000000000000000
00000000000000000000000000000000
00000000000000000000000000000000
00000000000000000000000000000000
00000000000000000000000000000000
00000000000000000000000000000000
00000000000000000000000000000000
00000000000000000000000000000000
00000000000000000000000000000000
00000000000000000000000000000000
00000000000000000000000000000000
00000000000000000000000000000000
00000000000000000000000000000000
00000000000000000000000000000000
00000000000000000000000000000000
00000000000000000000000000000000
00000000000000000000000000000000
00000000000000000000000000000000
00000000000000000000000000000000
00000000000000000000000000000000
00000000000000000000000000000000
00000000000000000000000000000000
00000000000000000000000000000000
00000000000000000000000000000000
00000000000000000000000000000000
00000000000000000000000000000000
00000000000000000000000000000000
00000000000000000000000000000000
00000000000000000000000000000000
00000000000000000000000000000000
00000000000000000000000000000000
00000000000000000000000000000000
00000000000000000000000000000000
00000000000000000000000000000000
00000000000000000000000000000000
00000000000000000000000000000000
00000000000000000000000000000000
00000000000000000000000000000000
00000000000000000000000000000000
00000000000000000000000000000000
00000000000000000000000000000000
00000000000000000000000000000000
00000000000000000000000000000000
00000000000000000000000000000000
00000000000000000000000000000000
00000000000000000000000000000000
00000000000000000000000000000000
00000000000000000000000000000000
00000000000000000000000000000000
00000000000000000000000000000000
00000000000000000000000000000000
00000000000000000000000000000000
00000000000000000000000000000000
00000000000000000000000000000000
00000000000000000000000000000000
00000000000000000000000000000000
00000000000000000000000000000000
00000000000000000000000000000000
00000000000000000000000000000000
00000000000000000000000000000000
00000000000000000000000000000000
00000000000000000000000000000000
00000000000000000000000000000000
00000000000000000000000000000000
00000000000000000000000000000000
00000000000000000000000000000000
00000000000000000000000000000000
00000000000000000000000000000000
00000000000000000000000000000000
00000000000000000000000000000000
00000000000000000000000000000000
00000000000000000000000000000000
00000000000000000000000000000000
00000000000000000000000000000000
00000000000000000000000000000000
00000000000000000000000000000000
00000000000000000000000000000000
00000000000000000000000000000000
00000000000000000000000000000000
00000000000000000000000000000000
00000000000000000000000000000000
00000000000000000000000000000000
00000000000000000000000000000000
00000000000000000000000000000000
00000000000000000000000000000000
00000000000000000000000000000000
00000000000000000000000000000000
00000000000000000000000000000000
00000000000000000000000000000000
00000000000000000000000000000000
00000000000000000000000000000000
00000000000000000000000000000000
00000000000000000000000000000000
00000000000000000000000000000000
00000000000000000000000000000000
00000000000000000000000000000000
00000000000000000000000000000000
00000000000000000000000000000000
00000000000000000000000000000000
00000000000000000000000000000000
00000000000000000000000000000000
00000000000000000000000000000000
00000000000000000000000000000000
00000000000000000000000000000000
00000000000000000000000000000000
00000000000000000000000000000000
00000000000000000000000000000000
00000000000000000000000000000000
00000000000000000000000000000000
00000000000000000000000000000000
00000000000000000000000000000000
00000000000000000000000000000000
00000000000000000000000000000000
00000000000000000000000000000000
00000000000000000000000000000000
00000000000000000000000000000000
00000000000000000000000000000000
00000000000000000000000000000000
00000000000000000000000000000000
00000000000000000000000000000000
00000000000000000000000000000000
00000000000000000000000000000000
00000000000000000000000000000000
00000000000000000000000000000000
00000000000000000000000000000000
00000000000000000000000000000000
00000000000000000000000000000000
00000000000000000000000000000000
00000000000000000000000000000000
00000000000000000000000000000000
00000000000000000000000000000000
00000000000000000000000000000000
00000000000000000000000000000000
00000000000000000000000000000000
00000000000000000000000000000000
00000000000000000000000000000000
00000000000000000000000000000000
00000000000000000000000000000000
00000000000000000000000000000000
00000000000000000000000000000000
00000000000000000000000000000000
00000000000000000000000000000000
00000000000000000000000000000000
00000000000000000000000000000000
00000000000000000000000000000000
00000000000000000000000000000000
00000000000000000000000000000000
00000000000000000000000000000000
00000000000000000000000000000000
00000000000000000000000000000000
00000000000000000000000000000000
00000000000000000000000000000000
00000000000000000000000000000000
00000000000000000000000000000000
00000000000000000000000000000000
00000000000000000000000000000000
00000000000000000000000000000000
00000000000000000000000000000000
00000000000000000000000000000000
00000000000000000000000000000000
00000000000000000000000000000000
00000000000000000000000000000000
00000000000000000000000000000000
00000000000000000000000000000000
00000000000000000000000000000000
00000000000000000000000000000000
00000000000000000000000000000000
00000000000000000000000000000000
00000000000000000000000000000000
00000000000000000000000000000000
00000000000000000000000000000000
00000000000000000000000000000000
00000000000000000000000000000000
00000000000000000000000000000000
00000000000000000000000000000000
00000000000000000000000000000000
00000000000000000000000000000000
00000000000000000000000000000000
00000000000000000000000000000000
00000000000000000000000000000000
00000000000000000000000000000000
00000000000000000000000000000000
00000000000000000000000000000000
00000000000000000000000000000000
00000000000000000000000000000000
00000000000000000000000000000000
00000000000000000000000000000000
00000000000000000000000000000000
00000000000000000000000000000000
00000000000000000000000000000000
00000000000000000000000000000000
00000000000000000000000000000000
00000000000000000000000000000000
00000000000000000000000000000000
00000000000000000000000000000000
00000000000000000000000000000000
00000000000000000000000000000000
00000000000000000000000000000000
00000000000000000000000000000000
00000000000000000000000000000000
00000000000000000000000000000000
00000000000000000000000000000000
00000000000000000000000000000000
00000000000000000000000000000000
00000000000000000000000000000000
00000000000000000000000000000000
00000000000000000000000000000000
00000000000000000000000000000000
00000000000000000000000000000000
00000000000000000000000000000000
00000000000000000000000000000000
00000000000000000000000000000000
00000000000000000000000000000000
00000000000000000000000000000000
00000000000000000000000000000000
00000000000000000000000000000000
00000000000000000000000000000000
00000000000000000000000000000000
00000000000000000000000000000000
00000000000000000000000000000000
00000000000000000000000000000000
00000000000000000000000000000000
00000000000000000000000000000000
00000000000000000000000000000000
00000000000000000000000000000000
00000000000000000000000000000000
00000000000000000000000000000000
00000000000000000000000000000000
00000000000000000000000000000000
00000000000000000000000000000000
00000000000000000000000000000000
00000000000000000000000000000000
00000000000000000000000000000000
00000000000000000000000000000000
00000000000000000000000000000000
00000000000000000000000000000000
00000000000000000000000000000000
00000000000000000000000000000000
00000000000000000000000000000000
00000000000000000000000000000000
00000000000000000000000000000000
00000000000000000000000000000000
00000000000000000000000000000000
00000000000000000000000000000000
00000000000000000000000000000000
00000000000000000000000000000000
00000000000000000000000000000000
00000000000000000000000000000000
00000000000000000000000000000000
00000000000000000000000000000000
00000000000000000000000000000000
00000000000000000000000000000000
00000000000000000000000000000000
00000000000000000000000000000000
00000000000000000000000000000000
00000000000000000000000000000000
00000000000000000000000000000000
00000000000000000000000000000000
00000000000000000000000000000000
00000000000000000000000000000000
00000000000000000000000000000000
00000000000000000000000000000000
00000000000000000000000000000000
00000000000000000000000000000000
00000000000000000000000000000000
00000000000000000000000000000000
00000000000000000000000000000000
00000000000000000000000000000000
00000000000000000000000000000000
00000000000000000000000000000000
00000000000000000000000000000000
00000000000000000000000000000000
00000000000000000000000000000000
00000000000000000000000000000000
00000000000000000000000000000000
00000000000000000000000000000000
00000000000000000000000000000000
00000000000000000000000000000000
00000000000000000000000000000000
00000000000000000000000000000000
00000000000000000000000000000000
00000000000000000000000000000000
00000000000000000000000000000000
00000000000000000000000000000000
00000000000000000000000000000000
00000000000000000000000000000000
00000000000000000000000000000000
00000000000000000000000000000000
00000000000000000000000000000000
00000000000000000000000000000000
00000000000000000000000000000000
00000000000000000000000000000000
00000000000000000000000000000000
00000000000000000000000000000000
00000000000000000000000000000000
00000000000000000000000000000000
00000000000000000000000000000000
00000000000000000000000000000000
00000000000000000000000000000000
00000000000000000000000000000000
00000000000000000000000000000000
00000000000000000000000000000000
00000000000000000000000000000000
00000000000000000000000000000000
00000000000000000000000000000000
00000000000000000000000000000000
00000000000000000000000000000000
00000000000000000000000000000000
00000000000000000000000000000000
00000000000000000000000000000000
00000000000000000000000000000000
00000000000000000000000000000000
00000000000000000000000000000000
00000000000000000000000000000000
00000000000000000000000000000000
00000000000000000000000000000000
00000000000000000000000000000000
00000000000000000000000000000000
00000000000000000000000000000000
00000000000000000000000000000000
00000000000000000000000000000000
00000000000000000000000000000000
00000000000000000000000000000000
00000000000000000000000000000000
00000000000000000000000000000000
00000000000000000000000000000000
00000000000000000000000000000000
00000000000000000000000000000000
00000000000000000000000000000000
00000000000000000000000000000000
00000000000000000000000000000000
00000000000000000000000000000000
00000000000000000000000000000000
00000000000000000000000000000000
00000000000000000000000000000000
00000000000000000000000000000000
00000000000000000000000000000000
00000000000000000000000000000000
00000000000000000000000000000000
00000000000000000000000000000000
00000000000000000000000000000000
00000000000000000000000000000000
00000000000000000000000000000000
00000000000000000000000000000000
00000000000000000000000000000000
00000000000000000000000000000000
00000000000000000000000000000000
00000000000000000000000000000000
00000000000000000000000000000000
00000000000000000000000000000000
00000000000000000000000000000000
00000000000000000000000000000000
00000000000000000000000000000000
00000000000000000000000000000000
00000000000000000000000000000000
00000000000000000000000000000000
00000000000000000000000000000000
00000000000000000000000000000000
00000000000000000000000000000000
00000000000000000000000000000000
00000000000000000000000000000000
00000000000000000000000000000000
00000000000000000000000000000000
00000000000000000000000000000000
00000000000000000000000000000000
00000000000000000000000000000000
00000000000000000000000000000000
00000000000000000000000000000000
00000000000000000000000000000000
00000000000000000000000000000000
00000000000000000000000000000000
00000000000000000000000000000000
00000000000000000000000000000000
00000000000000000000000000000000
00000000000000000000000000000000
00000000000000000000000000000000
00000000000000000000000000000000
00000000000000000000000000000000
00000000000000000000000000000000
00000000000000000000000000000000
00000000000000000000000000000000
00000000000000000000000000000000
00000000000000000000000000000000
00000000000000000000000000000000
00000000000000000000000000000000
00000000000000000000000000000000
00000000000000000000000000000000
00000000000000000000000000000000
00000000000000000000000000000000
00000000000000000000000000000000
00000000000000000000000000000000
00000000000000000000000000000000
00000000000000000000000000000000
00000000000000000000000000000000
00000000000000000000000000000000
00000000000000000000000000000000
00000000000000000000000000000000
00000000000000000000000000000000
00000000000000000000000000000000
00000000000000000000000000000000
00000000000000000000000000000000
00000000000000000000000000000000
00000000000000000000000000000000
00000000000000000000000000000000
00000000000000000000000000000000
00000000000000000000000000000000
00000000000000000000000000000000
00000000000000000000000000000000
00000000000000000000000000000000
00000000000000000000000000000000
00000000000000000000000000000000
00000000000000000000000000000000
00000000000000000000000000000000
00000000000000000000000000000000
00000000000000000000000000000000
00000000000000000000000000000000
00000000000000000000000000000000
00000000000000000000000000000000
00000000000000000000000000000000
00000000000000000000000000000000
00000000000000000000000000000000
00000000000000000000000000000000
00000000000000000000000000000000
00000000000000000000000000000000
00000000000000000000000000000000
00000000000000000000000000000000
00000000000000000000000000000000
00000000000000000000000000000000
00000000000000000000000000000000
00000000000000000000000000000000
00000000000000000000000000000000
00000000000000000000000000000000
00000000000000000000000000000000
00000000000000000000000000000000
00000000000000000000000000000000
00000000000000000000000000000000
00000000000000000000000000000000
00000000000000000000000000000000
00000000000000000000000000000000
00000000000000000000000000000000
00000000000000000000000000000000
00000000000000000000000000000000
00000000000000000000000000000000
00000000000000000000000000000000
00000000000000000000000000000000
00000000000000000000000000000000
00000000000000000000000000000000
00000000000000000000000000000000
00000000000000000000000000000000
00000000000000000000000000000000
00000000000000000000000000000000
00000000000000000000000000000000
00000000000000000000000000000000
00000000000000000000000000000000
00000000000000000000000000000000
00000000000000000000000000000000
00000000000000000000000000000000
00000000000000000000000000000000
00000000000000000000000000000000
00000000000000000000000000000000
00000000000000000000000000000000
00000000000000000000000000000000
00000000000000000000000000000000
00000000000000000000000000000000
00000000000000000000000000000000
00000000000000000000000000000000
00000000000000000000000000000000
00000000000000000000000000000000
00000000000000000000000000000000
00000000000000000000000000000000
00000000000000000000000000000000
00000000000000000000000000000000
00000000000000000000000000000000
00000000000000000000000000000000
00000000000000000000000000000000
00000000000000000000000000000000
00000000000000000000000000000000
00000000000000000000000000000000
00000000000000000000000000000000
00000000000000000000000000000000
00000000000000000000000000000000
00000000000000000000000000000000
00000000000000000000000000000000
00000000000000000000000000000000
00000000000000000000000000000000
00000000000000000000000000000000
00000000000000000000000000000000
00000000000000000000000000000000
00000000000000000000000000000000
00000000000000000000000000000000
00000000000000000000000000000000
00000000000000000000000000000000
00000000000000000000000000000000
00000000000000000000000000000000
00000000000000000000000000000000
00000000000000000000000000000000
00000000000000000000000000000000
00000000000000000000000000000000
00000000000000000000000000000000
00000000000000000000000000000000
00000000000000000000000000000000
00000000000000000000000000000000
00000000000000000000000000000000
00000000000000000000000000000000
00000000000000000000000000000000
00000000000000000000000000000000
00000000000000000000000000000000
00000000000000000000000000000000
00000000000000000000000000000000
00000000000000000000000000000000
00000000000000000000000000000000
00000000000000000000000000000000
00000000000000000000000000000000
00000000000000000000000000000000
00000000000000000000000000000000
00000000000000000000000000000000
00000000000000000000000000000000
00000000000000000000000000000000
00000000000000000000000000000000
00000000000000000000000000000000
00000000000000000000000000000000
00000000000000000000000000000000
00000000000000000000000000000000
00000000000000000000000000000000
00000000000000000000000000000000
00000000000000000000000000000000
00000000000000000000000000000000
00000000000000000000000000000000
00000000000000000000000000000000
00000000000000000000000000000000
00000000000000000000000000000000
00000000000000000000000000000000
00000000000000000000000000000000
00000000000000000000000000000000
00000000000000000000000000000000
00000000000000000000000000000000
00000000000000000000000000000000
00000000000000000000000000000000
00000000000000000000000000000000
00000000000000000000000000000000
00000000000000000000000000000000
00000000000000000000000000000000
00000000000000000000000000000000
00000000000000000000000000000000
00000000000000000000000000000000
00000000000000000000000000000000
00000000000000000000000000000000
00000000000000000000000000000000
00000000000000000000000000000000
00000000000000000000000000000000
00000000000000000000000000000000
00000000000000000000000000000000
00000000000000000000000000000000
00000000000000000000000000000000
00000000000000000000000000000000
00000000000000000000000000000000
00000000000000000000000000000000
00000000000000000000000000000000
00000000000000000000000000000000
00000000000000000000000000000000
00000000000000000000000000000000
00000000000000000000000000000000
00000000000000000000000000000000
00000000000000000000000000000000
00000000000000000000000000000000
00000000000000000000000000000000
00000000000000000000000000000000
00000000000000000000000000000000
00000000000000000000000000000000
00000000000000000000000000000000
00000000000000000000000000000000
00000000000000000000000000000000
00000000000000000000000000000000
00000000000000000000000000000000
00000000000000000000000000000000
00000000000000000000000000000000
00000000000000000000000000000000
00000000000000000000000000000000
00000000000000000000000000000000
00000000000000000000000000000000
00000000000000000000000000000000
00000000000000000000000000000000
00000000000000000000000000000000
00000000000000000000000000000000
00000000000000000000000000000000
00000000000000000000000000000000
00000000000000000000000000000000
00000000000000000000000000000000
00000000000000000000000000000000
00000000000000000000000000000000
00000000000000000000000000000000
00000000000000000000000000000000
00000000000000000000000000000000
00000000000000000000000000000000
00000000000000000000000000000000
00000000000000000000000000000000
00000000000000000000000000000000
00000000000000000000000000000000
00000000000000000000000000000000
00000000000000000000000000000000
00000000000000000000000000000000
00000000000000000000000000000000
00000000000000000000000000000000
00000000000000000000000000000000
00000000000000000000000000000000
00000000000000000000000000000000
00000000000000000000000000000000
00000000000000000000000000000000
00000000000000000000000000000000
00000000000000000000000000000000
00000000000000000000000000000000
00000000000000000000000000000000
00000000000000000000000000000000
00000000000000000000000000000000
00000000000000000000000000000000
00000000000000000000000000000000
00000000000000000000000000000000
00000000000000000000000000000000
00000000000000000000000000000000
00000000000000000000000000000000
00000000000000000000000000000000
00000000000000000000000000000000
00000000000000000000000000000000
00000000000000000000000000000000
00000000000000000000000000000000
00000000000000000000000000000000
00000000000000000000000000000000
00000000000000000000000000000000
00000000000000000000000000000000
00000000000000000000000000000000
00000000000000000000000000000000
00000000000000000000000000000000
00000000000000000000000000000000
00000000000000000000000000000000
00000000000000000000000000000000
00000000000000000000000000000000
00000000000000000000000000000000
00000000000000000000000000000000
00000000000000000000000000000000
00000000000000000000000000000000
00000000000000000000000000000000
00000000000000000000000000000000
00000000000000000000000000000000
00000000000000000000000000000000
00000000000000000000000000000000
00000000000000000000000000000000
00000000000000000000000000000000
00000000000000000000000000000000
00000000000000000000000000000000
00000000000000000000000000000000
00000000000000000000000000000000
00000000000000000000000000000000
00000000000000000000000000000000
00000000000000000000000000000000
00000000000000000000000000000000
00000000000000000000000000000000
00000000000000000000000000000000
00000000000000000000000000000000
00000000000000000000000000000000
00000000000000000000000000000000
00000000000000000000000000000000
00000000000000000000000000000000
00000000000000000000000000000000
00000000000000000000000000000000
00000000000000000000000000000000
00000000000000000000000000000000
00000000000000000000000000000000
00000000000000000000000000000000
00000000000000000000000000000000
00000000000000000000000000000000
00000000000000000000000000000000
00000000000000000000000000000000
00000000000000000000000000000000
00000000000000000000000000000000
00000000000000000000000000000000
00000000000000000000000000000000
00000000000000000000000000000000
00000000000000000000000000000000
00000000000000000000000000000000
00000000000000000000000000000000
00000000000000000000000000000000
00000000000000000000000000000000
00000000000000000000000000000000
00000000000000000000000000000000
00000000000000000000000000000000
00000000000000000000000000000000
00000000000000000000000000000000
00000000000000000000000000000000
00000000000000000000000000000000
00000000000000000000000000000000
00000000000000000000000000000000
00000000000000000000000000000000
00000000000000000000000000000000
00000000000000000000000000000000
00000000000000000000000000000000
00000000000000000000000000000000
00000000000000000000000000000000
00000000000000000000000000000000
00000000000000000000000000000000
00000000000000000000000000000000
00000000000000000000000000000000
00000000000000000000000000000000
00000000000000000000000000000000
00000000000000000000000000000000
00000000000000000000000000000000
00000000000000000000000000000000
00000000000000000000000000000000
00000000000000000000000000000000
00000000000000000000000000000000
00000000000000000000000000000000
00000000000000000000000000000000
00000000000000000000000000000000
00000000000000000000000000000000
00000000000000000000000000000000
00000000000000000000000000000000
00000000000000000000000000000000
00000000000000000000000000000000
00000000000000000000000000000000
00000000000000000000000000000000
00000000000000000000000000000000
00000000000000000000000000000000
00000000000000000000000000000000
00000000000000000000000000000000
00000000000000000000000000000000
00000000000000000000000000000000
00000000000000000000000000000000
00000000000000000000000000000000
00000000000000000000000000000000
00000000000000000000000000000000
00000000000000000000000000000000
00000000000000000000000000000000
00000000000000000000000000000000
00000000000000000000000000000000
00000000000000000000000000000000
00000000000000000000000000000000
00000000000000000000000000000000
00000000000000000000000000000000
00000000000000000000000000000000
00000000000000000000000000000000
00000000000000000000000000000000
00000000000000000000000000000000
00000000000000000000000000000000
00000000000000000000000000000000
00000000000000000000000000000000
00000000000000000000000000000000
00000000000000000000000000000000
00000000000000000000000000000000
00000000000000000000000000000000
00000000000000000000000000000000
00000000000000000000000000000000
00000000000000000000000000000000
00000000000000000000000000000000
00000000000000000000000000000000
00000000000000000000000000000000
00000000000000000000000000000000
00000000000000000000000000000000
00000000000000000000000000000000
00000000000000000000000000000000
00000000000000000000000000000000
00000000000000000000000000000000
00000000000000000000000000000000
00000000000000000000000000000000
00000000000000000000000000000000
00000000000000000000000000000000
00000000000000000000000000000000
00000000000000000000000000000000
00000000000000000000000000000000
00000000000000000000000000000000
00000000000000000000000000000000
00000000000000000000000000000000
00000000000000000000000000000000
00000000000000000000000000000000
00000000000000000000000000000000
00000000000000000000000000000000
00000000000000000000000000000000
00000000000000000000000000000000
00000000000000000000000000000000
00000000000000000000000000000000
00000000000000000000000000000000
00000000000000000000000000000000
00000000000000000000000000000000
00000000000000000000000000000000
00000000000000000000000000000000
00000000000000000000000000000000
00000000000000000000000000000000
00000000000000000000000000000000
00000000000000000000000000000000
00000000000000000000000000000000
00000000000000000000000000000000
00000000000000000000000000000000
00000000000000000000000000000000
00000000000000000000000000000000
00000000000000000000000000000000
00000000000000000000000000000000
00000000000000000000000000000000
00000000000000000000000000000000
00000000000000000000000000000000
00000000000000000000000000000000
00000000000000000000000000000000
00000000000000000000000000000000
00000000000000000000000000000000
00000000000000000000000000000000
00000000000000000000000000000000
00000000000000000000000000000000
00000000000000000000000000000000
00000000000000000000000000000000
00000000000000000000000000000000
00000000000000000000000000000000
00000000000000000000000000000000
00000000000000000000000000000000
00000000000000000000000000000000
00000000000000000000000000000000
00000000000000000000000000000000
00000000000000000000000000000000
00000000000000000000000000000000
00000000000000000000000000000000
00000000000000000000000000000000
00000000000000000000000000000000
00000000000000000000000000000000
00000000000000000000000000000000
00000000000000000000000000000000
00000000000000000000000000000000
00000000000000000000000000000000
00000000000000000000000000000000
00000000000000000000000000000000
00000000000000000000000000000000
00000000000000000000000000000000
00000000000000000000000000000000
00000000000000000000000000000000
00000000000000000000000000000000
00000000000000000000000000000000
00000000000000000000000000000000
00000000000000000000000000000000
00000000000000000000000000000000
00000000000000000000000000000000
00000000000000000000000000000000
00000000000000000000000000000000
00000000000000000000000000000000
00000000000000000000000000000000
00000000000000000000000000000000
00000000000000000000000000000000
00000000000000000000000000000000
00000000000000000000000000000000
00000000000000000000000000000000
00000000000000000000000000000000
00000000000000000000000000000000
00000000000000000000000000000000
00000000000000000000000000000000
00000000000000000000000000000000
00000000000000000000000000000000
00000000000000000000000000000000
00000000000000000000000000000000
00000000000000000000000000000000
00000000000000000000000000000000
00000000000000000000000000000000
00000000000000000000000000000000
00000000000000000000000000000000
00000000000000000000000000000000
00000000000000000000000000000000
00000000000000000000000000000000
00000000000000000000000000000000
00000000000000000000000000000000
00000000000000000000000000000000
00000000000000000000000000000000
00000000000000000000000000000000
00000000000000000000000000000000
00000000000000000000000000000000
00000000000000000000000000000000
00000000000000000000000000000000
00000000000000000000000000000000
00000000000000000000000000000000
00000000000000000000000000000000
00000000000000000000000000000000
00000000000000000000000000000000
00000000000000000000000000000000
00000000000000000000000000000000
00000000000000000000000000000000
00000000000000000000000000000000
00000000000000000000000000000000
00000000000000000000000000000000
00000000000000000000000000000000
00000000000000000000000000000000
00000000000000000000000000000000
00000000000000000000000000000000
00000000000000000000000000000000
00000000000000000000000000000000
00000000000000000000000000000000
00000000000000000000000000000000
00000000000000000000000000000000
00000000000000000000000000000000
00000000000000000000000000000000
00000000000000000000000000000000
00000000000000000000000000000000
00000000000000000000000000000000
00000000000000000000000000000000
00000000000000000000000000000000
00000000000000000000000000000000
00000000000000000000000000000000
00000000000000000000000000000000
00000000000000000000000000000000
00000000000000000000000000000000
00000000000000000000000000000000
00000000000000000000000000000000
00000000000000000000000000000000
00000000000000000000000000000000
00000000000000000000000000000000
00000000000000000000000000000000
00000000000000000000000000000000
00000000000000000000000000000000
00000000000000000000000000000000
00000000000000000000000000000000
00000000000000000000000000000000
00000000000000000000000000000000
00000000000000000000000000000000
00000000000000000000000000000000
00000000000000000000000000000000
00000000000000000000000000000000
00000000000000000000000000000000
00000000000000000000000000000000
00000000000000000000000000000000
00000000000000000000000000000000
00000000000000000000000000000000
00000000000000000000000000000000
00000000000000000000000000000000
00000000000000000000000000000000
00000000000000000000000000000000
00000000000000000000000000000000
00000000000000000000000000000000
00000000000000000000000000000000
00000000000000000000000000000000
00000000000000000000000000000000
00000000000000000000000000000000
00000000000000000000000000000000
00000000000000000000000000000000
00000000000000000000000000000000
00000000000000000000000000000000
00000000000000000000000000000000
00000000000000000000000000000000
00000000000000000000000000000000
00000000000000000000000000000000
00000000000000000000000000000000
00000000000000000000000000000000
00000000000000000000000000000000
00000000000000000000000000000000
00000000000000000000000000000000
00000000000000000000000000000000
00000000000000000000000000000000
00000000000000000000000000000000
00000000000000000000000000000000
00000000000000000000000000000000
00000000000000000000000000000000
00000000000000000000000000000000
00000000000000000000000000000000
00000000000000000000000000000000
00000000000000000000000000000000
00000000000000000000000000000000
00000000000000000000000000000000
00000000000000000000000000000000
00000000000000000000000000000000
00000000000000000000000000000000
00000000000000000000000000000000
00000000000000000000000000000000
00000000000000000000000000000000
00000000000000000000000000000000
00000000000000000000000000000000
00000000000000000000000000000000
00000000000000000000000000000000
00000000000000000000000000000000
00000000000000000000000000000000
00000000000000000000000000000000
00000000000000000000000000000000
00000000000000000000000000000000
00000000000000000000000000000000
00000000000000000000000000000000
00000000000000000000000000000000
00000000000000000000000000000000
00000000000000000000000000000000
00000000000000000000000000000000
00000000000000000000000000000000
00000000000000000000000000000000
00000000000000000000000000000000
00000000000000000000000000000000
00000000000000000000000000000000
00000000000000000000000000000000
00000000000000000000000000000000
00000000000000000000000000000000
00000000000000000000000000000000
00000000000000000000000000000000
00000000000000000000000000000000
00000000000000000000000000000000
00000000000000000000000000000000
00000000000000000000000000000000
00000000000000000000000000000000
00000000000000000000000000000000
00000000000000000000000000000000
00000000000000000000000000000000
00000000000000000000000000000000
00000000000000000000000000000000
00000000000000000000000000000000
00000000000000000000000000000000
00000000000000000000000000000000
00000000000000000000000000000000
00000000000000000000000000000000
00000000000000000000000000000000
00000000000000000000000000000000
00000000000000000000000000000000
00000000000000000000000000000000
00000000000000000000000000000000
00000000000000000000000000000000
00000000000000000000000000000000
00000000000000000000000000000000
00000000000000000000000000000000
00000000000000000000000000000000
00000000000000000000000000000000
00000000000000000000000000000000
00000000000000000000000000000000
00000000000000000000000000000000
00000000000000000000000000000000
00000000000000000000000000000000
00000000000000000000000000000000
00000000000000000000000000000000
00000000000000000000000000000000
00000000000000000000000000000000
00000000000000000000000000000000
00000000000000000000000000000000
00000000000000000000000000000000
00000000000000000000000000000000
00000000000000000000000000000000
00000000000000000000000000000000
00000000000000000000000000000000
00000000000000000000000000000000
00000000000000000000000000000000
00000000000000000000000000000000
00000000000000000000000000000000
00000000000000000000000000000000
00000000000000000000000000000000
00000000000000000000000000000000
00000000000000000000000000000000
00000000000000000000000000000000
00000000000000000000000000000000
00000000000000000000000000000000
00000000000000000000000000000000
00000000000000000000000000000000
00000000000000000000000000000000
00000000000000000000000000000000
00000000000000000000000000000000
00000000000000000000000000000000
00000000000000000000000000000000
00000000000000000000000000000000
00000000000000000000000000000000
00000000000000000000000000000000
00000000000000000000000000000000
00000000000000000000000000000000
00000000000000000000000000000000
00000000000000000000000000000000
00000000000000000000000000000000
00000000000000000000000000000000
00000000000000000000000000000000
00000000000000000000000000000000
00000000000000000000000000000000
00000000000000000000000000000000
00000000000000000000000000000000
00000000000000000000000000000000
00000000000000000000000000000000
00000000000000000000000000000000
00000000000000000000000000000000
00000000000000000000000000000000
00000000000000000000000000000000
00000000000000000000000000000000
00000000000000000000000000000000
00000000000000000000000000000000
00000000000000000000000000000000
00000000000000000000000000000000
00000000000000000000000000000000
00000000000000000000000000000000
00000000000000000000000000000000
00000000000000000000000000000000
00000000000000000000000000000000
00000000000000000000000000000000
00000000000000000000000000000000
00000000000000000000000000000000
00000000000000000000000000000000
00000000000000000000000000000000
00000000000000000000000000000000
00000000000000000000000000000000
00000000000000000000000000000000
00000000000000000000000000000000
00000000000000000000000000000000
00000000000000000000000000000000
00000000000000000000000000000000
00000000000000000000000000000000
00000000000000000000000000000000
00000000000000000000000000000000
00000000000000000000000000000000
00000000000000000000000000000000
00000000000000000000000000000000
00000000000000000000000000000000
00000000000000000000000000000000
00000000000000000000000000000000
00000000000000000000000000000000
00000000000000000000000000000000
00000000000000000000000000000000
00000000000000000000000000000000
00000000000000000000000000000000
00000000000000000000000000000000
00000000000000000000000000000000
00000000000000000000000000000000
00000000000000000000000000000000
00000000000000000000000000000000
00000000000000000000000000000000
00000000000000000000000000000000
00000000000000000000000000000000
00000000000000000000000000000000
00000000000000000000000000000000
00000000000000000000000000000000
00000000000000000000000000000000
00000000000000000000000000000000
00000000000000000000000000000000
00000000000000000000000000000000
00000000000000000000000000000000
00000000000000000000000000000000
00000000000000000000000000000000
00000000000000000000000000000000
00000000000000000000000000000000
00000000000000000000000000000000
00000000000000000000000000000000
00000000000000000000000000000000
00000000000000000000000000000000
00000000000000000000000000000000
00000000000000000000000000000000
00000000000000000000000000000000
00000000000000000000000000000000
00000000000000000000000000000000
00000000000000000000000000000000
00000000000000000000000000000000
00000000000000000000000000000000
00000000000000000000000000000000
00000000000000000000000000000000
00000000000000000000000000000000
00000000000000000000000000000000
00000000000000000000000000000000
00000000000000000000000000000000
00000000000000000000000000000000
00000000000000000000000000000000
00000000000000000000000000000000
00000000000000000000000000000000
00000000000000000000000000000000
00000000000000000000000000000000
00000000000000000000000000000000
00000000000000000000000000000000
00000000000000000000000000000000
00000000000000000000000000000000
00000000000000000000000000000000
00000000000000000000000000000000
00000000000000000000000000000000
00000000000000000000000000000000
00000000000000000000000000000000
00000000000000000000000000000000
00000000000000000000000000000000
00000000000000000000000000000000
00000000000000000000000000000000
00000000000000000000000000000000
00000000000000000000000000000000
00000000000000000000000000000000
00000000000000000000000000000000
00000000000000000000000000000000
00000000000000000000000000000000
00000000000000000000000000000000
00000000000000000000000000000000
00000000000000000000000000000000
00000000000000000000000000000000
00000000000000000000000000000000
00000000000000000000000000000000
00000000000000000000000000000000
00000000000000000000000000000000
00000000000000000000000000000000
00000000000000000000000000000000
00000000000000000000000000000000
00000000000000000000000000000000
00000000000000000000000000000000
00000000000000000000000000000000
00000000000000000000000000000000
00000000000000000000000000000000
00000000000000000000000000000000
00000000000000000000000000000000
00000000000000000000000000000000
00000000000000000000000000000000
00000000000000000000000000000000
00000000000000000000000000000000
00000000000000000000000000000000
00000000000000000000000000000000
00000000000000000000000000000000
00000000000000000000000000000000
00000000000000000000000000000000
00000000000000000000000000000000
00000000000000000000000000000000
00000000000000000000000000000000
00000000000000000000000000000000
00000000000000000000000000000000
00000000000000000000000000000000
00000000000000000000000000000000
00000000000000000000000000000000
00000000000000000000000000000000
00000000000000000000000000000000
00000000000000000000000000000000
00000000000000000000000000000000
00000000000000000000000000000000
00000000000000000000000000000000
00000000000000000000000000000000
00000000000000000000000000000000
00000000000000000000000000000000
00000000000000000000000000000000
00000000000000000000000000000000
00000000000000000000000000000000
00000000000000000000000000000000
00000000000000000000000000000000
00000000000000000000000000000000
00000000000000000000000000000000
00000000000000000000000000000000
00000000000000000000000000000000
00000000000000000000000000000000
00000000000000000000000000000000
00000000000000000000000000000000
00000000000000000000000000000000
00000000000000000000000000000000
00000000000000000000000000000000
00000000000000000000000000000000
00000000000000000000000000000000
00000000000000000000000000000000
00000000000000000000000000000000
00000000000000000000000000000000
00000000000000000000000000000000
00000000000000000000000000000000
00000000000000000000000000000000
00000000000000000000000000000000
00000000000000000000000000000000
00000000000000000000000000000000
00000000000000000000000000000000
00000000000000000000000000000000
00000000000000000000000000000000
00000000000000000000000000000000
00000000000000000000000000000000
00000000000000000000000000000000
00000000000000000000000000000000
00000000000000000000000000000000
00000000000000000000000000000000
00000000000000000000000000000000
00000000000000000000000000000000
00000000000000000000000000000000
00000000000000000000000000000000
00000000000000000000000000000000
00000000000000000000000000000000
00000000000000000000000000000000
00000000000000000000000000000000
00000000000000000000000000000000
00000000000000000000000000000000
00000000000000000000000000000000
00000000000000000000000000000000
00000000000000000000000000000000
00000000000000000000000000000000
00000000000000000000000000000000
00000000000000000000000000000000
00000000000000000000000000000000
00000000000000000000000000000000
00000000000000000000000000000000
00000000000000000000000000000000
00000000000000000000000000000000
00000000000000000000000000000000
00000000000000000000000000000000
00000000000000000000000000000000
00000000000000000000000000000000
00000000000000000000000000000000
00000000000000000000000000000000
00000000000000000000000000000000
00000000000000000000000000000000
00000000000000000000000000000000
00000000000000000000000000000000
00000000000000000000000000000000
00000000000000000000000000000000
00000000000000000000000000000000
00000000000000000000000000000000
00000000000000000000000000000000
00000000000000000000000000000000
00000000000000000000000000000000
00000000000000000000000000000000
00000000000000000000000000000000
00000000000000000000000000000000
00000000000000000000000000000000
00000000000000000000000000000000
00000000000000000000000000000000
00000000000000000000000000000000
00000000000000000000000000000000
00000000000000000000000000000000
00000000000000000000000000000000
00000000000000000000000000000000
00000000000000000000000000000000
00000000000000000000000000000000
00000000000000000000000000000000
00000000000000000000000000000000
00000000000000000000000000000000
00000000000000000000000000000000
00000000000000000000000000000000
00000000000000000000000000000000
00000000000000000000000000000000
00000000000000000000000000000000
00000000000000000000000000000000
00000000000000000000000000000000
00000000000000000000000000000000
00000000000000000000000000000000
00000000000000000000000000010000
00000000000000000000000000000000
00000001011110100101001000000000
00000100011111000000100100000001
00011011000011010000000100000000
00000000000000000000000000011000
00000000000000000000000000011000
11111111111111101001100001000100
00000000000000000000000001110000
00000000010000011000001000000010
01000001000011010000001001000010
10001001000000010000000000000000
00000000000000000000000000011000
00000000000000000000000000110100
11111111111111101001100010011000
00000000000000000000011101110100
00000000010000011000001000000010
01000001000011010000001001000010
10001001000000010000000000000000
00000000000000000000000000011000
00000000000000000000000001010000
11111111111111101001111111110000
00000000000000000000101011100000
00000000010000011000001000000010
01000001000011010000001001000010
10001001000000010000000000000000
00000000000000000000000000011000
00000000000000000000000001101100
11111111111111101010101010110100
00000000000000000011001001111100
00000000010000011000001000000010
01000001000011010000001001000010
10001001000000010000000000000000
00000000000000000000000000011000
00000000000000000000000010001000
11111111111111101101110100010100
00000000000000000000000000111100
00000000010000011000001000000010
01000001000011010000001001000010
10001001000000010000000000000000
00000000000000000000000000000000
11111111111111111111111111111111
00000000000000000000000000000000
11111111111111111111111111111111
00000000000000000000000000000000
00000000000000000000000000000000
00000000000000000010000000000000
00000000000000000010000000000000
00000000000000000000000000000000
00000000000000011000110000000100
00000000000000000000000000000000
00000000000000011000111011110000
00000000000000011000111101011000
00000000000000011000111111000000
00000000000000000000000000000000
00000000000000000000000000000000
00000000000000000000000000000000
00000000000000000000000000000000
00000000000000000000000000000000
00000000000000000000000000000000
00000000000000000000000000000000
00000000000000000000000000000000
00000000000000000000000000000000
00000000000000000000000000000000
00000000000000000000000000000000
00000000000000000000000000000000
00000000000000000000000000000000
00000000000000000000000000000000
00000000000000000000000000000000
00000000000000000000000000000000
00000000000000000000000000000000
00000000000000000000000000000000
00000000000000000000000000000000
00000000000000000000000000000000
00000000000000000000000000000000
00000000000000000000000000000000
00000000000000000000000000000000
00000000000000000000000000000000
00000000000000000000000000000000
00000000000000000000000000000000
00000000000000000000000000000000
00000000000000000000000000000000
00000000000000000000000000000000
00000000000000000000000000000000
00000000000000000000000000000000
00000000000000000000000000000000
00000000000000000000000000000000
00000000000000000000000000000000
00000000000000000000000000000000
00000000000000000000000000000000
00000000000000000000000000000000
00000000000000000000000000000000
00000000000000000000000000000001
00110011000011101010101111001101
00010010001101001110011001101101
11011110111011000000000000000101
00000000000010110000000000000000
00000000000000000000000000000000
00000000000000000000000000000000
00000000000000000000000000000000
00000000000000000000000000000000
00000000000000000000000000000000
00000000000000000000000000000000
00000000000000000000000000000000
00000000000000000000000000000000
00000000000000000000000000000000
00000000000000000000000000000000
00000000000000000000000000000000
00000000000000000000000000000000
00000000000000000000000000000000
00000000000000000000000000000000
00000000000000000000000000000000
00000000000000000000000000000000
00000000000000000000000000000000
00000000000000000000000000000000
00000000000000000000000000000000
00000000000000000000000000000000
00000000000000000000000000000000
00000000000000000000000000000000
00000000000000000000000000000000
00000000000000000000000000000000
00000000000000000000000000000000
00000000000000000000000000000000
00000000000000000000000000000000
00000000000000000000000000000000
00000000000000000000000000000000
00000000000000000000000000000000
00000000000000000000000000000000
00000000000000000000000000000000
00000000000000000000000000000000
00000000000000000000000000000000
00000000000000000000000000000000
00000000000000000000000000000000
00000000000000000000000000000000
00000000000000000000000000000000
00000000000000000000000000000000
00000000000000000000000000000000
00000000000000000000000000000000
00000000000000000000000000000000
00000000000000000000000000000000
00000000000000000000000000000000
00000000000000000000000000000000
00000000000000000000000000000000
00000000000000000000000000000000
00000000000000000000000000000000
00000000000000000000000000000000
00000000000000000000000000000000
00000000000000000000000000000000
00000000000000000000000000000000
00000000000000000000000000000000
00000000000000000000000000000000
00000000000000000000000000000000
00000000000000000000000000000000
00000000000000000000000000000000
00000000000000000000000000000000
00000000000000000000000000000000
00000000000000000000000000000000
00000000000000000000000000000000
00000000000000000000000000000000
00000000000000000000000000000000
00000000000000000000000000000000
00000000000000000000000000000000
00000000000000000000000000000000
00000000000000000000000000000000
00000000000000000000000000000000
00000000000000000000000000000000
00000000000000000000000000000000
00000000000000000000000000000000
00000000000000000000000000000000
00000000000000000000000000000000
00000000000000000000000000000000
00000000000000000000000000000000
00000000000000000000000000000000
00000000000000000000000000000000
00000000000000000000000000000000
00000000000000000000000000000000
00000000000000000000000000000000
00000000000000000000000000000000
00000000000000000000000000000000
00000000000000000000000000000000
00000000000000000000000000000000
00000000000000000000000000000000
00000000000000000000000000000000
00000000000000000000000000000000
00000000000000000000000000000000
00000000000000000000000000000000
00000000000000000000000000000000
00000000000000000000000000000000
00000000000000000000000000000000
00000000000000000000000000000000
00000000000000000000000000000000
00000000000000000000000000000000
00000000000000000000000000000000
00000000000000000000000000000000
00000000000000000000000000000000
00000000000000000000000000000000
00000000000000000000000000000000
00000000000000000000000000000000
00000000000000000000000000000000
00000000000000000000000000000000
00000000000000000000000000000000
00000000000000000000000000000000
00000000000000000000000000000000
00000000000000000000000000000000
00000000000000000000000000000000
00000000000000000000000000000000
00000000000000000000000000000000
00000000000000000000000000000000
00000000000000000000000000000000
00000000000000000000000000000000
00000000000000000000000000000000
00000000000000000000000000000000
00000000000000000000000000000000
00000000000000000000000000000000
00000000000000000000000000000000
00000000000000000000000000000000
00000000000000000000000000000000
00000000000000000000000000000000
00000000000000000000000000000000
00000000000000000000000000000000
00000000000000000000000000000000
00000000000000000000000000000000
00000000000000000000000000000000
00000000000000000000000000000000
00000000000000000000000000000000
00000000000000000000000000000000
00000000000000000000000000000000
00000000000000000000000000000000
00000000000000000000000000000000
00000000000000000000000000000000
00000000000000000000000000000000
00000000000000000000000000000000
00000000000000000000000000000000
00000000000000000000000000000000
00000000000000000000000000000000
00000000000000000000000000000000
00000000000000000000000000000000
00000000000000000000000000000000
00000000000000000000000000000000
00000000000000000000000000000000
00000000000000000000000000000000
00000000000000000000000000000000
00000000000000000000000000000000
00000000000000000000000000000000
00000000000000000000000000000000
00000000000000000000000000000000
00000000000000000000000000000000
00000000000000000000000000000000
00000000000000000000000000000000
00000000000000000000000000000000
00000000000000000000000000000000
00000000000000000000000000000000
00000000000000000000000000000000
00000000000000000000000000000000
00000000000000000000000000000000
00000000000000000000000000000000
00000000000000000000000000000000
00000000000000000000000000000000
00000000000000000000000000000000
00000000000000000000000000000000
00000000000000000000000000000000
00000000000000000000000000000000
00000000000000000000000000000000
00000000000000000000000000000000
00000000000000000000000000000000
00000000000000000000000000000000
00000000000000000000000000000000
00000000000000000000000000000000
00000000000000000000000000000000
00000000000000000000000000000000
00000000000000000000000000000000
00000000000000000000000000000000
00000000000000000000000000000000
00000000000000000000000000000000
00000000000000000000000000000000
00000000000000000000000000000000
00000000000000000000000000000000
00000000000000000000000000000000
00000000000000000000000000000000
00000000000000000000000000000000
00000000000000000000000000000000
00000000000000000000000000000000
00000000000000000000000000000000
00000000000000000000000000000000
00000000000000000000000000000000
00000000000000000000000000000000
00000000000000000000000000000000
00000000000000000000000000000000
00000000000000000000000000000000
00000000000000000000000000000000
00000000000000000000000000000000
00000000000000000000000000000000
00000000000000000000000000000000
00000000000000000000000000000000
00000000000000000000000000000000
00000000000000000000000000000000
00000000000000000000000000000000
00000000000000000000000000000000
00000000000000000000000000000000
00000000000000000000000000000000
00000000000000000000000000000000
00000000000000000000000000000000
00000000000000000000000000000000
00000000000000000000000000000000
00000000000000000000000000000000
00000000000000000000000000000000
00000000000000000000000000000000
00000000000000000000000000000000
00000000000000000000000000000000
00000000000000000000000000000000
00000000000000000000000000000000
00000000000000000000000000000000
00000000000000000000000000000000
00000000000000000000000000000000
00000000000000000000000000000000
01000011000000000000000000000000
00000000000000000000000000000000
00000000000000000000000000000000
00000000000000000000000000000000
00000000000000000000000000000000
00000000000000000000000000000000
00000000000000000000000000000000
00000000000000000000000000000000
01000011000000000000000000000000
00000000000000000000000000000000
00000000000000000000000000000000
00000000000000000000000000000000
00000000000000000000000000000000
00000000000000000000000000000000
00000000000000000000000000000000
00000000000000000000000000000000
01000011000000000000000000000000
00000000000000000000000000000000
00000000000000000000000000000000
00000000000000000000000000000000
00000000000000000000000000000000
00000000000000000000000000000000
00000000000000000000000000000000
00000000000000000000000000000000
01000011000000000000000000000000
00000000000000000000000000000000
00000000000000000000000000000000
00000000000000000000000000000000
00000000000000000000000000000000
00000000000000000000000000000000
00000000000000000000000000000000
00000000000000000000000000000000
01000011000000000000000000000000
00000000000000000000000000000000
00000000000000000000000000000000
00000000000000000000000000000000
00000000000000000000000000000000
00000000000000000000000000000000
00000000000000000000000000000000
00000000000000000000000000000000
01000011000000000000000000000000
00000000000000000000000000000000
00000000000000000000000000000000
00000000000000000000000000000000
00000000000000000000000000000000
00000000000000000000000000000000
00000000000000000000000000000000
00000000000000000000000000000000
01000011000000000000000000000000
00000000000000000000000000000000
00000000000000000000000000000000
00000000000000000000000000000000
00000000000000000000000000000000
00000000000000000000000000000000
00000000000000000000000000000000
00000000000000000000000000000000
00000000000000010001001100000100
00000000000000001101100010110100
00000000000000000000000000000000
00000000000000010110100010111011
00000000000000010110010001111100
00000000000000010110001000111101
00000000000000010110001000111101
00000000000000010110001000111101
00000000000000010110001000111101
00000000000000010110001000111101
00000000000000010110001000111101
00000000000000010110001000111101
00000000000000010110001000111101
00000000000000010110001000111101
01111111011111110111111101111111
01111111011111110111111101111111
01111111011111110111111101111111
01111111011111110000000000000000
00000001000000000100000101010011
01000011010010010100100100000000
00000000000000000000000000000000
00000000000000000000000000000000
00000000000000000000000000000000
00000000000000000000000000000000
00000000000000000000000000000000
00000000000000000000000000000000
00000000000000000100000101010011
01000011010010010100100100000000
00000000000000000000000000000000
00000000000000000000000000000000
00000000000000000000000000000000
00000000000000000000000000000000
00000000000000000000000000000000
00000000000000000000000000000000
00000000000000000000000000000000
11111111111111111111111111111111
00000000000000100000000000000000
00000000000000000000000000000000
00000000000000000000000000000000
00000000000000011001000110011100
00000000000000011001000110011100
00000000000000011001000110100100
00000000000000011001000110100100
00000000000000011001000110101100
00000000000000011001000110101100
00000000000000011001000110110100
00000000000000011001000110110100
00000000000000011001000110111100
00000000000000011001000110111100
00000000000000011001000111000100
00000000000000011001000111000100
00000000000000011001000111001100
00000000000000011001000111001100
00000000000000011001000111010100
00000000000000011001000111010100
00000000000000011001000111011100
00000000000000011001000111011100
00000000000000011001000111100100
00000000000000011001000111100100
00000000000000011001000111101100
00000000000000011001000111101100
00000000000000011001000111110100
00000000000000011001000111110100
00000000000000011001000111111100
00000000000000011001000111111100
00000000000000011001001000000100
00000000000000011001001000000100
00000000000000011001001000001100
00000000000000011001001000001100
00000000000000011001001000010100
00000000000000011001001000010100
00000000000000011001001000011100
00000000000000011001001000011100
00000000000000011001001000100100
00000000000000011001001000100100
00000000000000011001001000101100
00000000000000011001001000101100
00000000000000011001001000110100
00000000000000011001001000110100
00000000000000011001001000111100
00000000000000011001001000111100
00000000000000011001001001000100
00000000000000011001001001000100
00000000000000011001001001001100
00000000000000011001001001001100
00000000000000011001001001010100
00000000000000011001001001010100
00000000000000011001001001011100
00000000000000011001001001011100
00000000000000011001001001100100
00000000000000011001001001100100
00000000000000011001001001101100
00000000000000011001001001101100
00000000000000011001001001110100
00000000000000011001001001110100
00000000000000011001001001111100
00000000000000011001001001111100
00000000000000011001001010000100
00000000000000011001001010000100
00000000000000011001001010001100
00000000000000011001001010001100
00000000000000011001001010010100
00000000000000011001001010010100
00000000000000011001001010011100
00000000000000011001001010011100
00000000000000011001001010100100
00000000000000011001001010100100
00000000000000011001001010101100
00000000000000011001001010101100
00000000000000011001001010110100
00000000000000011001001010110100
00000000000000011001001010111100
00000000000000011001001010111100
00000000000000011001001011000100
00000000000000011001001011000100
00000000000000011001001011001100
00000000000000011001001011001100
00000000000000011001001011010100
00000000000000011001001011010100
00000000000000011001001011011100
00000000000000011001001011011100
00000000000000011001001011100100
00000000000000011001001011100100
00000000000000011001001011101100
00000000000000011001001011101100
00000000000000011001001011110100
00000000000000011001001011110100
00000000000000011001001011111100
00000000000000011001001011111100
00000000000000011001001100000100
00000000000000011001001100000100
00000000000000011001001100001100
00000000000000011001001100001100
00000000000000011001001100010100
00000000000000011001001100010100
00000000000000011001001100011100
00000000000000011001001100011100
00000000000000011001001100100100
00000000000000011001001100100100
00000000000000011001001100101100
00000000000000011001001100101100
00000000000000011001001100110100
00000000000000011001001100110100
00000000000000011001001100111100
00000000000000011001001100111100
00000000000000011001001101000100
00000000000000011001001101000100
00000000000000011001001101001100
00000000000000011001001101001100
00000000000000011001001101010100
00000000000000011001001101010100
00000000000000011001001101011100
00000000000000011001001101011100
00000000000000011001001101100100
00000000000000011001001101100100
00000000000000011001001101101100
00000000000000011001001101101100
00000000000000011001001101110100
00000000000000011001001101110100
00000000000000011001001101111100
00000000000000011001001101111100
00000000000000011001001110000100
00000000000000011001001110000100
00000000000000011001001110001100
00000000000000011001001110001100
00000000000000011001001110010100
00000000000000011001001110010100
00000000000000011001001110011100
00000000000000011001001110011100
00000000000000011001001110100100
00000000000000011001001110100100
00000000000000011001001110101100
00000000000000011001001110101100
00000000000000011001001110110100
00000000000000011001001110110100
00000000000000011001001110111100
00000000000000011001001110111100
00000000000000011001001111000100
00000000000000011001001111000100
00000000000000011001001111001100
00000000000000011001001111001100
00000000000000011001001111010100
00000000000000011001001111010100
00000000000000011001001111011100
00000000000000011001001111011100
00000000000000011001001111100100
00000000000000011001001111100100
00000000000000011001001111101100
00000000000000011001001111101100
00000000000000011001001111110100
00000000000000011001001111110100
00000000000000011001001111111100
00000000000000011001001111111100
00000000000000011001010000000100
00000000000000011001010000000100
00000000000000011001010000001100
00000000000000011001010000001100
00000000000000011001010000010100
00000000000000011001010000010100
00000000000000011001010000011100
00000000000000011001010000011100
00000000000000011001010000100100
00000000000000011001010000100100
00000000000000011001010000101100
00000000000000011001010000101100
00000000000000011001010000110100
00000000000000011001010000110100
00000000000000011001010000111100
00000000000000011001010000111100
00000000000000011001010001000100
00000000000000011001010001000100
00000000000000011001010001001100
00000000000000011001010001001100
00000000000000011001010001010100
00000000000000011001010001010100
00000000000000011001010001011100
00000000000000011001010001011100
00000000000000011001010001100100
00000000000000011001010001100100
00000000000000011001010001101100
00000000000000011001010001101100
00000000000000011001010001110100
00000000000000011001010001110100
00000000000000011001010001111100
00000000000000011001010001111100
00000000000000011001010010000100
00000000000000011001010010000100
00000000000000011001010010001100
00000000000000011001010010001100
00000000000000011001010010010100
00000000000000011001010010010100
00000000000000011001010010011100
00000000000000011001010010011100
00000000000000011001010010100100
00000000000000011001010010100100
00000000000000011001010010101100
00000000000000011001010010101100
00000000000000011001010010110100
00000000000000011001010010110100
00000000000000011001010010111100
00000000000000011001010010111100
00000000000000011001010011000100
00000000000000011001010011000100
00000000000000011001010011001100
00000000000000011001010011001100
00000000000000011001010011010100
00000000000000011001010011010100
00000000000000011001010011011100
00000000000000011001010011011100
00000000000000011001010011100100
00000000000000011001010011100100
00000000000000011001010011101100
00000000000000011001010011101100
00000000000000011001010011110100
00000000000000011001010011110100
00000000000000011001010011111100
00000000000000011001010011111100
00000000000000011001010100000100
00000000000000011001010100000100
00000000000000011001010100001100
00000000000000011001010100001100
00000000000000011001010100010100
00000000000000011001010100010100
00000000000000011001010100011100
00000000000000011001010100011100
00000000000000011001010100100100
00000000000000011001010100100100
00000000000000011001010100101100
00000000000000011001010100101100
00000000000000011001010100110100
00000000000000011001010100110100
00000000000000011001010100111100
00000000000000011001010100111100
00000000000000011001010101000100
00000000000000011001010101000100
00000000000000011001010101001100
00000000000000011001010101001100
00000000000000011001010101010100
00000000000000011001010101010100
00000000000000011001010101011100
00000000000000011001010101011100
00000000000000011001010101100100
00000000000000011001010101100100
00000000000000011001010101101100
00000000000000011001010101101100
00000000000000011001010101110100
00000000000000011001010101110100
00000000000000011001010101111100
00000000000000011001010101111100
00000000000000011001010110000100
00000000000000011001010110000100
00000000000000011001010110001100
00000000000000011001010110001100
00000000000000011001010110010100
00000000000000011001010110010100
00000000000000011001101111011100
00000000000000011001010110101100
00000000000000000000000000000000
00000000000000011001100010011000
00000000000000011001100100000000
00000000000000011001100101101000
00000000000000000000000000000000
00000000000000000000000000000000
00000000000000000000000000000000
00000000000000000000000000000000
00000000000000000000000000000000
00000000000000000000000000000000
00000000000000000000000000000000
00000000000000000000000000000000
00000000000000000000000000000000
00000000000000000000000000000000
00000000000000000000000000000000
00000000000000000000000000000000
00000000000000000000000000000000
00000000000000000000000000000000
00000000000000000000000000000000
00000000000000000000000000000000
00000000000000000000000000000000
00000000000000000000000000000000
00000000000000000000000000000000
00000000000000000000000000000000
00000000000000000000000000000000
00000000000000000000000000000000
00000000000000000000000000000000
00000000000000000000000000000000
00000000000000000000000000000000
00000000000000000000000000000000
00000000000000000000000000000000
00000000000000000000000000000000
00000000000000000000000000000000
00000000000000000000000000000000
00000000000000000000000000000000
00000000000000000000000000000000
00000000000000000000000000000000
00000000000000000000000000000000
00000000000000000000000000000000
00000000000000000000000000000000
00000000000000000000000000000000
00000000000000000000000000000000
00000000000000000000000000000001
00110011000011101010101111001101
00010010001101001110011001101101
11011110111011000000000000000101
00000000000010110000000000000000
00000000000000000000000000000000
00000000000000000000000000000000
00000000000000000000000000000000
00000000000000000000000000000000
00000000000000000000000000000000
00000000000000000000000000000000
00000000000000000000000000000000
00000000000000000000000000000000
00000000000000000000000000000000
00000000000000000000000000000000
00000000000000000000000000000000
00000000000000000000000000000000
00000000000000000000000000000000
00000000000000000000000000000000
00000000000000000000000000000000
00000000000000000000000000000000
00000000000000000000000000000000
00000000000000000000000000000000
00000000000000000000000000000000
00000000000000000000000000000000
00000000000000000000000000000000
00000000000000000000000000000000
00000000000000000000000000000000
00000000000000000000000000000000
00000000000000000000000000000000
00000000000000000000000000000000
00000000000000000000000000000000
00000000000000000000000000000000
00000000000000000000000000000000
00000000000000000000000000000000
00000000000000000000000000000000
00000000000000000000000000000000
00000000000000000000000000000000
00000000000000000000000000000000
00000000000000000000000000000000
00000000000000000000000000000000
00000000000000000000000000000000
00000000000000000000000000000000
00000000000000000000000000000000
00000000000000000000000000000000
00000000000000000000000000000000
00000000000000000000000000000000
00000000000000000000000000000000
00000000000000000000000000000000
00000000000000000000000000000000
00000000000000000000000000000000
00000000000000000000000000000000
00000000000000000000000000000000
00000000000000000000000000000000
00000000000000000000000000000000
00000000000000000000000000000000
00000000000000000000000000000000
00000000000000000000000000000000
00000000000000000000000000000000
00000000000000000000000000000000
00000000000000000000000000000000
00000000000000000000000000000000
00000000000000000000000000000000
00000000000000000000000000000000
00000000000000000000000000000000
00000000000000000000000000000000
00000000000000000000000000000000
00000000000000000000000000000000
00000000000000000000000000000000
00000000000000000000000000000000
00000000000000000000000000000000
00000000000000000000000000000000
00000000000000000000000000000000
00000000000000000000000000000000
00000000000000000000000000000000
00000000000000000000000000000000
00000000000000000000000000000000
00000000000000000000000000000000
00000000000000000000000000000000
00000000000000000000000000000000
00000000000000000000000000000000
00000000000000000000000000000000
00000000000000000000000000000000
00000000000000000000000000000000
00000000000000000000000000000000
00000000000000000000000000000000
00000000000000000000000000000000
00000000000000000000000000000000
00000000000000000000000000000000
00000000000000000000000000000000
00000000000000000000000000000000
00000000000000000000000000000000
00000000000000000000000000000000
00000000000000000000000000000000
00000000000000000000000000000000
00000000000000000000000000000000
00000000000000000000000000000000
00000000000000000000000000000000
00000000000000000000000000000000
00000000000000000000000000000000
00000000000000000000000000000000
00000000000000000000000000000000
00000000000000000000000000000000
00000000000000000000000000000000
00000000000000000000000000000000
00000000000000000000000000000000
00000000000000000000000000000000
00000000000000000000000000000000
00000000000000000000000000000000
00000000000000000000000000000000
00000000000000000000000000000000
00000000000000000000000000000000
00000000000000000000000000000000
00000000000000000000000000000000
00000000000000000000000000000000
00000000000000000000000000000000
00000000000000000000000000000000
00000000000000000000000000000000
00000000000000000000000000000000
00000000000000000000000000000000
00000000000000000000000000000000
00000000000000000000000000000000
00000000000000000000000000000000
00000000000000000000000000000000
00000000000000000000000000000000
00000000000000000000000000000000
00000000000000000000000000000000
00000000000000000000000000000000
00000000000000000000000000000000
00000000000000000000000000000000
00000000000000000000000000000000
00000000000000000000000000000000
00000000000000000000000000000000
00000000000000000000000000000000
00000000000000000000000000000000
00000000000000000000000000000000
00000000000000000000000000000000
00000000000000000000000000000000
00000000000000000000000000000000
00000000000000000000000000000000
00000000000000000000000000000000
00000000000000000000000000000000
00000000000000000000000000000000
00000000000000000000000000000000
00000000000000000000000000000000
00000000000000000000000000000000
00000000000000000000000000000000
00000000000000000000000000000000
00000000000000000000000000000000
00000000000000000000000000000000
00000000000000000000000000000000
00000000000000000000000000000000
00000000000000000000000000000000
00000000000000000000000000000000
00000000000000000000000000000000
00000000000000000000000000000000
00000000000000000000000000000000
00000000000000000000000000000000
00000000000000000000000000000000
00000000000000000000000000000000
00000000000000000000000000000000
00000000000000000000000000000000
00000000000000000000000000000000
00000000000000000000000000000000
00000000000000000000000000000000
00000000000000000000000000000000
00000000000000000000000000000000
00000000000000000000000000000000
00000000000000000000000000000000
00000000000000000000000000000000
00000000000000000000000000000000
00000000000000000000000000000000
00000000000000000000000000000000
00000000000000000000000000000000
00000000000000000000000000000000
00000000000000000000000000000000
00000000000000000000000000000000
00000000000000000000000000000000
00000000000000000000000000000000
00000000000000000000000000000000
00000000000000000000000000000000
00000000000000000000000000000000
00000000000000000000000000000000
00000000000000000000000000000000
00000000000000000000000000000000
00000000000000000000000000000000
00000000000000000000000000000000
00000000000000000000000000000000
00000000000000000000000000000000
00000000000000000000000000000000
00000000000000000000000000000000
00000000000000000000000000000000
00000000000000000000000000000000
00000000000000000000000000000000
00000000000000000000000000000000
00000000000000000000000000000000
00000000000000000000000000000000
00000000000000000000000000000000
00000000000000000000000000000000
00000000000000000000000000000000
00000000000000000000000000000000
00000000000000000000000000000000
00000000000000000000000000000000
00000000000000000000000000000000
00000000000000000000000000000000
00000000000000000000000000000000
00000000000000000000000000000000
00000000000000000000000000000000
00000000000000000000000000000000
00000000000000000000000000000000
00000000000000000000000000000000
00000000000000000000000000000000
00000000000000000000000000000000
00000000000000000000000000000000
00000000000000000000000000000000
00000000000000000000000000000000
00000000000000000000000000000000
00000000000000000000000000000000
00000000000000000000000000000000
00000000000000000000000000000000
00000000000000000000000000000000
00000000000000000000000000000000
00000000000000000000000000000000
